penalty_calibration,policy,learner_seed,n_paths,mean_time_avg_signed_inventory,mean_time_avg_abs_inventory,mean_integrated_squared_inventory,mean_rms_inventory,mean_max_abs_inventory,mean_terminal_inventory,mean_abs_terminal_inventory,mean_squared_terminal_inventory,mean_n_inventory_boundary_contacts,mean_total_bid_fills,mean_total_ask_fills,mean_total_fills,mean_terminal_mtm_wealth_pre_penalty,mean_running_penalty_contribution,mean_terminal_penalty_contribution,mean_final_realised_objective,mean_mean_signed_inventory_event_weighted,mean_mean_abs_inventory_event_weighted,mean_fills,mean_raw_pnl,mean_full_objective,mean_running_penalty,mean_terminal_penalty,sd_final_realised_objective,se_final_realised_objective
high_penalty,belief_weighted,,500,0.02339986944190391,1.9769053792135574,6.56036305396311,2.4457247886535685,5.604,-0.024,2.468,9.764,0.0,31.324,31.348,62.672,43.7892709192449,0.6560363053963111,0.09764000000000002,43.03559461384857,0.030214764964116184,1.9878494191201652,62.672,43.7892709192449,43.03559461384857,0.6560363053963111,0.09764000000000002,25.405974058925096,1.1361897006070552
high_penalty,frozen_clone,,500,-0.002146644554761558,1.9852038275356654,6.63224909493972,2.4550811601265004,5.612,-0.038,2.426,9.446,0.0,31.32,31.358,62.678,43.674667345489986,0.663224909493972,0.09446,42.91698243599602,0.0032911313403172784,1.9952116249810519,62.678,43.674667345489986,42.91698243599602,0.663224909493972,0.09446,25.6069970155495,1.1451797205280583
high_penalty,hamilton_ppo,0.0,500,3.9397739614388647,5.7959647843230195,59.182755814145956,6.54254258407608,10.956,2.312,6.82,75.244,0.0,28.154,25.842,53.996,46.10915581476655,5.918275581414596,0.7524400000000001,39.438440233351955,3.928962959699867,5.806749926289451,53.996,46.10915581476655,39.438440233351955,5.918275581414596,0.7524400000000001,71.4992561663107,3.1975439425708347
high_penalty,hamilton_ppo,1.0,500,1.8485849233814984,2.4442590991000515,9.721829638570911,2.885595460684033,5.646,1.988,2.572,10.144,0.0,20.936,18.948,39.884,39.48616338121028,0.9721829638570911,0.10144000000000002,38.4125404173532,1.8639703361711026,2.460861244528244,39.884,39.48616338121028,38.4125404173532,0.9721829638570911,0.10144000000000002,30.626375328090393,1.3696531427606509
high_penalty,hamilton_ppo,2.0,500,4.093275858171488,4.865249496468983,43.61953300656409,5.690339225215998,10.368,6.414,7.658,90.254,0.0,24.956,18.542,43.498,42.63603319743389,4.361953300656409,0.90254,37.37153989677749,4.113575990096191,4.892592029293129,43.498,42.63603319743389,37.37153989677749,4.361953300656409,0.90254,64.85315529427916,2.9003212758671717
high_penalty,hamilton_ppo,3.0,500,2.938892076629684,4.886802179868353,45.7829849287637,5.843430915548685,11.16,6.618,9.402,129.798,0.0,25.398,18.78,44.178,39.16609985220651,4.57829849287637,1.29798,33.28982135933013,2.9696243810333955,4.924857851732606,44.178,39.16609985220651,33.28982135933013,4.57829849287637,1.29798,68.0666200468239,3.044031788466963
high_penalty,hamilton_ppo,4.0,500,-0.82452893644599,3.074535777739749,16.451220500794168,3.588966934851363,6.632,-1.164,3.912,25.272,0.0,17.744,18.908,36.652,42.36227930471125,1.6451220500794166,0.25271999999999994,40.46443725463183,-0.8213932289410079,3.094036104832151,36.652,42.36227930471125,40.46443725463183,1.6451220500794166,0.25271999999999994,40.66879877389928,1.818763972433978
high_penalty,oracle,,500,0.02663704417846763,1.977962988578311,6.5724123955341565,2.447628487713343,5.6,-0.022,2.454,9.694,0.0,31.358,31.38,62.738,43.91323394381578,0.6572412395534156,0.09694,43.159052704262365,0.03331584252140592,1.988498203278936,62.738,43.91323394381578,43.159052704262365,0.6572412395534156,0.09694,25.491218720711966,1.1400019577765437
high_penalty,return_lstm_ppo,0.0,500,-1.0533842003657843,3.409112323082556,21.253975842556194,4.054951601673415,7.806,-3.204,5.48,46.58,0.0,19.648,22.852,42.5,44.14306632243273,2.1253975842556203,0.4658,41.551868738177106,-1.0528116280048447,3.4308408327461515,42.5,44.14306632243273,41.551868738177106,2.1253975842556203,0.4658,45.55139332255732,2.0371202387813634
high_penalty,return_lstm_ppo,1.0,500,2.333224934400605,4.697505789385436,40.993713763237785,5.430763174474489,9.57,3.566,7.314,83.87,0.0,23.742,20.176,43.918,42.80691065472817,4.099371376323778,0.8387,37.868839278404394,2.3433599179191975,4.726876341759546,43.918,42.80691065472817,37.868839278404394,4.099371376323778,0.8387,62.759039294540734,2.8066695613034702
high_penalty,return_lstm_ppo,2.0,500,3.92027406957692,6.91383478825161,92.88053110185105,8.180597696687908,14.904,6.854,13.574,258.278,0.0,25.782,18.928,44.71,41.82299330492254,9.288053110185109,2.5827799999999996,29.952160194737434,3.939114713639814,6.960163517275387,44.71,41.82299330492254,29.952160194737434,9.288053110185109,2.5827799999999996,97.16839957314065,4.34550293420808
high_penalty,return_lstm_ppo,3.0,500,-2.0403428655866627,4.949584879040724,45.742092593961736,5.791796432367908,10.418,-4.002,8.694,111.786,0.0,19.008,23.01,42.018,43.40955820610383,4.574209259396174,1.1178599999999999,37.71748894670765,-2.0478633601162284,4.990193589543271,42.018,43.40955820610383,37.71748894670765,4.574209259396174,1.1178599999999999,68.96780651188094,3.0843340723923687
high_penalty,return_lstm_ppo,4.0,500,-0.777982339995863,2.396766992378033,10.109884602152118,2.875156975286414,5.73,-0.098,2.97,13.89,0.0,17.542,17.64,35.182,39.067349371861546,1.010988460215212,0.13889999999999997,37.91746091164632,-0.7626551166329407,2.4120997849286385,35.182,39.067349371861546,37.91746091164632,1.010988460215212,0.13889999999999997,32.56979923300249,1.4565657019702816
high_penalty,return_mlp_ppo,0.0,500,-3.2203825358702707,5.566193988010835,61.476580906639484,6.515055735724504,11.568,-6.294,10.106,157.566,0.0,16.878,23.172,40.05,42.0106684705038,6.14765809066395,1.5756599999999998,34.28735037983984,-3.2380660424794754,5.612358470892908,40.05,42.0106684705038,34.28735037983984,6.14765809066395,1.5756599999999998,81.52737783631007,3.6460151773859804
high_penalty,return_mlp_ppo,1.0,500,-0.0746251289320739,3.0629724924032877,16.342882331871568,3.606718802506908,6.808,-0.708,4.3,28.528,0.0,19.572,20.28,39.852,41.525518040365235,1.6342882331871567,0.28528,39.605949807178085,-0.0764005943887089,3.0887367226803173,39.852,41.525518040365235,39.605949807178085,1.6342882331871567,0.28528,38.617301101775865,1.7270182074229672
high_penalty,return_mlp_ppo,2.0,500,4.537134418240565,5.2490323072635094,48.75432071778663,6.107492008337927,10.678,8.044,9.0,112.228,0.0,21.354,13.31,34.664,38.24730974381221,4.875432071778663,1.1222800000000002,32.24959767203355,4.569588146710859,5.280498165511493,34.664,38.24730974381221,32.24959767203355,4.875432071778663,1.1222800000000002,70.30476501581964,3.1441246743504356
high_penalty,return_mlp_ppo,3.0,500,4.240877766319564,5.029100407100053,41.287071548505885,5.665559559287483,8.988,6.352,7.552,78.236,0.0,16.996,10.644,27.64,34.85240774100892,4.128707154850589,0.7823600000000002,29.941340586158322,4.264356075463512,5.059415306209239,27.64,34.85240774100892,29.941340586158322,4.128707154850589,0.7823600000000002,64.31048279545777,2.8760522239294857
high_penalty,return_mlp_ppo,4.0,500,-5.635693957220547,6.248974212984778,63.86708151631066,6.976625619429444,11.12,-7.26,8.24,100.544,0.0,19.412,26.672,46.084,45.204808123342836,6.386708151631066,1.00544,37.812659971711774,-5.639429471700399,6.263520020488589,46.084,45.204808123342836,37.812659971711774,6.386708151631066,1.00544,83.09905425432069,3.716302683572083
original,belief_weighted,,500,0.1396722636365706,3.14699571628185,17.425830029856158,3.7836612490800055,7.844,0.156,4.592,32.972,0.0,31.918,31.762,63.68,46.38181529940014,0.17425830029856154,0.032972,46.17458499910157,0.1450746483082197,3.169743376011877,63.68,46.38181529940014,46.17458499910157,0.17425830029856154,0.032972,37.97503144001718,1.698295034951403
original,frozen_clone,,500,0.11788755291921242,3.1441320588618527,17.39047219497939,3.7773266739052462,7.826,0.124,4.584,32.832,0.0,31.888,31.764,63.652,46.52048606599882,0.1739047219497939,0.03283200000000001,46.31374934404902,0.12347711965425781,3.16650564225838,63.652,46.52048606599882,46.31374934404902,0.1739047219497939,0.03283200000000001,37.74040851257046,1.6878023786543854
original,hamilton_ppo,0.0,500,2.0724940383582724,4.159038721417443,31.25999875467291,4.941594114827594,9.362,4.2,7.344,77.92,0.0,22.852,18.652,41.504,42.57882275423564,0.312599987546729,0.07792000000000002,42.18830276668891,2.090009716799986,4.187157898049688,41.504,42.57882275423564,42.18830276668891,0.312599987546729,0.07792000000000002,53.71321288190375,2.4021279058770832
original,hamilton_ppo,1.0,500,2.028656238057516,4.824400298034664,42.82930709407895,5.66917259810727,10.328,2.63,8.526,105.266,0.0,20.846,18.216,39.062,44.34094863489911,0.4282930709407895,0.10526599999999998,43.807389563958324,2.031902260614933,4.856682793466482,39.062,44.34094863489911,43.807389563958324,0.4282930709407895,0.10526599999999998,62.485684796208574,2.794444776498949
original,hamilton_ppo,2.0,500,1.852076697580594,5.250932940121097,54.23812826435447,6.3604564821786065,12.614,3.27,10.698,166.45,0.0,28.254,24.984,53.238,43.154401814151434,0.5423812826435447,0.16645,42.44557053150789,1.8561149089668296,5.300821727699027,53.238,43.154401814151434,42.44557053150789,0.5423812826435447,0.16645,71.11165574719395,3.1802099248657854
original,hamilton_ppo,3.0,500,-0.01734964195052129,4.311529669709034,35.64947129905307,5.169565287961288,9.938,0.212,8.44,102.108,0.0,18.114,17.902,36.016,41.17912503173538,0.35649471299053054,0.102108,40.720522318744855,-0.021179581245299686,4.347842916400423,36.016,41.17912503173538,40.720522318744855,0.35649471299053054,0.102108,59.924337161026195,2.6798978279734267
original,hamilton_ppo,4.0,500,-0.6371866259403836,5.306717817601458,53.14336022435861,6.341047592643281,11.986,-2.302,10.47,153.402,0.0,20.934,23.236,44.17,44.55584467979708,0.531433602243586,0.15340199999999998,43.871009077553495,-0.6546439316578615,5.3526446487629755,44.17,44.55584467979708,43.871009077553495,0.531433602243586,0.15340199999999998,71.35292581037353,3.1909998501098897
original,oracle,,500,0.13365708364174483,3.1611327059742207,17.55518866468194,3.798366513863637,7.856,0.148,4.592,33.092,0.0,31.936,31.788,63.724,46.48607601754446,0.17555188664681937,0.033092,46.277432130897644,0.1394171393326597,3.1820730189244477,63.724,46.48607601754446,46.277432130897644,0.17555188664681937,0.033092,38.4053935697588,1.7175414144922796
original,return_lstm_ppo,0.0,500,-9.989428087991318,10.081804615614601,154.3934834680948,11.585308261905778,19.442,-17.326,17.346,355.278,0.0,18.662,35.988,54.65,48.90339895187315,1.5439348346809478,0.35527800000000004,47.004186117192205,-10.03259755749898,10.12599701940901,54.65,48.90339895187315,47.004186117192205,1.5439348346809478,0.35527800000000004,125.85922113174674,5.628595480915274
original,return_lstm_ppo,1.0,500,-2.3267280555396854,3.774720663988197,26.212616437406126,4.406376709224254,8.056,-3.466,5.73,51.33,0.0,17.024,20.49,37.514,41.56693519613811,0.2621261643740613,0.05133000000000001,41.25347903176405,-2.3283047832757875,3.801178834479019,37.514,41.56693519613811,41.25347903176405,0.2621261643740613,0.05133000000000001,49.660215887206924,2.220872370022194
original,return_lstm_ppo,2.0,500,0.6480513030436578,4.232654410615636,32.73957213889315,4.9520479948800915,9.026,2.568,6.86,72.496,0.0,20.756,18.188,38.944,38.39838221837011,0.32739572138893147,0.072496,37.99849049698118,0.6640123008502667,4.256341641451069,38.944,38.39838221837011,37.99849049698118,0.32739572138893147,0.072496,53.50951993307626,2.3930184802747703
original,return_lstm_ppo,3.0,500,-6.378822418934035,6.7806382371008125,74.1193911090594,7.717471202169225,12.76,-10.206,10.578,149.006,0.0,17.344,27.55,44.894,44.901127461575825,0.7411939110905942,0.14900600000000003,44.01092755048523,-6.4037097084760894,6.80760418066676,44.894,44.901127461575825,44.01092755048523,0.7411939110905942,0.14900600000000003,87.70353649532805,3.9222213894137434
original,return_lstm_ppo,4.0,500,-10.583417895440842,10.664683871713041,162.3290590793332,11.880747114370315,18.48,-14.64,14.7,268.168,0.0,23.688,38.328,62.016,48.186899961236726,1.623290590793332,0.268168,46.2954413704434,-10.60936941915796,10.691722703667905,62.016,48.186899961236726,46.2954413704434,1.623290590793332,0.268168,128.84213865392002,5.761995607932368
original,return_mlp_ppo,0.0,500,-9.32015388520926,9.42252708837469,132.5973603137335,10.540659492755326,16.462,-12.934,13.026,217.918,0.0,19.552,32.486,52.038,48.12418727033979,1.3259736031373355,0.217918,46.580295667202456,-9.333779821158082,9.43733695237674,52.038,48.12418727033979,46.580295667202456,1.3259736031373355,0.217918,117.76242893907263,5.2664959260650965
original,return_mlp_ppo,1.0,500,-3.255551052112952,4.742662095152698,41.14181748928285,5.475860096017315,9.588,-4.826,7.362,83.446,0.0,17.91,22.736,40.646,41.95296185028675,0.41141817489282845,0.08344599999999999,41.458097675393915,-3.2510769912546946,4.765722471075423,40.646,41.95296185028675,41.458097675393915,0.41141817489282845,0.08344599999999999,65.64253234068165,2.935623290579851
original,return_mlp_ppo,2.0,500,-8.065177518800061,8.220086321729138,101.56849306509139,9.195078095782694,14.388,-11.246,11.502,171.354,0.0,15.902,27.148,43.05,44.93768585302854,1.015684930650914,0.17135399999999998,43.75064692237762,-8.075103068301042,8.231274245399565,43.05,44.93768585302854,43.75064692237762,1.015684930650914,0.17135399999999998,103.41013174862003,4.624641683042471
original,return_mlp_ppo,3.0,500,-10.725166456788026,11.126906920156957,206.80482886687895,12.975476523473063,22.29,-20.576,20.928,539.08,0.0,19.054,39.63,58.684,51.385396391601255,2.0680482886687894,0.5390799999999999,48.778268102932465,-10.779704580255627,11.18654396937308,58.684,51.385396391601255,48.778268102932465,2.0680482886687894,0.5390799999999999,146.90369113060885,6.569732790273486
original,return_mlp_ppo,4.0,500,-13.111192330081286,13.737532117443706,306.57374393187223,16.234352684358743,28.402,-27.148,27.856,884.764,0.0,13.464,40.612,54.076,49.33951255360035,3.0657374393187222,0.884764,45.38901111428162,-13.205830003289064,13.83489348521765,54.076,49.33951255360035,45.38901111428162,3.0657374393187222,0.884764,176.347292697163,7.886490682378174
