learner_seed,timestep,policy_hash,wall_clock_elapsed_seconds,log_std_bid,log_std_ask,action_std_bid,action_std_ask,n_eval_seeds,det_mean_objective,det_std_objective,det_se_objective,det_mean_raw_pnl,det_loss_rate,det_mean_quoted_spread,det_median_quoted_spread,det_mean_fills,det_mean_abs_inventory,det_mean_signed_inventory,det_terminal_abs_inventory,det_terminal_signed_inventory,det_running_penalty,det_terminal_penalty,det_frac_near_bound,stoch_mean_objective,stoch_std_objective,stoch_se_objective,stoch_mean_raw_pnl,stoch_loss_rate,stoch_mean_quoted_spread,stoch_median_quoted_spread,stoch_mean_fills,stoch_mean_abs_inventory,stoch_mean_signed_inventory,stoch_terminal_abs_inventory,stoch_terminal_signed_inventory,stoch_running_penalty,stoch_terminal_penalty,stoch_frac_near_bound
0,16000,5b21268bd9224004a22ea65fb6c97e3b80c9e2bf612175d5d3b33dfdbe41d8c2,56.98522305488586,-1.5197045803070068,-1.49713134765625,0.2187765091657638,0.2237711548805236,50,41.94057756718819,44.90955202130951,6.351169754863595,42.099537943633415,0.08,3.12177721608439,3.1254931267298254,29.08,2.797119404018862,0.5024352293515658,4.12,1.16,0.1342003764452165,0.02476,0.0,33.88999972500308,47.40318623634153,6.703822887513183,34.0974579186443,0.12,3.1288550657606597,3.140469599745012,32.46,3.0367738944068883,0.9545387236115884,4.7,1.74,0.1726781936412122,0.03478,0.0
0,32000,db1887d196e57991ecd445f22fadc26f142d3c0a57568e7fa92d1e011459d9e9,105.84785866737366,-1.5345863103866575,-1.4934295415878296,0.2155448347330093,0.2246010601520538,50,39.9937633542481,38.4976711411242,5.444392864755715,40.14822711840527,0.08,3.127235108124174,3.130518415551143,28.6,2.7872074131744724,0.6530479264678009,4.04,1.32,0.1305437641571672,0.02392,0.0,39.855570457524216,48.755987781496046,6.895137916748862,40.12640856677326,0.1,3.1392494959196835,3.14000455958645,33.26,3.416957849512636,1.4843430480888085,5.3,2.94,0.224978109249042,0.04586,0.0
0,48000,50504449d453f590ffa4337aa7fd31acbd9d0efb163819118387d5df329dcbc9,146.7203118801117,-1.5629674196243286,-1.4986835718154907,0.2095134258270263,0.2234240770339965,50,43.0053607170584,45.80364734764724,6.477613928519716,43.18501425601178,0.08,3.1371359855192806,3.136790964975357,30.04,2.947558842052755,0.6398862653850553,4.44,1.48,0.151213538953377,0.02844,0.0,40.90321868927864,44.72613822962857,6.325231127691449,41.09750213004566,0.04,3.149358727616532,3.15114190008479,34.96,2.9754083981947854,1.2040699477632166,4.8,2.56,0.1604034407670226,0.03388,0.0
0,64000,d7b6eeaf578741b107657ddce8ed44466be8548b847b907e03081218105ad61b,188.60878014564517,-1.580245018005371,-1.5100773572921753,0.2059246301651001,0.2208928912878036,50,43.1250501918764,46.997519661148736,6.646452970269273,43.31200023352282,0.06,3.069393601223916,3.0705995843914997,30.1,2.9250848911408207,0.1934880931177362,4.5,0.34,0.1556900416464194,0.0312599999999999,0.0,38.29893623227153,43.79808738054684,6.193984917957124,38.53433829792779,0.14,3.063023818343324,3.050491821834815,34.06,3.3437742221113367,-0.3196618342856592,4.74,-0.34,0.1994220656562626,0.03598,7.06713780918728e-05
0,80000,bd46821102a1367841c1fb8a5369ebdfa11157d79db29cdd4d100e7d8e5fc9e5,229.5859944820404,-1.588238000869751,-1.5015008449554443,0.2042852491140365,0.2227955162525177,50,42.25562198195146,46.74627396185255,6.610921462726015,42.43178487607904,0.06,3.0710065035435044,3.07163760976504,30.3,2.875293668836508,0.1768827287851339,4.22,0.34,0.1482228941275817,0.0279399999999999,0.0,37.12051055397389,38.328795503726,5.420510243079421,37.33481036850087,0.14,3.0678705701124427,3.0717982179540977,34.1,3.196339294489874,-0.4098804113988925,5.02,-0.46,0.1775998145269769,0.0367,0.000152964230353
0,96000,e4b74db1707422c7b5fb319a7ee23549d2b7136c084c75c651dc1f77fc931aef,271.60638976097107,-1.6117595434188845,-1.5168132781982422,0.1995362192392349,0.2194099724292755,50,42.95798841810725,47.43142179678793,6.707815998765632,43.1513136402947,0.06,3.118813154510784,3.1190341581583656,30.08,3.0219183413609354,0.8741776473187752,4.6,1.4,0.1626052221874553,0.03072,0.0,40.15749153487167,42.70929515823641,6.040006445217349,40.411484479728216,0.12,3.123989427564608,3.1286713350990234,34.14,3.4418015329268714,1.3264874648212546,5.06,1.9,0.2139329448565476,0.04006,7.06713780918728e-05
0,112000,0224233a17a177592b33d713eed2b53d950e1daa1e91bf4cf80b8bf0f04559bf,314.8724436759949,-1.6357636451721191,-1.5241336822509766,0.1948035359382629,0.2178096622228622,50,42.94090743658879,41.09518102692705,5.811736235645773,43.08693725584722,0.08,3.033953982216452,3.0352123786412606,29.92,2.6119889733592627,0.0242130486650613,3.76,-0.24,0.1227098192584313,0.0233199999999999,0.0,40.30591598871402,47.84362882338035,6.7661108755168815,40.4900301771114,0.08,3.034254305147527,3.0282316976529406,32.92,2.985471944568812,-0.2708826220268168,4.32,-0.72,0.1553941883973867,0.02872,0.0
0,128000,56883e67335aa6c010bf1bfe70b1602c7846db64a2e9ab95675ef2b114225acd,355.8381497859955,-1.6231833696365356,-1.5226391553878784,0.1972697228193283,0.2181354463100433,50,43.949089193182445,43.93320946386004,6.213094066236888,44.125926730169446,0.04,3.0053241470234284,2.996752336218353,29.94,2.851232168330592,-0.3417763950190731,4.3,-0.78,0.1471775369870201,0.02966,0.0,41.83450407099889,43.99045420066048,6.2211896945526535,42.04093826216626,0.14,2.998602018205037,2.9954000614052454,33.74,3.366047015534674,-0.6984301922704048,5.26,-1.58,0.172334191167373,0.0341,0.0
0,144000,b0c54b254761ab4ec592366a86bb14084133272bd106721ea87dfefba65a14ae,398.1116075515747,-1.6443182229995728,-1.5336211919784546,0.1931442022323608,0.215752974152565,50,44.04269986878516,38.94909166091383,5.508233366897716,44.18775597497166,0.06,3.012181456683278,3.013786670992889,30.76,2.59233194382003,-0.3139621795045855,3.72,-0.88,0.1221761061865034,0.0228799999999999,0.0,41.56637327707495,40.8514443007769,5.777266657268776,41.75866934909606,0.06,3.007627397864371,3.008539100931177,34.18,3.1832245773855914,-1.1597864482691636,4.38,-2.26,0.1631960720211039,0.0291,0.0
0,160000,e424f557dc46420bf363a9e2a3874bcd76a641edc834cbd461b98972dd237d45,438.921555519104,-1.669993877410889,-1.5585869550704956,0.1882482171058654,0.2104332149028778,50,42.76591983495759,39.9225265014862,5.645897842260109,42.894393463413664,0.04,3.0214973067181905,3.022433344610125,31.58,2.502485800960582,-0.5035798144482524,3.38,-0.86,0.1098136284560718,0.01866,0.0,38.56040342314531,38.61195634251352,5.460555232934047,38.734909136116414,0.14,3.0231709232372204,3.028611087961944,35.08,2.965660764792338,-0.6671326037293055,4.08,-1.24,0.1497057129711057,0.0248,0.0
0,176000,7921f09811d113ba7ee9c658ff43d283037943c05cf4d86e9ab36483769ba5db,480.3069977760315,-1.6771262884140017,-1.5745750665664673,0.186910331249237,0.2070955336093902,50,43.7391055067239,42.23373656942543,5.972752304617399,43.87743624692748,0.04,3.0062033635577463,3.003984324821127,32.08,2.5892195927824178,-0.8058126112812097,3.64,-1.48,0.1180107402035851,0.02032,0.0,39.964193527573165,31.98009254626152,4.522668060486976,40.12934007613908,0.06,3.006416734594473,3.00252352268528,36.28,2.9713718689047925,-0.9711562401254202,3.68,-1.92,0.1435065485659096,0.02164,0.0
0,192000,487b562437e23c1f3cd2a5be779a28cef116d8b331864785225d9f8f89f8c875,521.2590894699097,-1.6710965633392334,-1.5901645421981812,0.1880407631397247,0.2038920521736145,50,43.10190709949108,43.98240909458608,6.22005194474054,43.248743742038535,0.08,3.01570563673635,3.0143110598536644,32.22,2.704482826343997,-0.5749654925706266,3.7,-0.98,0.1250566425474502,0.02178,0.0,40.74319761468604,37.28368049688597,5.272708661388139,40.94469574023917,0.08,3.0198722921571943,3.022474812463817,36.1,3.083794223659804,-0.6998990251072347,4.34,-1.02,0.1684781255531316,0.03302,0.0
0,200000,f2e54c5182a40dff248d56c390b834867c4e6a76bdab7ce3230e9ee7420d734a,552.9100775718689,-1.669044017791748,-1.6009129285812378,0.1884271055459976,0.201712280511856,50,43.662001239247694,40.940863452692064,5.789912435006209,43.80592689074635,0.04,3.029208386747033,3.0286780282659427,33.78,2.726331101536477,-0.4496513562769194,3.46,-0.86,0.1245056514986432,0.01942,0.0,42.75369394479507,35.77678344857192,5.059601237105568,42.90485174161509,0.06,3.033363718645947,3.030318929282836,37.1,2.7684997285909465,0.1202301387208712,3.58,-0.18,0.131897796820022,0.01926,0.0
0,300000,2f597e2eaccc405ebe810e701d7b1f06d5648c02f58cf43d093d0c83791d9545,700.515549659729,-1.691094994544983,-1.7130197286605835,0.1843175739049911,0.1803204417228698,50,42.70258682267282,43.645347187802265,6.172384192747239,42.86860411722759,0.06,2.94462982954722,2.9433037121210326,32.74,2.8717938559402865,-1.4460538936405,4.18,-2.82,0.1392372945547696,0.0267799999999999,0.0,38.07077321909106,44.75687397245407,6.329577818126793,38.24847082988621,0.14,2.9443563437424443,2.9442540625188194,34.88,2.881559893413821,-1.7726249133366818,4.56,-3.16,0.145937610795151,0.03176,0.0
0,400000,1e27bb759d6e5d70b25a42246c68b138db9612bd9711fe8de05b8a4ce95177e4,865.5758666992188,-1.7064231634140017,-1.717792510986328,0.1815138757228851,0.1794618666172027,50,45.7948425633071,57.085005467696426,8.073038894055857,46.06970248455887,0.1,2.910307173925324,2.9084086915628,37.14,3.7648826476863975,-1.8313793596060617,5.82,-3.98,0.2277199212517726,0.0471399999999999,0.0,42.70699174461298,57.37284217361817,8.113745151382188,42.9876199584948,0.08,2.910995045820487,2.916002412227364,40.22,3.7058368638171095,-2.02184870268668,5.9,-4.58,0.2296882138818404,0.05094,0.0
0,500000,c988290680a1529ab45382e612fdf644b0d9b258b411f7b543edc43bc968c5d4,1025.2900607585907,-1.7849005460739136,-1.7494882345199585,0.1678137481212616,0.1738629043102264,50,44.45556392469579,69.44877154610829,9.821539461065704,44.877101677543486,0.18,2.8047199777794742,2.806632310866532,38.58,4.741955417405424,-4.3878133744275685,7.66,-7.66,0.3469177528477021,0.07462,0.0,39.98689702090939,55.61796072454873,7.865567436819094,40.48042560724214,0.22,2.805293548570769,2.801083301477181,41.44,5.079493074260656,-4.832242805967971,8.28,-8.28,0.4058885863327436,0.08764,0.0
0,600000,fa0db16d0ca66e59675d2d759128b29258f99640c2d48a8a94b9aed4208edbb2,1201.7850778102877,-1.863505721092224,-1.8337286710739136,0.1551278382539749,0.1598165482282638,50,41.20375658266735,60.4574621609021,8.549976293460595,41.63923343668274,0.22,2.7869623548004894,2.791936363467625,37.42,5.0155648666798776,-4.915471039060808,7.86,-7.86,0.3634968540153994,0.07198,0.0,43.51177500238773,72.76507607378434,10.29053574506558,43.991298674903625,0.2,2.7868816149176983,2.785577224129791,40.84,5.182285885874564,-5.052640923387562,8.4,-8.4,0.3964436725158906,0.08308,0.0
0,700000,caa8180cd1aed072dc3ed7cf9f4048f453c19027936aa913deee0813e861d0b5,1395.8388974666595,-1.857201337814331,-1.888054132461548,0.1561089158058166,0.1513660550117492,50,42.41352458404741,73.58795196171413,10.406907969151591,43.14234067053143,0.26,2.71026265788712,2.7144574987986108,41.32,6.402614811061494,-6.329961763364028,10.96,-10.96,0.5906960864840238,0.13812,0.0,35.14272272001317,81.72838833383943,11.558139521261076,35.99420709133115,0.26,2.715380378045114,2.7158804621153347,43.98,6.92627373200135,-6.785054610287553,11.5,-11.5,0.6978643713179765,0.15362,0.0
0,800000,e645165af389e01c94bd61d050d2ca910da769481cd4ca7266d7c85e8ae03cd6,1583.6024012565613,-1.8904510736465452,-1.976052045822144,0.1510036885738372,0.1386153995990753,50,43.860355175276425,61.696471438014,8.725198665820368,44.35387635381974,0.16,2.792959244876584,2.793578507381262,42.5,4.96740381593119,-4.357778840424737,8.62,-8.5,0.3977811785433108,0.09574,0.0,38.74471658120425,63.492927598073656,8.979255932396875,39.30573874445518,0.24,2.79514738152094,2.7935975355326805,44.66,5.415144188153769,-4.796484089523404,9.22,-9.06,0.454322163250922,0.1067,0.0
0,900000,7a2bbe91ff081d259634cc0d22d5be34475e9ba4a28f51051e0e9f3be21a4ce1,1803.818610906601,-1.9066729545593264,-1.9990533590316768,0.1485738754272461,0.135463461279869,50,44.644630326647686,49.81774404141826,7.0452929270205145,44.92482882183614,0.08,3.0020584981221226,3.0031208208770144,41.68,3.667760982473687,-0.5412097839492409,5.44,-1.92,0.2344384951884511,0.0457599999999999,0.0,40.45661077115708,45.638399083472365,6.454244294884244,40.72765042825679,0.06,3.001601354840202,3.002336126557946,43.76,3.591792423647141,0.0248852728531551,5.28,-1.08,0.2269596570997065,0.04408,0.0
0,1000000,9a9b4d57c8ea85663696fe858bfb59e073ab0ff6865933130bc15194c02c98fb,1991.4889569282527,-1.95441997051239,-2.1110732555389404,0.141646608710289,0.1211079210042953,50,47.61094960691963,54.07679390120291,7.6476135344735825,48.01409413764902,0.1,3.200560170610749,3.2038959448203004,41.42,4.242969701409018,2.232271854757571,7.3,4.22,0.3280845307293816,0.0750599999999999,0.0,45.578031323681046,53.310923641402354,7.539303123630767,46.0567232602871,0.12,3.2125093340451074,3.219110321571746,43.32,4.39656020985561,2.7715437623905173,8.24,5.12,0.3849719366060568,0.09372,0.0
1,16000,e990742f4234f778eaa8659371e62f5964160201499cb1674f4b1e0fbd9efc8a,55.27486181259155,-1.5110477209091189,-1.5374157428741455,0.2206786274909973,0.2149358540773391,50,41.75478331184311,41.20773449822725,5.827653700206264,41.89102770993838,0.08,3.034931295675798,3.0345081893049444,28.46,2.6092571556973017,-0.3295287548691834,3.7,-0.42,0.1161443980952792,0.0201,0.0,34.496960789333485,41.83071685539608,5.9157567100689965,34.625411237685,0.08,3.036790968951725,3.035859260231497,31.42,2.5577927846601547,-0.1285823064853881,3.62,-0.3,0.1090704483515149,0.01938,0.0
1,32000,c013d97c699049a79f9f095bac9a27cdba1935aff60c8abc6b9298d090b91512,106.96030616760254,-1.535228252410889,-1.5378280878067017,0.215406522154808,0.2148472070693969,50,42.33045447922636,43.47008582026433,6.147598492454018,42.47008036137492,0.08,3.051260944044041,3.0510033142424025,28.36,2.6355542339137923,-0.080541577377103,3.76,-0.12,0.1183458821485606,0.0212799999999999,0.0,38.89823737129089,39.595640432276646,5.599669171017411,39.07641655764557,0.08,3.0553608617625905,3.0527751632544198,32.26,2.8599917579344547,0.4132325610695281,4.06,0.74,0.1527991863546819,0.02538,0.0
1,48000,ea629fcfbc5c066e3f26b2282480ead6bbcc7f31133ba88a4b51a37af26a2165,160.92154216766355,-1.5609886646270752,-1.5391793251037598,0.2099284082651138,0.2145571112632751,50,40.36841579325744,40.63087215518363,5.746073045290803,40.52387961036142,0.08,3.095516957282828,3.0968206576327955,29.74,2.7848782313864264,0.3463485850133607,3.94,0.66,0.1319638171039759,0.0235,0.0,40.59654609473567,45.98093463822145,6.502686137596359,40.75883292122938,0.06,3.102707355827357,3.1042939020591938,33.88,2.864768191588399,0.7334482315656211,4.0,1.2,0.138686826493725,0.0236,0.0
1,64000,3cbf2f652d4d0f980b5597c8afe7141d4fcd03a8f936ef057cab00cdbdc4f5cf,217.1836178302765,-1.5741312503814695,-1.5479122400283811,0.2071874588727951,0.2126915454864502,50,42.827817326779865,44.45802127950857,6.287313664975268,42.993028885381534,0.06,3.0445571463977443,3.0432764584654786,29.74,2.806941109852842,-0.0606947394366865,4.22,-0.26,0.1379515586016823,0.02726,0.0,38.59267405182539,39.95303232422961,5.650212017085617,38.77634230698899,0.12,3.0439849083467494,3.0379163341008626,33.34,3.064539699824224,-0.4305807473459864,4.1,-0.7,0.1578082551635996,0.0258599999999999,0.0
1,80000,7a9b22a0bffb795014d95765ce7089a985651f9e6f2f449a88b107faf450ef8d,267.80509996414185,-1.5821555852890017,-1.5384186506271362,0.2055315673351287,0.2147203683853149,50,42.01249242390052,40.39987527937002,5.7134051538266615,42.17529214779297,0.06,3.068748081412011,3.0707925598035195,30.76,2.7904970528292488,0.1472193866325808,4.04,0.24,0.1369197238924444,0.02588,0.0,36.970744579126425,38.25812394667364,5.410515775633675,37.183979443815886,0.14,3.068364083182139,3.0744296237699595,34.46,3.252729122145075,-0.406814832074203,5.02,-0.62,0.1771348646894585,0.0361,7.662835249042145e-05
1,96000,7c9602d2892eb027e3000c33717cdb5441a1bb06de362578551b0087d310c2f2,323.99347138404846,-1.6035171747207642,-1.5541356801986694,0.2011876702308654,0.2113719880580902,50,42.12343440956823,47.103611132923845,6.661456570092921,42.32229380915695,0.06,3.1236198009213307,3.1198853468475445,31.1,3.158623240677741,1.236105833437623,4.46,1.78,0.1694393995887207,0.02942,0.0,37.55422656242101,44.08404729685287,6.234425757150631,37.81439133045316,0.14,3.1260861544124885,3.12647888796124,34.9,3.5615213445597185,1.5522783951596677,5.14,1.98,0.2219447680321463,0.03822,0.0
1,112000,3ffa112d854ce380368ffd490cbcdab1010df06e5b940fa6613ffd9d544dec20,381.4490292072296,-1.6253474950790403,-1.5579349994659424,0.1968432664871215,0.2105704694986343,50,44.60147317499754,39.22879434302756,5.547789299545452,44.75264410116948,0.06,3.061589919490085,3.0603531806445496,31.02,2.7128899494865584,0.5708476310618584,3.82,0.5,0.1285909261719263,0.02258,0.0,39.26108253150518,42.28981590015307,5.980683119625783,39.42501605866105,0.1,3.0623005748571126,3.0597779335920188,34.26,2.8707438798243827,0.4657517608475994,3.98,0.3,0.1399535271558625,0.02398,0.0
1,128000,208109cfcdbcc29d81da449b016d2b010995b8f2f058f6ff6a0ff83c2ab8af2c,453.9184155464173,-1.6220680475234983,-1.5518946647644043,0.197489857673645,0.2118462175130844,50,43.88981998743033,44.357610357028186,6.273113416137052,44.04586560031817,0.06,3.0195799402846677,3.019183915750321,30.0,2.691501624725282,-0.1084630354405659,3.88,-0.56,0.1306456128878521,0.0254,0.0,42.91024119497195,40.08192782749026,5.668440593969629,43.079655063780585,0.12,3.016003766923125,3.022237866516384,34.22,2.9999086742011825,-0.336398447504838,4.5,-1.18,0.1429938688086379,0.02642,0.0
1,144000,a54a81242a2f8c6982c02407fd50e82c7a267b98157945019687d4f368d76519,516.2694752216339,-1.6497248411178589,-1.5601184368133545,0.1921027451753616,0.2101111859083175,50,43.55273866221855,39.82760800115674,5.632474339211505,43.69864189979635,0.06,3.0571043369980853,3.057924256392002,31.38,2.6425429427134803,0.0648411043662533,3.66,-0.18,0.1242032375778076,0.0217,0.0,42.39269162263941,39.01153497467058,5.517064185017147,42.561956575813454,0.08,3.0536571351984185,3.050500574736163,35.32,3.0238740499737014,-0.2964850880850596,3.92,-1.0,0.1462249531740559,0.02304,0.0
1,160000,d952151056938dbf87759faa66330655a4ea2ba519c6f6ca52b2f907f7160757,573.8784275054932,-1.674526333808899,-1.5878536701202393,0.1873969286680221,0.2043637782335281,50,43.88501254629181,36.53217587046981,5.166429857901753,44.01659946571336,0.06,3.046910826065138,3.049616862034074,31.48,2.501562885488501,-0.0225067445434714,3.36,-0.2,0.1130669194215653,0.01852,0.0,39.01127475032327,34.84028093626753,4.927159781695834,39.17030242180982,0.12,3.0468655192350425,3.045933099128033,34.92,2.802623527736279,-0.0139668544476869,3.76,-0.32,0.1367876714865569,0.02224,0.0
1,176000,4304d8e03ae25b709a82e11d23c0b78d182fe8c2746081b5d6c6bbee13083d13,624.0653049945831,-1.6852704286575315,-1.6035722494125366,0.1853943020105362,0.2011765837669372,50,44.14083513915645,40.84674311429723,5.776601809100898,44.28232386654442,0.04,3.045396588245607,3.045719454980221,32.6,2.635934602750565,-0.2414418796101617,3.4,-0.52,0.1220887273879871,0.0194,0.0,40.00016034985844,31.29148938895307,4.425284868071122,40.15917358306114,0.08,3.045376622017636,3.042856110056192,36.7,2.9478948135208123,-0.3386189231883451,3.42,-0.58,0.1398732332027131,0.01914,0.0
1,192000,db1a7d50f074ccf0c888ea0010a7a3f41e599f7177dac095db196db4ff5a5c15,671.6876072883606,-1.6857620477676392,-1.6178611516952517,0.1853031516075134,0.1983224153518676,50,44.826935831765056,40.37847117633041,5.710378156545756,44.98162710451906,0.06,3.066656323193734,3.064587986423906,32.5,2.780332743060985,0.2941440424706046,3.78,0.42,0.1330312727540058,0.0216599999999999,0.0,39.13666784376324,40.18584850590332,5.683137197251905,39.33532745382573,0.1,3.070919844233578,3.073381977495996,36.68,2.9294053993751543,0.1550768146509174,4.28,0.28,0.1678196100624888,0.03084,0.0
1,200000,cb8e60c53bc0d9f8ed816544fa126fa99cfa0e60c3d1dcab55ffc3c6b5738ba2,719.7499270439148,-1.6872801780700684,-1.6283823251724243,0.1850220710039138,0.1962467730045318,50,42.84729696720921,40.44823390070069,5.720244095641012,42.99628741639929,0.06,3.0644880281170206,3.063888141112729,34.02,2.7688741066565603,0.1762906766724201,3.5,0.06,0.1291704491900831,0.01982,0.0,41.75290529483287,34.88421415563379,4.933372877162482,41.89825053629056,0.08,3.06832148522062,3.061597041704702,37.1,2.794112908730587,0.7258249596786043,3.42,0.78,0.12856524145768,0.01678,0.0
1,300000,31475a2bda6160619d0eeeeb52cab8b6fb177344bf6df07d9ec4a11059988184,904.4464664459229,-1.7113142013549805,-1.6856187582015991,0.18062824010849,0.1853297054767608,50,42.11321785549424,54.667470480320034,7.731147817389941,42.37587304188467,0.08,3.1528358935082035,3.1493379630151,33.64,3.4510714570176897,1.2286342977499265,5.48,2.32,0.2177751863904312,0.04488,0.0,34.1461275211736,53.3890360995415,7.550349893399836,34.43650138601878,0.16,3.149534384660639,3.146900038547706,36.66,3.44941705402742,1.1724778725793776,5.66,2.38,0.2365938648451935,0.05378,0.0
1,400000,3a064e8313127342b3f85d0253f47052f50773eaee39e2c819e4fd0a5e06d00a,1082.5907125473022,-1.7330272197723389,-1.6759809255599976,0.1767485439777374,0.1871245205402374,50,47.97601385143575,58.16753366471341,8.226131499843127,48.372169854253855,0.1,3.10866070777983,3.117660652931801,35.5,4.135199140553831,1.3090814206089496,6.9,1.58,0.3250560028181088,0.0711,0.0,45.49783881492548,64.02884729110154,9.05504642221916,45.930175665812655,0.18,3.1159656858969744,3.125539558523906,39.28,4.366255200760379,1.4562964694328226,7.04,1.64,0.3555368508871821,0.0768,0.0
1,500000,6774304fa9174d2014d4b61b2ec5ce813a8c1018cb0fd5ee1d90fc9ea816f534,1279.1318531036377,-1.8322491645812988,-1.7151875495910645,0.1600531637668609,0.1799299716949463,50,47.36710009395119,49.21366405327804,6.959863115821906,47.58548216124121,0.04,2.9331448633259987,2.92864240441309,32.58,3.245605248099323,-0.9744678698775658,5.14,-2.62,0.1797620672900238,0.03862,0.0,40.79812156728714,45.22979829688823,6.396459417485884,41.07822925383006,0.12,2.9241990979815204,2.916601191572531,35.14,3.680256370430506,-1.3687953694436497,5.82,-3.22,0.2306076865429239,0.0495,0.0
1,600000,a3a972fa9bc30607b3eb9f38156d73ce0e8c130d37ac0c1af2fc6fb61e9eae41,1516.3249752521515,-1.9175772666931152,-1.8274729251861568,0.1469625830650329,0.1608194559812545,50,41.48660381273758,54.34706420755525,7.685835527748603,41.78712540892548,0.14,2.810252580866209,2.805772186010299,31.1,3.8098357105938265,-2.820975220970799,6.38,-5.3,0.245861596187901,0.05466,0.0,40.15033758807993,58.9930865208505,8.34288230440362,40.46604372135036,0.16,2.8064134704181254,2.807277131215009,33.48,3.8143490829810616,-2.985584368381658,6.44,-5.72,0.2570261332704261,0.05868,0.0
1,700000,e6ca933af3bc1068bbe32bb8fbea7b4489e637b476dab285710ad403acd70dee,1662.971037864685,-1.9269943237304688,-1.8884506225585935,0.1455851197242736,0.1513060480356216,50,45.90488454902098,68.27071888473539,9.654937655975376,46.30391215295982,0.12,2.7981738168932937,2.7923777762307624,33.94,4.290963874594273,-3.1724123342950707,7.42,-6.42,0.3186076039388476,0.08042,0.0,40.35850960640482,53.51733092589478,7.568493521740947,40.72289539022635,0.12,2.793680361220004,2.793904420505499,35.1,4.196632328925859,-3.373561098934064,7.5,-6.9,0.2908457838215146,0.07354,0.0
1,800000,1b4a1fdbbff57d7f10ef6c71f318af2f3a5c33bcf3ddaa21be3e47907c0a03b6,1812.7581510543823,-1.9692070484161377,-1.9300459623336792,0.1395674794912338,0.145141527056694,50,49.6464916676855,60.3918271117671,8.54069409579522,50.04841167541316,0.06,3.06094653875672,3.066063026366629,36.46,4.278362672703134,0.743469085023665,7.14,0.3,0.3290600077276365,0.07286,0.0,39.59217069568204,46.90728250593922,6.633691509396547,39.93411259201108,0.14,3.0524706982061423,3.0757664309098054,37.52,3.968772979568932,0.2497653491355563,6.8,-0.44,0.2765818963290419,0.06536,0.0
1,900000,d9b13639cf3ba5145e4d109dc3cd6b7d2bb91614db4d7acea4c4bc60a73e26cb,1973.9024596214292,-2.0178253650665283,-1.9551682472229004,0.132944256067276,0.1415406614542007,50,48.43116938999924,64.70252823744518,9.150319295322312,48.94688471526147,0.12,3.189825426052398,3.1801808607502142,38.12,4.684339568876479,2.8277810358599798,7.44,3.52,0.4291553252622225,0.0865599999999999,0.0,46.4734920952116,61.68557378277822,8.723657504637117,46.9673791589016,0.2,3.1928576669460567,3.204606080036065,40.06,4.930101962419831,2.989399782974768,7.82,3.82,0.4117470636900118,0.08214,0.0
1,1000000,72ff9dcdd89b02b61ad2abef8e83d2a835ae076108f61d9516560549d898e5bc,2124.0106942653656,-2.0763285160064697,-2.069277048110962,0.125389739871025,0.1262770444154739,50,48.785593588323245,69.88759773448761,9.883598855778756,49.29543301247544,0.12,3.1412876056849077,3.120287331241556,38.42,4.610099118805596,1.9589404604602232,8.06,2.18,0.4126594241521965,0.09718,0.0,49.596822603092605,49.73854152914363,7.0340920003172345,50.11520973430132,0.12,3.160633224348609,3.171511750670913,40.18,4.492855910129603,2.393712966934592,8.18,2.78,0.4167671312087095,0.10162,0.0
2,16000,8ead2897a52839e63fef7eea46e93d6c4cfceecdfd139e1acd356fa4f42d370e,45.56509733200073,-1.5111418962478638,-1.4964438676834106,0.2206578552722931,0.2239250540733337,50,40.43104284131494,31.07984804147932,4.395354261675492,40.551247244233416,0.08,3.065279654255781,3.062761234604587,28.46,2.4426260661202424,0.1883234822244863,3.22,0.3,0.1029844029184824,0.01722,0.0,35.04935824616352,40.000514574725926,5.656927021348006,35.16933436318953,0.1,3.0661902032122663,3.061912291603984,31.76,2.3758690246112337,0.3419511434795854,3.48,0.16,0.1011361170260133,0.01884,0.0
2,32000,b479d76de92b521d09349a7e3fe8c0cb7790f5feff1fa075d27ddc4c4ea78b44,86.88356518745422,-1.5391778945922852,-1.493710160255432,0.214557409286499,0.2245380282402038,50,40.04427907822767,31.74741681259711,4.489762742668645,40.16648264061239,0.08,3.090904808953918,3.089989338084492,28.1,2.4539657684370866,0.4478814264453548,3.26,0.7,0.1043035623847226,0.0179,0.0,37.90028643584652,36.43929567717689,5.153294614998685,38.05674155951877,0.08,3.0924717380675064,3.093454902858247,31.4,2.767512447662408,0.8806374622071731,3.92,1.32,0.1341751236722599,0.0222799999999999,0.0
2,48000,a29e6cebd6b53baf1382e74416c7cc866c6e516c1cbb31019cf68d8428e3a513,129.74656677246094,-1.5706783533096311,-1.4938238859176636,0.2079041004180908,0.2245124876499176,50,38.77447793721158,33.407351208039884,4.724512916137121,38.91045600176289,0.08,3.126315115867813,3.127105094177186,29.0,2.620448403307914,0.647862080997037,3.56,1.2,0.115818064551313,0.02016,0.0,40.34094999255869,39.97072012003859,5.652713449157772,40.49053794667198,0.04,3.129341633528969,3.124201674995178,33.38,2.6683030676414514,1.2935558081701364,3.7,2.06,0.1263679541132856,0.02322,0.0
2,64000,cca1efb31da5c7663a3ee9856ed97e843d3e96d8ee2377d71b9857492aa79b2e,176.8020441532135,-1.5800236463546753,-1.495693325996399,0.2059702277183532,0.2240931689739227,50,39.26445463654533,38.234901959109386,5.407231690657811,39.41228108167687,0.06,3.100189694479988,3.1012932442930183,28.86,2.706146765284611,0.6418686593010434,3.74,0.94,0.1255264451315436,0.0223,0.0,37.14443529716593,40.404456703959376,5.7140530651055865,37.32962143501203,0.12,3.102361926674279,3.1008317694534524,32.4,2.992797702204191,0.4942234362415628,3.96,0.48,0.1587861378460951,0.0263999999999999,0.0001368965436547
2,80000,3417f0b5042d4616b0354ee31e72d84f8a942dcb6313ac5a185b127af013db98,223.9380235671997,-1.590456247329712,-1.491006851196289,0.2038325816392898,0.2251458466053009,50,39.18308070615498,36.23386796105062,5.124242748775375,39.32948479906014,0.06,3.112957725836756,3.1131119558300893,29.32,2.6898457292489577,0.7167184682352157,3.64,1.08,0.1246840929051574,0.0217199999999999,0.0,38.51412226120137,35.92918415300097,5.081153951417445,38.68037372892956,0.12,3.1167753490648984,3.1244029480695072,33.06,2.840505810085101,0.6619195131547245,4.3,0.82,0.1398314677281975,0.02642,0.0
2,96000,3ceaba12217e3ca4d0baeb5d5daed9b02032b640956960699f104eff4a345235,276.3555996417999,-1.6130236387252808,-1.5155940055847168,0.1992841362953186,0.2196776717901229,50,40.58301267045862,36.322828119772886,5.136823615072964,40.72819894526775,0.06,3.1075776098822905,3.107543322471487,28.98,2.660567317031665,0.8330584879507618,3.74,0.98,0.1227662748091314,0.02242,0.0,37.72458421858952,38.92302939130991,5.504547605383706,37.927495019928095,0.14,3.1100318100931905,3.109907693480904,32.42,3.2159036639095047,1.501639718016274,4.34,1.46,0.1745708013385807,0.02834,0.0
2,112000,8243354f848c62afbf0c9d90139eb2bd72254f7084ecb39e5b589d56f1ec803a,330.5060729980469,-1.6456118822097778,-1.5231268405914309,0.1928944885730743,0.2180290818214416,50,40.35654076214197,36.162326641803546,5.114125278380447,40.47671120607774,0.08,3.026818412868876,3.0198411176804627,28.66,2.4060214623163283,0.1372532655578587,3.42,-0.62,0.1017504439357649,0.01842,0.0,36.70477828001076,42.3655811161893,5.99139793923324,36.85950218301381,0.1,3.0272849672451065,3.028962281889153,31.96,2.7773461700445443,0.1316581931332321,3.72,-0.72,0.1330839030030577,0.02164,0.0
2,128000,2bd6d0df6f8748d664425052560a40075c26d7cbab5fb8bcd8f24b631151fd1d,389.41253900527954,-1.6336995363235474,-1.522492527961731,0.1952060759067535,0.2181674093008041,50,40.53882814671852,36.29755232126016,5.133249077367314,40.6807522487794,0.08,2.988738130469084,2.9930192375250746,28.44,2.5597607891938727,-0.3094873777750123,4.04,-1.36,0.116564102060885,0.0253599999999999,0.0,39.63302517364286,37.22871072151048,5.264934761202477,39.79616913683599,0.12,2.9860510789041426,2.986221175949259,32.16,2.929285194481271,-0.5544489343212904,4.44,-2.12,0.1355839631931295,0.02756,0.0
2,144000,b1593f3b7d86fc38cde0e602033dfdeb5ccca0f9746e810bcc1ceb59bec494ab,440.7346332073212,-1.6633727550506592,-1.5360785722732544,0.1894987672567367,0.2152234464883804,50,42.04866266937451,37.52823085527774,5.307293304740224,42.17300875786804,0.04,2.994169465388429,2.990114166385263,29.16,2.4091004869967,-0.2999023421146393,3.52,-1.24,0.1044260884935462,0.01992,0.0,40.41508486700391,33.535089830227264,4.7425778853307445,40.56398976954178,0.08,2.997837174420076,2.9964338394760577,32.52,2.725282920076403,-0.9567739599784666,4.0,-2.96,0.1247049025378732,0.0242,7.462686567164179e-05
2,160000,bc74817c3cf18e480ee23aa1d43ec9aa37384ab423b2ef6f42c4283d2c730011,481.269460439682,-1.6749025583267212,-1.5560094118118286,0.187326431274414,0.2109763026237487,50,40.47610702578349,33.63753486370333,4.757065800904707,40.58300709543244,0.06,3.0223159987383736,3.0208856117407192,29.22,2.286554366061116,-0.0082609642248167,3.02,-0.66,0.0919600696489521,0.01494,0.0,39.404018957632445,30.912790770165703,4.371728795797017,39.53684106432637,0.1,3.024117026818893,3.022517020625929,32.66,2.6150060249510307,-0.0910323054329679,3.62,-1.22,0.1142021066939365,0.01862,0.0
2,176000,8abd736cdcd3d6cfc5a06f94ab0b069ddb44aaf3e24dd867e60a18b5c360b095,522.8330948352814,-1.6821609735488892,-1.570034742355347,0.185971662402153,0.2080379575490951,50,40.99462624182434,33.558900546380066,4.745945229102055,41.10624275555585,0.06,3.013575710515493,3.00835299784584,29.52,2.3088069962134945,-0.3099997131874111,3.12,-0.92,0.09553651373152,0.01608,0.0,41.43790871530073,25.327472560300965,3.581845519541004,41.558446571831,0.06,3.017812397988374,3.01427233087493,33.44,2.505331619824868,-0.578018721766413,2.96,-1.52,0.1049378565302715,0.0156,0.0
2,192000,30c0a29a9be38ff705b31cbb3c70491ae4ce92c3cf50bb5bf5d8037a9209d8fa,566.1016595363617,-1.6768980026245115,-1.58094584941864,0.186952993273735,0.2057803869247436,50,42.33467258159288,37.98098370556226,5.371322226867767,42.45142923534747,0.06,2.99757875519688,2.9965319038671727,29.76,2.37327888229884,-0.5108612492758159,3.32,-1.32,0.0993966537546045,0.01736,0.0,39.31925116319966,29.162527245218392,4.124204154326274,39.45370360588022,0.08,3.0003695954310627,2.999258882469684,33.66,2.525615521086645,-0.4445231507063679,3.26,-1.18,0.1140724426805468,0.02038,0.0
2,200000,da0b8bf896bc25c7741cf6c076be3eb8054d9b30390bec4ab3b0b25e5f7f6e43,597.8845524787903,-1.675050973892212,-1.60457444190979,0.1872986257076263,0.2009750604629516,50,42.453200198437344,33.637346794966454,4.757039203968872,42.56553500199409,0.04,3.010451413577917,3.0116116383630827,30.94,2.3348368621434683,-0.4050476646912995,3.06,-1.22,0.0966348035567539,0.0157,0.0,41.59275020859332,29.52692407504573,4.175737648209033,41.703090482954,0.06,3.0080265425705828,3.013814415053902,34.54,2.44455943926151,0.0654383422750821,3.14,-0.82,0.0955602743606661,0.01478,0.0
2,300000,2ae7c001438f87801b3e0dab57ee21778d31667af53e469c347ae5acdacd5aa0,735.9178478717804,-1.689430594444275,-1.6887537240982056,0.1846246272325515,0.1847496330738067,50,41.9672561294284,41.6251689875517,5.886687851826757,42.1242631941056,0.06,2.909184659687293,2.910584774465631,31.68,2.7058865434135337,-1.4743605717935535,4.48,-3.72,0.12796706467719,0.02904,0.0,37.599824532181145,39.15927378288187,5.537957607643271,37.780996350402,0.1,2.9093733723572397,2.910115207569638,34.4,2.815427317557385,-1.6248017520883762,4.92,-4.16,0.1444918182208588,0.03668,6.802721088435374e-05
2,400000,2d70983e4d053427fb26a49d872d4e2e4d8c45945e635081ff2bccf55debd918,874.8328106403351,-1.7147810459136963,-1.686087965965271,0.1800031214952469,0.1852427870035171,50,46.99641862849026,56.08764666301228,7.931991059242203,47.3545746457013,0.1,2.902534139446905,2.8929168423210774,38.1,4.007895696797419,-1.6766381144374387,7.42,-4.82,0.2831360172110491,0.07502,0.0,41.60892980535848,67.98860893422854,9.615041284166658,42.01262142566556,0.16,2.907279324755815,2.9010441137355905,42.3,4.28451737514781,-1.559655806411503,7.54,-4.74,0.3203916203070814,0.0833,0.0
2,500000,04f1d8641d43a4123079ca2bb6babb3cd381dfc8a87f51dabc19e120632127fb,1010.583247423172,-1.8191267251968384,-1.7431093454360962,0.1621673107147216,0.174975499510765,50,45.85595570454371,65.27861271908797,9.231789944023504,46.32838043173434,0.14,2.7697245277164986,2.7617840557892137,39.0,4.652996018348425,-4.034627950392759,8.6,-8.44,0.3716647271906268,0.10076,0.0,40.44531834906185,55.57981310983784,7.860172549409461,41.00771398757334,0.16,2.7592475047124845,2.762302568597184,40.92,5.111707214031713,-4.765935705115421,9.8,-9.76,0.4417956385114995,0.1206,0.0
2,600000,3bdf19145fc1a97b312f601e7e73f76d83af94621d9f74913a66ea5fb533f02a,1157.5261807441711,-1.9144381284713743,-1.821677565574646,0.1474246531724929,0.1617541760206222,50,43.678856021153685,67.97590649061301,9.613244887363022,44.24515072058326,0.24,2.742013697211046,2.750420122283577,39.32,5.519689816463702,-5.389930643469914,9.68,-9.68,0.4557346994295776,0.11056,0.0,42.7707170387412,75.41223499011981,10.664900549189433,43.40931026923468,0.22,2.741840039383886,2.7460197220692817,42.2,5.76573071130712,-5.627094643396132,10.64,-10.64,0.5085532304934973,0.13004,0.0
2,700000,966a54ecebd46650f23ea835f74c274703df565d00d6422bc09d5af2f92cbd15,1311.894012928009,-1.907860279083252,-1.8616763353347776,0.1483975797891616,0.155411884188652,50,43.451439864264486,65.98311514831386,9.331421633037106,44.00539475514833,0.18,2.7881408073601075,2.7860357822202424,44.1,5.315842139242862,-4.9113200059103646,8.94,-8.9,0.4507748908838463,0.10318,0.0,36.194343137060265,61.95118999229843,8.76122130922608,36.86652582972936,0.2,2.790032079392885,2.789075874239636,46.14,5.76922143816704,-5.399883229820862,10.14,-10.1,0.5424026926690907,0.12978,0.0
2,800000,63ede6a264c382e7c8280eb53e6ae34c393cef34f827a4ca4cb289a7eb36e52a,1463.459793806076,-1.9445034265518188,-1.9493054151535036,0.1430582553148269,0.1423729211091995,50,38.94010193101168,55.38501980505941,7.832624616061749,39.51795144415755,0.2,2.914466091963102,2.8891123065746345,50.54,5.196530635225803,-2.9168703831707625,9.22,-5.94,0.4607495131458783,0.1171,0.0,40.6730495403088,65.74399603199365,9.297605083304836,41.21664983041037,0.1,2.9248724045833385,2.9109326124808343,53.84,4.955829741020061,-2.547421997583116,8.64,-5.12,0.4411202901015701,0.1024799999999999,6.993006993006993e-05
2,900000,b1bc8b790e7deaaa51dfa167aaf9b1a893d716bd89843d559f8678fc4d0b07c1,1631.2738893032074,-1.9523251056671145,-1.9655122756958008,0.1419436633586883,0.1400841027498245,50,40.94976174279626,55.64929618012099,7.869998939444438,41.425480346693945,0.12,3.010069944036892,2.990596213939976,49.9,4.402904491526882,-0.8765451260394314,8.34,-2.98,0.3718186038976768,0.1039,0.0,35.82953116814427,55.11993902012692,7.795136531944146,36.4015290463126,0.16,3.0207246386910858,3.0334132220878454,53.74,4.8615663463717,-0.2293000581927525,9.1,-2.46,0.4480178781683247,0.1239799999999999,7.462686567164179e-05
2,1000000,d4f59f73842314230c8bea6e239ee482b2acd0b0d9067c72f81dffc7793ff12e,1796.9464042186737,-2.001718521118164,-2.058265447616577,0.1351028978824615,0.1276752352714538,50,43.019647336312346,70.08563623359572,9.911605728909826,43.74080189007724,0.12,3.1227645233422283,3.1304166274232443,52.96,5.338129100914599,1.1900020003000829,10.88,1.76,0.5574345537649037,0.16372,0.0,39.62604676421,65.42531129017152,9.252536254904214,40.44433882594707,0.18,3.1576077819027177,3.203280344607266,56.78,5.809075875965055,2.2779448094540538,11.94,3.42,0.6348720617370668,0.18342,6.557377049180328e-05
3,16000,90d3f6371cf44c72b5ea4744ab07c95cc9dd9a1ad08584f466d5f05ec45c487f,60.771294832229614,-1.513218641281128,-1.5198159217834473,0.2202000916004181,0.2187521457672119,50,40.77621655483778,34.714479855829374,4.909368822284151,40.89711771761509,0.08,3.056120502461301,3.054664728671144,28.68,2.4502355818323607,-0.1643086696823961,3.28,0.08,0.1038611627773156,0.01704,0.0,33.84012929292808,39.78882155219021,5.626989106995029,33.95935258638835,0.1,3.056314854286984,3.05021304637294,31.72,2.4773436069078016,0.0379226354595141,3.52,0.28,0.1013032934602662,0.01792,0.0
3,32000,53342b4fa1484e4eab2c666e1a8b27c1b83b04b7d4d015c3e0f7c19ce7c3bf8e,103.8564157485962,-1.534449338912964,-1.5169559717178345,0.2155743539333343,0.2193786650896072,50,41.3061290881088,38.86146504535125,5.495841092082371,41.44631869874762,0.08,3.073493042584697,3.0735665381463253,28.54,2.6096419390105017,0.0182031525711672,3.58,0.26,0.1197296106388235,0.02046,0.0,38.96210480579024,40.461363125566265,5.7221008484278455,39.14553290961748,0.12,3.076085988887486,3.0715428211385265,32.22,2.904236201945258,0.7123117262349854,4.06,1.38,0.1574881038272513,0.02594,0.0
3,48000,6879244076a8363b8ab0fcb7ff7289b3e0c0dbe40ec13e8c34e2c4706e4e94a9,148.12434792518616,-1.5621201992034912,-1.5189335346221924,0.2096910029649734,0.2189452648162841,50,39.79752226781012,38.966137854101,5.510644062656929,39.93798372932441,0.08,3.1006143119922043,3.102793491075862,30.02,2.6366135360033343,0.2871241556723349,3.5,0.82,0.1204414615142751,0.02002,0.0,39.76317666206643,45.77242044043581,6.473197776950779,39.91145053835493,0.06,3.1052662814991607,3.1007882854891347,34.74,2.671369757796368,0.5616912964005757,3.82,1.34,0.1258538762885032,0.02242,0.0
3,64000,5bdb0f507569c8dd4211c6e29c126f66c16f258e8a116c47054876b10b3ba824,190.97950410842896,-1.5715996026992798,-1.527124524116516,0.2077126502990722,0.2171592116355896,50,41.28726732582631,42.7759160356661,6.049428060057175,41.45323665488878,0.08,3.092338535230754,3.093619208509249,30.12,2.83192639214346,0.39439128415268,4.08,0.68,0.1402093290624659,0.02576,0.0,38.95212728694929,38.73863790073036,5.478470710707327,39.138049314086444,0.1,3.0930706859456647,3.090896943824001,34.2,2.990274099473692,0.1093774732935995,3.96,0.24,0.1602420271371525,0.02568,0.0
3,80000,cfb5ff953483fcc530496064554fb705809b1c151b02c60e9ddceb4723e7ea47,232.4203169345856,-1.5783257484436035,-1.5176323652267456,0.2063202559947967,0.2192303240299224,50,41.726363838121486,41.40432203715011,5.85545537658009,41.87462660862473,0.08,3.0904383709199106,3.090816098399764,30.3,2.6876886747026187,0.332762570889039,3.78,0.62,0.1259627705032442,0.0223,0.0,37.59969050222512,36.994039130924726,5.231747186591473,37.773518807531325,0.1,3.0937738528150738,3.0994916564467374,34.2,2.9303308965262267,-0.020361905485292,4.32,0.16,0.1469083053062163,0.02692,7.662835249042145e-05
3,96000,b43947fc010cdcda1069bd5a56f0c9a3f6b2e61c332d52ca2e6f1d1bec6df482,282.67659282684326,-1.6037726402282717,-1.5307708978652954,0.2011362761259079,0.2163687944412231,50,41.88683713378942,41.40753057984706,5.855909133039838,42.04460181534716,0.06,3.10909425128815,3.109623969736901,30.22,2.7677622506628854,0.7683153187917229,3.98,1.18,0.1335046815577406,0.02426,0.0,39.09276024740959,37.82370688336212,5.34907992536753,39.28379800982755,0.14,3.1102347261195784,3.110919160638538,34.4,3.09634265539456,1.1866547100247644,4.28,1.36,0.1641977624179632,0.0268399999999999,0.0
3,112000,576af5b804e7ac83d7303b7cce032f535fd0a31c7271e21b6e895faec2ce9409,333.4498698711395,-1.6367292404174805,-1.5288004875183103,0.1946155428886413,0.2167955636978149,50,42.9988578698041,35.72035858174948,5.0516215559140285,43.12205800904807,0.06,3.04887034946194,3.04952566744619,30.68,2.430228882848476,0.2254989870859586,3.24,0.08,0.1056001392439767,0.0176,0.0,39.05160702255727,36.67683978184857,5.186888424447532,39.18960371749263,0.08,3.051015950258098,3.052505198042943,33.76,2.625031620735706,0.0553064021459997,3.64,-0.24,0.1177566949353615,0.02024,0.0
3,128000,f806d59f6bf0cc417b3042b0a42b118f93449bd0a7ed654053522faf549281f5,380.2611103057861,-1.6288059949874878,-1.5249956846237185,0.1961636543273925,0.2176219969987869,50,43.81889671941794,44.32649989294019,6.268713732112556,43.96952512589032,0.06,3.0410414137016777,3.0408440747883967,30.48,2.644307740726628,0.1048272635104552,3.8,-0.12,0.1271884064723618,0.02344,0.0,42.58126097686647,40.75324664583319,5.763379411727313,42.74131885260944,0.12,3.038012991173709,3.040032696501234,34.9,2.9056178923996105,-0.1476399963416441,4.26,-0.74,0.1361578757429612,0.0239,0.0
3,144000,6eb5a4a3e4efceb299d0a18c4c948e966327a29d225e482ba01764c3e1ce27db,432.88908338546753,-1.6520638465881348,-1.5353630781173706,0.1916539371013641,0.2153774797916412,50,43.05198725118183,35.34669816262233,4.998777992668866,43.1769677518211,0.06,3.050757349169381,3.050950284036949,31.02,2.479534887588619,0.2047348374789353,3.26,0.02,0.1075605006392713,0.01742,0.0,42.18513774528387,36.75324507823871,5.197693765086738,42.32913504462165,0.06,3.0526205173349057,3.054884766989588,34.84,2.7599784961099387,-0.4573357212132861,3.36,-1.32,0.1255972993377935,0.0184,7.462686567164179e-05
3,160000,52e66385d4d7d77604a4e9229ea1258d008696c21224292c4980176a2f56bd1f,494.031745672226,-1.6801373958587646,-1.5596908330917358,0.1863483637571334,0.2102010697126388,50,43.89218701256024,36.24554944038759,5.125894759426068,44.01551994727526,0.04,3.0309254282127047,3.0360640323773325,31.26,2.435682626314261,-0.2215567368538737,3.22,-0.58,0.1060729347150067,0.01726,0.0,39.24819189393825,35.999801351988026,5.091140731471874,39.40347591143889,0.14,3.032670303924553,3.0317809453806106,34.88,2.801635939796451,-0.3287205995174446,3.76,-0.84,0.1340040175006391,0.02128,0.0
3,176000,0fab31f88c5772af1279b80897058f0b05d62e59a23719478b5e74e5d9983ca7,543.7621042728424,-1.6854994297027588,-1.5768747329711914,0.1853518337011337,0.2066198289394378,50,43.522825861012905,36.660609878903216,5.184593169561399,43.64703784581752,0.04,2.998569004242804,2.997972121559262,31.86,2.485222171701654,-0.726214816012611,3.42,-1.42,0.106471984804606,0.01774,0.0,40.1183087537464,27.61518530898636,3.905376959141476,40.26558292124744,0.06,3.0032047129051693,2.995043426662884,35.9,2.7856287835737863,-1.1191893344950974,3.22,-2.02,0.1277741675010308,0.0195,0.0
3,192000,723aa5c05c905280653232f9c5cbf0b2a7c8ec9820f84612e3479db392770dd1,589.2576339244843,-1.6802091598510742,-1.5899680852890017,0.1863349825143814,0.2039321213960647,50,44.25063292824348,39.18923086427652,5.542194178723014,44.37515152324616,0.06,2.9967037320504977,2.997953426371213,32.3,2.4934761041142006,-0.5827799946484413,3.34,-1.22,0.1068585950026745,0.01766,0.0,40.36869939796512,34.8948143315142,4.9348719684118425,40.545734988103646,0.08,3.0030878975141566,2.996467302374141,36.16,2.9208517004878045,-0.7401112164916195,4.0,-1.44,0.1493955901385273,0.02764,0.0
3,200000,11c2f52b0699c6077e038d7a8e5e05d6fe965ad9ae621259e5333a435bb9d276,628.4260106086731,-1.6802598237991333,-1.6049065589904783,0.1863255500793457,0.2009083330631256,50,44.355464375161446,36.64016185454363,5.181701382224093,44.47519935723316,0.06,3.0244775942707363,3.032271368745705,33.14,2.454357187818152,-0.3482422337721119,3.18,-0.82,0.103554982071709,0.01618,0.0,42.10102762421104,30.93613322673734,4.375029917663288,42.22199794430382,0.06,3.0241121010788783,3.025063466989012,36.34,2.5691214676637406,0.1349367312262951,3.1,-0.46,0.1066703200927843,0.0143,0.0
3,300000,392f2eebd8e1365dc72995eebe493898b52815b76b819c1fc30afe3c1eb79f90,790.237587928772,-1.7104400396347046,-1.689969182014465,0.1807862073183059,0.184525191783905,50,43.52828194448333,39.28247119329786,5.555380352509225,43.68836059420777,0.06,3.0568002838722608,3.058371638403382,32.88,2.7952065691702286,0.1283152436142688,3.92,0.12,0.1351186497244403,0.0249599999999999,0.0,36.8801431567293,46.05911277483238,6.513742195703983,37.08062877031394,0.14,3.054277895201124,3.0536247370499483,35.52,3.043273887071813,-0.061334908679033,4.6,-0.2,0.1654856135846407,0.035,0.0
3,400000,0bb23cba55569f427384d0554c2eeaa8e345b718842da3401b90c3a845cd5ffc,957.195921421051,-1.7525068521499634,-1.6794021129608154,0.1733388602733612,0.1864854395389557,50,46.89762535578484,57.32884607172232,8.107523162982924,47.24205520275508,0.06,2.972923372424684,2.9640151195578466,36.94,3.969041427761456,-0.7852137477479824,6.66,-2.1,0.2793698469702358,0.06506,0.0,43.51770079332381,61.356134050479234,8.677067690896939,43.88323264515615,0.14,2.9648376049313043,2.9537777645382626,40.06,4.1705869287867605,-1.2346578970700657,7.02,-3.02,0.2947918518323471,0.07074,0.0
3,500000,8356f5225139d93bcfefb33714bec1b560baafb9d798894e92d4c487216e9998,1156.211092710495,-1.8382080793380735,-1.7231724262237549,0.1591022759675979,0.1784989833831787,50,42.96556748474452,63.3968979328582,8.965675286903089,43.38554680402744,0.2,2.753308360275855,2.735548950327969,34.42,4.516654513730276,-3.716212928077933,7.74,-6.94,0.3379993192829154,0.08198,0.0,38.52247850162819,52.20623443013584,7.383076477152732,39.00978248221131,0.16,2.738782197367338,2.731381968142508,36.36,4.822873348892364,-4.418594193729141,8.48,-8.32,0.3917439805831171,0.09556,0.0
3,600000,d3ae3fc14363fb44c912f95c3c801212009ebfce8c63b13a471dac6be9afb454,1308.7571530342102,-1.9245071411132808,-1.8137353658676147,0.1459476798772812,0.1630439758300781,50,38.09336845355663,67.4664625516024,9.541198634581264,38.57866675421796,0.24,2.705884145521728,2.6996398611397536,33.42,5.103273976761239,-4.7545903576916375,8.38,-8.1,0.3987583006613314,0.08654,0.0,41.69408346508998,70.14676037159343,9.9202499874043,42.27430622800045,0.24,2.701244380669962,2.70043524815848,35.64,5.455201349795832,-5.218041513793015,9.16,-9.12,0.47350276291046,0.10672,0.0
3,700000,5da5b891e81fcaea86aa0235da14d7ae71f1c16a6310bee4bd5233f8dc565b88,1448.7072060108185,-1.92877459526062,-1.8473857641220093,0.145326167345047,0.1576487571001052,50,44.520270823859285,73.79167530378906,10.435718800485027,45.11352044412797,0.2,2.678791073920072,2.675752188035146,34.92,5.469011378278514,-5.158777856238171,9.52,-9.2,0.4773696202686853,0.11588,0.0,36.72741909398512,67.21195208944339,9.50520541984615,37.366146705991945,0.2,2.676226675278752,2.675704115980799,36.66,5.884308661285861,-5.748540194708512,10.18,-10.18,0.515667612006816,0.12306,0.0
3,800000,bc5e8241ee251dc3f4016fa33813a1201787be2d7563c479fc35be083e882fbd,1588.594261884689,-1.9736697673797607,-1.897796392440796,0.1389460116624832,0.1498985737562179,50,44.83268403343625,56.04800617768375,7.926385048045137,45.1854694970912,0.14,2.8596954485060944,2.842946442085012,35.12,4.032164882382548,-2.5859934861555782,6.84,-4.96,0.2837054636549509,0.06908,0.0,36.36687344664636,55.4153788719975,7.836918036482232,36.76804589236311,0.22,2.8542839052263145,2.840047504524476,37.78,4.341149047896018,-2.885256816448637,7.58,-5.42,0.3240724457167527,0.0771,0.0
3,900000,fb9a431fca32dafa89ce2f0d017e76684ab610729774b4ecee955feb25206188,1732.2561929225922,-1.9889228343963623,-1.9238088130950928,0.136842742562294,0.1460496336221695,50,48.68643049771324,54.121646863535815,7.653956701237963,48.98949350272402,0.06,3.0229526484479603,3.039634659736484,34.42,3.601674832709467,-0.4548688868797792,6.22,-1.34,0.2429630050107752,0.0601,0.0,42.655019183884,48.91794503551249,6.918042131264337,42.97763713945834,0.12,3.020508284189731,3.0041462644311263,36.68,3.8683035724697694,-0.3148196295800467,6.68,-1.12,0.2600579555743403,0.06256,0.0
3,1000000,bfaf76b176c8f9d79cd030b9509c5d90e3bee246468918e3261c3a4b60f092ad,1869.674308538437,-2.061269044876098,-2.0111000537872314,0.1272923350334167,0.1338413506746292,50,45.99967313634719,61.89256497014401,8.75293047908356,46.40052722801729,0.06,3.0622690942728537,3.0844308744703586,35.8,4.0526767080035775,-0.1528855791542341,7.48,-0.2,0.3160540916700887,0.0848,0.0,47.74740468510024,45.56389471291672,6.443707785754658,48.27359851871957,0.06,3.104184076216,3.095620859440886,37.78,4.4295393979288695,0.9302652452642712,8.74,1.34,0.4102938336193134,0.1159,0.0
4,16000,3a5f53b739a449bfd986f03b42e3f34e01da4ef2d3b61223a6b957088a2ee3c3,48.0983316898346,-1.5123822689056396,-1.4917160272598269,0.22038434445858,0.2249862551689148,50,41.51274395077388,38.73071235390613,5.477349869126522,41.654916188774806,0.08,3.0929155881253854,3.0928078202541225,28.44,2.644874941851569,0.2351560499595393,3.68,0.6,0.1211322380009123,0.02104,0.0,31.278145879567106,42.60176286214359,6.024799082064591,31.43865961096155,0.12,3.0964243697776057,3.10042636484306,31.56,2.709696125692815,0.5784212793105041,4.08,1.04,0.1347937313944449,0.02572,0.0
4,32000,79f69f310119e60a96ab4219e4c6c30b173f0eba7fd044580acd32fd2d28235f,89.71951198577881,-1.5262010097503662,-1.4872193336486816,0.2173598557710647,0.2260002046823501,50,40.727297717093805,41.339688888783485,5.846314869080195,40.87676949437109,0.08,3.110336654725695,3.11369359418598,28.34,2.7363918989669656,0.4432133929708708,3.94,0.86,0.1265717772772912,0.0229,0.0,38.858499031897615,47.39485732898148,6.702645002138349,39.105123463055605,0.12,3.1201049081205445,3.12021193192143,32.78,3.3508139674384,1.277229616507579,5.02,2.46,0.2074844311579949,0.03914,0.0
4,48000,343ed603b9ab0837c4d821db85977c299a559d66bcea55baebeb143a12c4ecf5,131.42670059204102,-1.5582221746444702,-1.4881139993667605,0.2105099856853485,0.225798100233078,50,41.83278870770397,46.3114775772625,6.549431968330211,42.02668463116499,0.08,3.1493232035452627,3.1492173556299523,30.54,3.028978825757294,0.9127298088230036,4.54,1.94,0.1635559234610312,0.03034,0.0,41.18333661062366,45.18479039057882,6.390094338334206,41.39215956556183,0.08,3.1599973336937444,3.1628064405946343,35.56,3.09161396048719,1.3954578870554963,4.92,2.88,0.1718629549381627,0.03696,0.0
4,64000,2c0fc4209e6613044fa26e588040511182e53c4e30730a93fd6bafa78fb43183,171.9056375026703,-1.5748223066329956,-1.4957658052444458,0.2070443481206894,0.2240769416093826,50,43.17034262177709,47.3689544345327,6.69898177967493,43.382423954474525,0.08,3.110220680799581,3.1148848101932627,29.96,3.119810914907031,0.5281652975395219,5.0,1.0,0.1753213326974228,0.03676,0.0,37.5975944061707,47.6770611220111,6.74255464528391,37.888091667223854,0.14,3.1047904020320867,3.089138802535564,33.92,3.5223454699253267,0.2824185220286741,5.04,0.8,0.2442972610531595,0.0462,0.0
4,80000,b8b9eab5fa2fe44f73540200617b6f05d78ac992aa6c95ea3d31db1d3cd574c3,213.71130299568176,-1.5807114839553833,-1.4834383726119995,0.2058285921812057,0.2268563210964203,50,42.628670830106266,51.89826182762088,7.339522574021133,42.840289904020246,0.06,3.133319095213883,3.1404085104225774,30.74,3.1248965313922445,0.9209422396999614,4.82,1.78,0.1766790739139706,0.03494,0.0,38.48499422702994,39.21050321626341,5.545202543591357,38.72882401112845,0.1,3.127702032069213,3.1449452409847267,34.44,3.395514097206925,0.3491338693880695,5.48,0.84,0.200949784098514,0.0428799999999999,0.000152964230353
4,96000,893c62898fc073462b9388c9e06340d0438af7889838cfad7f0e6b561b98ad36,255.17404580116272,-1.6032856702804563,-1.495883584022522,0.2012342363595962,0.2240505367517471,50,44.108785108616665,49.041914063824194,6.9355739993796,44.33999177340485,0.06,3.1738821364026326,3.178590874447925,31.2,3.317038934432444,1.579224030972601,5.08,2.64,0.1941666647881857,0.03704,0.0,40.15280246414312,46.95671697736113,6.640682599389908,40.47472532416569,0.14,3.180013435759652,3.186530523409665,35.26,3.8735687086448327,2.189699860320082,5.7,3.34,0.2726628600225694,0.04926,7.06713780918728e-05
4,112000,04b50479c7c3276dcbb9140d21a9d760431cc57d6eaaf5b3cd3138e7bb2b8b90,296.7880890369415,-1.6297663450241089,-1.4992552995681765,0.1959753483533859,0.2232963889837265,50,43.47725404125665,39.541940571773694,5.592074863915329,43.623840538946666,0.06,3.0740299336586,3.069860262675605,31.16,2.6704133938489947,0.5924813913269341,3.76,0.56,0.1253464976900121,0.0212399999999999,0.0,38.625124883654586,40.93512608423041,5.7891010485771295,38.78207360875886,0.06,3.0751838295165754,3.0737423977584357,34.66,2.8003835288092835,0.4079645689021982,3.9,0.3,0.1336487251042753,0.0233,0.0
4,128000,7d186c1103008319c569d2e93058a3e4305a63ca4220fe0cc2e365befd06f5cc,337.7990539073944,-1.6244946718215942,-1.4921855926513672,0.1970112174749374,0.2248806357383728,50,45.3820808137927,45.74362966262911,6.4691261461062295,45.56009568162804,0.06,3.036993903550921,3.0348035728461955,31.1,2.8677316757666285,0.1550617074534232,4.06,-0.26,0.1505948678353423,0.02742,0.0,43.7941177429996,45.12203890269205,6.38121993781135,44.001716704753214,0.1,3.0305892804139,3.0381733837065577,35.28,3.303225845155834,-0.231099578503695,4.96,-1.12,0.1751189617536111,0.0324799999999999,0.0
4,144000,bcdc74be3e2a2b6ebfecac8225929766dbb0382408af04022da224fd0ccffc1c,378.0700750350952,-1.6535736322402954,-1.5047814846038818,0.1913648098707199,0.2220658212900161,50,44.88812900815901,43.62305109636161,6.16923104925691,45.04889740021476,0.06,3.0439677479100014,3.046715943222435,32.46,2.8011500962243083,0.1600302628664222,3.78,-0.42,0.138108392055733,0.02266,0.0,41.86445039146824,42.16757654455292,5.963395864171234,42.04727530154757,0.08,3.039947955442356,3.041876725366146,36.14,3.1149716198749733,-0.4787898222539747,4.22,-1.78,0.1556049100793467,0.02722,0.0002247254294564
4,160000,e4479c3f6bba291d6d3189eb71b8ff882e7967a67611ed61b7e72999e3d954bd,418.9432618618012,-1.6839357614517212,-1.523856282234192,0.1856418997049331,0.2178700864315033,50,44.70499458521071,38.01634529523016,5.376323110837309,44.85415521374352,0.06,3.0666023365416697,3.0669452127811048,32.5,2.7223452207459307,0.5272110848782997,3.46,0.26,0.129300628532807,0.01986,0.0,41.00663996398403,39.29002427598802,5.556448519707041,41.177633805524856,0.12,3.0683622352034097,3.065220378973774,36.04,2.95560752978638,0.3383442833568781,3.92,-0.24,0.1485538415408312,0.02244,0.0
4,176000,3de22dd8ea33c1f495814122d2a71c97ce6d1cffe8e7b45964fa994901ccca4a,459.7645354270935,-1.690813064575195,-1.545108199119568,0.1843695491552353,0.2132887989282608,50,44.78771699938427,38.29601309036313,5.415874109720912,44.93146655791354,0.04,3.0539766875691856,3.0492600309146427,33.36,2.716508645522949,0.1710358607216038,3.44,-0.2,0.1248695585292553,0.01888,0.0,43.078837105999845,35.09464156377041,4.963131806610663,43.24670414449341,0.08,3.055217180143397,3.049597749601769,37.46,3.022826897018066,-0.1144063761430194,3.9,-0.82,0.1454470384935736,0.02242,0.0
4,192000,7e67fd49ba8d097540f81d90b28db6acc1d8a5ef39713f8deb55fcd4d9514882,501.494259595871,-1.6888301372528076,-1.5571496486663818,0.184735506772995,0.2107359021902084,50,46.148823716812416,43.8257288471812,6.197894011656944,46.3104408779838,0.06,3.0544230387881037,3.0572528723936205,32.86,2.887126029978934,0.3086768528067493,3.9,0.02,0.1387971611713927,0.02282,0.0,39.44385499930476,43.19192468144365,6.108260566949483,39.64924873527216,0.1,3.0582481701266877,3.062533056091963,36.96,3.0401553774278027,0.3317248174465135,4.52,0.12,0.1718337359674027,0.03356,0.0
4,200000,abed843e399e7152438232db91676297d5f55ed0b34170ced030c67ff1757806,533.279139995575,-1.6902258396148682,-1.570908546447754,0.1844778507947921,0.2078562378883361,50,45.32932865183561,41.09927932089421,5.812315821936868,45.49290216213167,0.06,3.0847402805988264,3.0817231269742145,33.9,2.9069624565658163,0.8291654858069222,3.74,0.74,0.1423935102960384,0.0211799999999999,0.0,43.86058043731635,38.26534791309157,5.41153739876191,44.04605500476715,0.06,3.090838057109063,3.09116063776177,37.26,3.00319750701486,1.1585610671934652,3.7,1.02,0.1636145674508006,0.02186,0.0
4,300000,b934b081f29eac0e2b40f483ef7ba7d995f838beef48483eda7a3f5e67fd8cf7,671.3650670051575,-1.7298641204833984,-1.680949330329895,0.1773084998130798,0.1861971318721771,50,44.76931116346237,43.04299320361088,6.087198475367947,44.91537422073277,0.04,3.0187009188189644,3.0193944832433024,33.28,2.677044971780094,-0.3219993469655838,3.72,-1.04,0.1237030572704102,0.0223599999999999,0.0,37.178204188363566,48.2697480997456,6.826373241499316,37.36780253469978,0.16,3.0168877350557803,3.0145058421980013,35.7,3.0532108566044216,-0.5600829675597869,4.54,-1.18,0.1589783463362207,0.0306199999999999,0.0
4,400000,805b93316922c4b151df60ba424ab0a71223490ea5b4021a348a9b69ad131a70,806.4141926765442,-1.7569153308868408,-1.6848454475402832,0.1725763827562332,0.185473084449768,50,47.51976396218824,55.313273796808886,7.822478198270346,47.863697352622815,0.06,2.9888581553218536,2.9935293462389603,36.8,4.004465125499107,-0.5076916281621807,6.76,-1.88,0.2802533904345756,0.06368,0.0,45.65844945961009,62.78127311345117,8.8786127900092,45.984768782232834,0.12,2.984787828658793,2.987085139835827,40.02,3.9698434397760543,-0.821336766486028,6.3,-2.58,0.2668993226227298,0.05942,0.0
4,500000,513e59ce395f5ce6fb77e33b6a84d72d4ccb8f5846d3904c4aaaf5b0023f017b,944.1924636363984,-1.8405307531356807,-1.7203667163848877,0.1587331593036651,0.1790004968643188,50,44.43772902568156,69.25941238068663,9.794760031075809,44.85500189311081,0.18,2.814724018670585,2.7959664002325786,35.92,4.485802605115243,-3.33479393288891,7.56,-6.16,0.3373928674292512,0.07988,0.0,40.08361469906349,48.4305732740872,6.849117355771807,40.56589696232598,0.12,2.80379279970513,2.789455299953556,38.46,4.834305709021549,-3.819743271493284,8.06,-6.9,0.3927422632625014,0.08954,0.0
4,600000,a5af43a97a1162fb6196e9945b97a3e43609603c6b86797b7518d7c0ed44e47e,1088.182810306549,-1.9317388534545896,-1.7882815599441528,0.1448960304260254,0.1672473400831222,50,43.419252917376745,66.87825339263033,9.458013297568224,43.87951084976629,0.18,2.7685356696614813,2.757751664293963,35.22,4.7253569873639965,-4.017801099794223,7.98,-7.34,0.3710379323895465,0.08922,0.0,44.05523194216173,75.16162798981726,10.62945936732408,44.58005274658419,0.18,2.759919201628624,2.756556454278972,37.86,5.0081295638921866,-4.43551566965384,8.66,-8.54,0.4228408044224514,0.10198,0.0
4,700000,1f04df7564c53cc6759d27e6620c355193c83fd0e5eb1736c1df40272af9ea51,1225.422078371048,-1.9411804676055908,-1.829078793525696,0.1435344070196151,0.1605614125728607,50,42.24564755976647,81.76265881969951,11.56298609985032,43.09016131099576,0.22,2.6429607194477898,2.6432278229496955,39.48,6.568404660345574,-6.379102405863392,11.88,-11.88,0.6739937512292967,0.17052,0.0,38.2057315766004,82.3337684734305,11.643753201641177,39.24726911692904,0.26,2.634976438679325,2.6296816320307075,41.44,7.424631214396714,-7.1470372844414864,13.32,-13.24,0.8332575403286404,0.20828,0.0
4,800000,247120847502f044afe534891fbb39858ae6aa892ffe81360f59452a3aff9a25,1366.282061338425,-1.9899615049362185,-1.898506999015808,0.136700689792633,0.1497920900583267,50,44.36172214594711,67.01968839037757,9.47801522676906,44.95528888217775,0.2,2.872197846001441,2.837716012432767,42.32,5.246559494081343,-2.742744274928109,9.36,-5.72,0.4758067362306278,0.11776,0.0,41.96264283579399,69.45238833695203,9.822050952532052,42.59246558781462,0.14,2.8708372350317357,2.859014520054683,45.44,5.309751049062654,-2.9785301387318386,9.32,-6.08,0.5071427520206166,0.12268,0.0
4,900000,28ee62eade402f9e6be17ccc366f2602458932e5274764bd78b863ced5f6c4d3,1547.827285528183,-2.0001702308654785,-1.926056981086731,0.1353122591972351,0.1457216441631317,50,44.746396746161565,62.37860367155079,8.821666731420326,45.3784003861102,0.14,2.973475957195295,2.925238175074908,45.08,5.223982013531029,-0.5527304535402738,9.6,-3.04,0.4984836399486355,0.13352,0.0,35.05907435954096,70.21622158565941,9.9300732865034,35.74434551872432,0.22,2.9705019981870366,2.955315022380041,47.48,5.335963103613326,-0.7998819346797957,9.52,-3.2,0.5393511591833619,0.14592,0.0
4,1000000,b9ed1cd200488a6dab5f8be843ba3f0cdfff84be6ab109aac0b5e8623de2fd1e,1683.7932810783386,-2.0642025470733643,-2.051512718200684,0.1269194632768631,0.1285403072834015,50,46.46238346653155,70.64112876894794,9.99016423663904,47.11125230700208,0.16,2.9813560373071586,2.9304845721875203,44.36,5.341883760249259,-0.689454450784885,10.32,-2.64,0.5065088404705247,0.14236,0.0,47.458978860107365,63.11966448568944,8.92646855681014,48.14403134440741,0.14,2.9731840450932583,2.9605489086073287,45.82,5.259791719581744,-1.1097178752330308,10.78,-3.98,0.52199248430005,0.16306,0.0
