source,policy,learner_seed,checkpoint_transition,n_paths,mean_bid_action,mean_ask_action,action_std_bid,action_std_ask,near_bound_rate_deterministic,stochastic_action_std_bid,stochastic_action_std_ask,near_bound_rate_stochastic,stochastic_full_objective
holdout,belief_weighted,,,500,-0.3283006947087175,-0.330093100336809,0.1327104171298731,0.1331237408610534,0.0,,,,
holdout,frozen_clone,,,500,-0.3278812808278537,-0.3299720585464421,0.1326086697198701,0.1333475818846403,0.0,,,,
holdout,hamilton_ppo,0.0,200000.0,500,-0.063066631877869,-0.0876774792520945,0.0432476821371968,0.0375806355000429,0.0,0.1929608799358198,0.2057689237844122,7.5757575757574e-06,38.53996343110441
holdout,hamilton_ppo,0.0,1000000.0,500,-0.2087662266903123,-0.1235825927538127,0.0321457067756271,0.0445130091703434,0.0,0.145163786380525,0.1295110352006046,0.0,40.03393674915929
holdout,hamilton_ppo,1.0,200000.0,500,-0.0833346853161699,-0.0852572757807839,0.0313838523251805,0.0242608404540516,0.0,0.1870510221872601,0.1977250552778359,0.0,37.12522188552919
holdout,hamilton_ppo,1.0,1000000.0,500,-0.1633181895394461,-0.1091800517709237,0.0551204999122692,0.0488785528193226,0.0,0.1374294380135406,0.1368163944982882,0.0,42.21089707519669
holdout,hamilton_ppo,2.0,200000.0,500,-0.0228669391763385,-0.0588676718392163,0.0158534128962594,0.0332620424158118,0.0,0.1872330405101873,0.2037863555241919,1.49831649831648e-05,37.27558228410488
holdout,hamilton_ppo,2.0,1000000.0,500,-0.2815809367270216,-0.2316851474698905,0.1014428933574844,0.1328338010310282,0.0,0.1702817512703292,0.1853675148258105,9.67904800205638e-05,41.11663968514248
holdout,hamilton_ppo,3.0,200000.0,500,-0.0571581319897697,-0.0835253234592336,0.0422360316324819,0.0245451445183637,0.0,0.1905705762356292,0.2025036362299373,0.0,37.92375314659783
holdout,hamilton_ppo,3.0,1000000.0,500,-0.10162734532007,-0.1018628312046242,0.0548390147684936,0.0466725203060295,0.0,0.1399469222253099,0.1435968184801967,0.0,41.588182520515176
holdout,hamilton_ppo,4.0,200000.0,500,-0.0862829956141428,-0.0726272160033074,0.0536305056872306,0.0288355021018949,0.0,0.191980056371369,0.2098822178622839,2.20254185042914e-05,39.03225544849352
holdout,hamilton_ppo,4.0,1000000.0,500,-0.1564986806828677,-0.2056183072250181,0.056516862670031,0.0968467275982631,0.0,0.1392621353240293,0.1620454495464178,0.0,45.75738490189895
holdout,oracle,,,500,-0.3283787864185257,-0.3301105488911181,0.1334181870679708,0.1338427713484766,0.0,,,,
holdout,return_lstm_ppo,0.0,200000.0,500,-0.0780742373493233,-0.1416440342768304,0.0141456140502697,0.0234090054593418,0.0,0.2128992096886569,0.2162564687676614,0.0001370197531498,38.17399562905218
holdout,return_lstm_ppo,0.0,1000000.0,500,-0.0936413174988898,-0.4021910884090952,0.1509319716390844,0.0826933807465555,0.0,0.2039850860726206,0.1832410055346208,0.0015459153097416,44.27643826039591
holdout,return_lstm_ppo,1.0,200000.0,500,-0.0674859029772305,-0.1868231891065411,0.0155501899543447,0.0388991719313666,0.0,0.2171933829056874,0.218728600508981,0.0003648413325549,39.79537373891049
holdout,return_lstm_ppo,1.0,1000000.0,500,-0.0811254634415403,-0.1652413123621038,0.0331656932609813,0.0307058417302573,0.0,0.1830900088722408,0.1651313496001541,0.0,40.350400191499766
holdout,return_lstm_ppo,2.0,200000.0,500,0.0191945847907596,-0.0601700018447299,0.0064959428273913,0.0155184999904655,0.0,0.2175655010270826,0.2188399439851549,1.5297765297765e-05,36.53682601085968
holdout,return_lstm_ppo,2.0,1000000.0,500,-0.1459674002788829,-0.1002969932272552,0.128383969253302,0.0932035416692668,0.0,0.181388223404621,0.1743660070799567,0.0,38.41299830129408
holdout,return_lstm_ppo,3.0,200000.0,500,-0.0755165426522412,0.0120840427697699,0.0558341186366272,0.0136322579493521,0.0,0.2220262057035575,0.2153983145420382,3.5173088368282395e-05,33.02907167810862
holdout,return_lstm_ppo,3.0,1000000.0,500,-0.071584209348435,-0.2873445108692467,0.123168321104997,0.0867345411373193,0.0,0.1916863918901069,0.1806740015803128,6.25711861175132e-05,42.83872953533989
holdout,return_lstm_ppo,4.0,200000.0,500,-0.0466100937025978,-0.0836005206432719,0.0051007582198296,0.0200924343874274,0.0,0.2151012241091608,0.2173146051383037,4.28069349623644e-05,36.6096468486784
holdout,return_lstm_ppo,4.0,1000000.0,500,-0.2127260332863959,-0.4187176138871924,0.1063472034215203,0.1283875184947369,0.0,0.1864052082784225,0.2080563669987081,0.0053031010752024,43.13144534511599
holdout,return_mlp_ppo,0.0,200000.0,500,-0.0136584680698931,-0.0501355240279691,0.048965546497898,0.0419221962708368,0.0,0.2083806802935227,0.2099252528624667,7.5757575757574e-06,35.858339685950426
holdout,return_mlp_ppo,0.0,1000000.0,500,-0.1225848236474308,-0.3501210574982439,0.1264986775012534,0.1131867553329081,0.0,0.1796486312602316,0.1734838261458397,0.0001109277504971,44.49025316570593
holdout,return_mlp_ppo,1.0,200000.0,500,-0.0260618887393779,-0.0973637022090701,0.0946229999270397,0.0443784667690169,0.0,0.2209009433677891,0.2073739963224961,7.2463768115942e-06,37.40464320626858
holdout,return_mlp_ppo,1.0,1000000.0,500,-0.0993075977337969,-0.1976970010092922,0.0709164935716308,0.1065800670766503,0.0,0.1443443519834935,0.1720556891213378,0.0,43.54789845611136
holdout,return_mlp_ppo,2.0,200000.0,500,-0.0165183921758772,-0.0404766867676782,0.0642786865425298,0.0401622469925424,0.0,0.2204981216407111,0.205851344024326,7.7220077220076e-06,35.63625538023068
holdout,return_mlp_ppo,2.0,1000000.0,500,-0.0417479110429703,-0.2602891007776765,0.0968136148846604,0.1563482823968575,0.0,0.1720794804835399,0.2058191671682468,6.35903618973272e-05,42.404375295394246
holdout,return_mlp_ppo,3.0,200000.0,500,-0.012922799326806,-0.0469946911267421,0.0471288406029984,0.0435577480837752,0.0,0.2127140837035907,0.2096028379733563,0.0,35.24068226737365
holdout,return_mlp_ppo,3.0,1000000.0,500,-0.1222027852188324,-0.439774028761597,0.0826324298883752,0.0839289843911033,0.0,0.1700574377343881,0.1646569295166325,0.0011657914098698,46.98254137041391
holdout,return_mlp_ppo,4.0,200000.0,500,-0.0077694732541639,0.0161640888614322,0.0616643584600363,0.057235311985419,0.0,0.2159784296489671,0.2133998678839256,6.27019156187858e-05,34.68107989721816
holdout,return_mlp_ppo,4.0,1000000.0,500,0.0429804372020983,-0.433632684333521,0.127484724595631,0.147998557241246,0.0,0.1925916792118867,0.2013467604419266,0.0037582153078568,45.8505419760264
validation,hamilton_ppo,0.0,16000.0,50,-0.03095838382152,0.0015644024747619,0.0165741575541391,0.0087331968470106,0.0,0.2216898895748176,0.2248026058144938,6.920415224913399e-05,28.80428444994592
validation,hamilton_ppo,0.0,32000.0,50,-0.0250656527228981,0.0098149831932056,0.020567413725838,0.0061159141680128,0.0,0.2158237582710162,0.2234865770855943,0.0,41.60220108047561
validation,hamilton_ppo,0.0,48000.0,50,-0.051101611421844,-0.0092319636791326,0.022570706099034,0.0127000372109014,0.0,0.2101851305417074,0.2229070660022686,7.142857142857e-05,33.24792377514533
validation,hamilton_ppo,0.0,64000.0,50,-0.0278503126960954,-0.0326099779155941,0.0308684647583128,0.0138151324038256,0.0,0.2077995642136324,0.2186935292052702,0.0,30.841468263666133
validation,hamilton_ppo,0.0,80000.0,50,-0.0336326887000074,-0.036575037566296,0.0232151471555049,0.0106053540300822,0.0,0.2038930783224005,0.2215680881715197,0.0,31.041696216237124
validation,hamilton_ppo,0.0,96000.0,50,-0.0425507506587641,-0.0138042328039093,0.0362953948687471,0.0106482202052293,0.0,0.2032095313347426,0.2187194660146017,0.0,31.77380234731658
validation,hamilton_ppo,0.0,112000.0,50,-0.0129249347343152,-0.036503107107819,0.0462945251604886,0.0201926085162281,0.0,0.2006870391873591,0.2170839975894894,0.0,33.97574819520152
validation,hamilton_ppo,0.0,128000.0,50,0.001586471651167,-0.0454518979098682,0.0512707016014303,0.0173994806640216,0.0,0.2049975272839066,0.2168436718688927,6.3897763578274e-05,33.13233531067864
validation,hamilton_ppo,0.0,144000.0,50,-0.016974498076955,-0.0548006264171807,0.0396729960975107,0.0224963692284218,0.0,0.1973605897766243,0.2144507882316596,0.0,32.23903924646152
validation,hamilton_ppo,0.0,160000.0,50,-0.0364051425104358,-0.0666390972759203,0.0253203252130935,0.0269367938449786,0.0,0.1883655764026321,0.2119360302646767,0.0,28.83934392179888
validation,hamilton_ppo,0.0,176000.0,50,-0.0349236435826384,-0.0759336727529629,0.0276646904314816,0.0322246062370214,0.0,0.1904315727533792,0.2094744336608178,0.0,26.91339483480316
validation,hamilton_ppo,0.0,192000.0,50,-0.0363989833444972,-0.0714327590025839,0.0488298762279864,0.0358075586730167,0.0,0.1931841210265259,0.2070368644944063,0.0,32.30209627315587
validation,hamilton_ppo,0.0,200000.0,50,-0.0596009609228541,-0.0847850935092209,0.0426661451983698,0.0383744041414764,0.0,0.1923781747996256,0.2045346381757102,0.0,30.616341610799715
validation,hamilton_ppo,0.0,300000.0,50,-0.013496244879109,-0.0946631501718727,0.0580132837907135,0.0465330332819695,0.0,0.1931098485509031,0.1885252127663599,0.0,34.292733120294294
validation,hamilton_ppo,0.0,400000.0,50,-0.0530646071663882,-0.1604429578698906,0.048206294853101,0.0292254338244903,0.0,0.1877107148255727,0.1823756280415141,7.2463768115942e-05,28.483875571117736
validation,hamilton_ppo,0.0,500000.0,50,-0.0326069625270555,-0.2041582279870905,0.0348546964882919,0.0559241059349544,0.0,0.1733358464939401,0.1823807874607864,0.0,27.847642878685477
validation,hamilton_ppo,0.0,600000.0,50,-0.0186232697561177,-0.1957807849520126,0.0213408342925059,0.0688332803491483,0.0,0.1555914734059529,0.1738191006886913,0.0,29.29498305386308
validation,hamilton_ppo,0.0,700000.0,50,-0.0337414606201806,-0.2668221837576376,0.0202219405088682,0.0486257872656454,0.0,0.1567749851565901,0.1598039447249508,0.0,27.841904272979864
validation,hamilton_ppo,0.0,800000.0,50,-0.0727781957434595,-0.2533367216375125,0.0478142573975808,0.0396284655327774,0.0,0.1585935224973864,0.143011699210775,0.0,29.251782814961462
validation,hamilton_ppo,0.0,900000.0,50,-0.1489805513858823,-0.1946788267634561,0.0216062710776602,0.0494185889314338,0.0,0.149257549155148,0.1428964367394412,0.0,36.22133915794566
validation,hamilton_ppo,0.0,1000000.0,50,-0.2074875623811282,-0.1257249969905633,0.0324730365432101,0.0444620221612707,0.0,0.1460449630553356,0.1295209603930987,0.0,28.906111040380164
validation,hamilton_ppo,1.0,16000.0,100,0.0069752363293593,-0.0153865107830455,0.0103739104288353,0.019344560559888,0.0,0.2235849343357784,0.2166162823253067,6.920415224913399e-05,28.31206350657878
validation,hamilton_ppo,1.0,32000.0,100,0.0022187747007845,-0.010566652632912,0.0202582917242004,0.0134600005031623,0.0,0.215330339473274,0.2141736982831161,0.0,40.04118972973287
validation,hamilton_ppo,1.0,48000.0,100,-0.0336168543021114,-0.0178079505576435,0.0212478664559758,0.0206717499243366,0.0,0.2102804544716748,0.2146441470352985,7.142857142857e-05,33.13023532149669
validation,hamilton_ppo,1.0,64000.0,100,-0.0155523424141444,-0.0344422355044034,0.0352811221887399,0.0208507486420994,0.0,0.2091598884708645,0.2110940824908193,0.0,30.44293076174293
validation,hamilton_ppo,1.0,80000.0,100,-0.0401312821929004,-0.0433908806163768,0.0272994934805032,0.0173826242733872,0.0,0.2057399168964699,0.2139105130384803,0.0,31.314910040836352
validation,hamilton_ppo,1.0,96000.0,100,-0.0575560271122817,-0.025902049737328,0.042888060587738,0.008658962550011,0.0,0.2058915196545513,0.2105445263755431,0.0,33.06923659489662
validation,hamilton_ppo,1.0,112000.0,100,-0.0392613285492649,-0.0435228395952959,0.0506240299600689,0.0118346739201201,0.0,0.2034583193538821,0.2088159389007787,0.0,36.43781334783098
validation,hamilton_ppo,1.0,128000.0,100,-0.0127443213373749,-0.0472053231375393,0.0335049918368872,0.0151065508383068,0.0,0.2007866482893376,0.2100827968989159,0.0,33.632628228132816
validation,hamilton_ppo,1.0,144000.0,100,-0.0470862287465572,-0.0551955583496166,0.0225825417685,0.0226180976415334,0.0,0.1933752748130273,0.2084996504339714,7.168458781362e-05,34.648439623717785
validation,hamilton_ppo,1.0,160000.0,100,-0.043982035405564,-0.0568233324460436,0.0205487884231159,0.0218914184585836,0.0,0.1870655556847023,0.2044045993846598,0.0,29.616040619970285
validation,hamilton_ppo,1.0,176000.0,100,-0.0575243855268903,-0.0729196697256194,0.0201304788990419,0.0289352220717791,0.0,0.1878089415692022,0.2025197349360161,0.0,27.94692788802847
validation,hamilton_ppo,1.0,192000.0,91,-0.0643119907618463,-0.0654214298291372,0.039438245939094,0.0258202334316505,0.0,0.1881732904221416,0.199556028105251,0.0,30.322139614818443
validation,hamilton_ppo,1.0,200000.0,50,-0.082126037808339,-0.0844009824141907,0.0310639494771526,0.0248502448840507,0.0,0.1867313472929207,0.1967874331003483,0.0,32.820902103003775
validation,hamilton_ppo,1.0,300000.0,50,-0.1004922663052332,-0.0501913062592666,0.0404127697309821,0.0380366267725903,0.0,0.1845906466753221,0.1902552902351322,0.0,36.20171158617296
validation,hamilton_ppo,1.0,400000.0,50,-0.1040729310902254,-0.0888674702803952,0.0525262881124539,0.0121498459615199,0.0,0.1850502741556548,0.1879646098542295,7.2463768115942e-05,31.07512771131576
validation,hamilton_ppo,1.0,500000.0,50,0.0002503179233096,-0.0965278180536925,0.0715299008199482,0.0231137273225464,0.0,0.1810989065484293,0.1809614940036322,0.0,29.890688786092188
validation,hamilton_ppo,1.0,600000.0,50,0.0633893189887225,-0.1111614808461368,0.0493124085596631,0.0347285041015854,0.0,0.1552060862325404,0.1634482789272333,0.0,24.92435286834109
validation,hamilton_ppo,1.0,700000.0,50,0.0231783719781254,-0.1557124893106687,0.0707364057130602,0.0323761104144857,0.0,0.1614749290746534,0.155187295386454,0.0,32.22951179246514
validation,hamilton_ppo,1.0,800000.0,50,-0.0955845576410274,-0.1107855731784497,0.0629109905853765,0.0169414856639077,0.0,0.1527459870035685,0.1447699633195308,0.0,32.383819145790255
validation,hamilton_ppo,1.0,900000.0,50,-0.1708092370245678,-0.0892740348226569,0.0592003075890301,0.0398066660328674,0.0,0.14687661626305,0.1457196301375524,0.0,39.87482852460435
validation,hamilton_ppo,1.0,1000000.0,50,-0.1566260037391118,-0.1134959968426244,0.0529929370293086,0.0501204210616764,0.0,0.1369762738146319,0.1367641053488045,0.0,27.103411584650058
validation,hamilton_ppo,2.0,16000.0,50,-0.0043057322117526,-0.0058303207410429,0.0146938323221448,0.0251291058416591,0.0,0.2238191976103467,0.2260760744941709,0.0001379326745859,26.62313646693141
validation,hamilton_ppo,2.0,32000.0,50,-0.0043431183889536,0.009780331866312,0.0118326183954594,0.0270628149647358,0.0,0.2141099498929298,0.2247472237353022,0.0,39.38473314708286
validation,hamilton_ppo,2.0,48000.0,50,-0.0344759459568882,0.0020268083038367,0.0175709126624844,0.0179552680061602,0.0,0.2081537713938188,0.2245019174653023,7.142857142857e-05,30.45259827800161
validation,hamilton_ppo,2.0,64000.0,50,-0.0212940966557402,-0.0017976568362556,0.0093355332138042,0.0228656056904873,0.0,0.2051570844641634,0.2223528212114253,6.920415224913399e-05,29.54670148488473
validation,hamilton_ppo,2.0,80000.0,50,-0.0359882856490677,-0.0079896608103133,0.012589037718403,0.0286818219191427,0.0,0.2024525018151633,0.2255681732859607,0.0,33.7182994159393
validation,hamilton_ppo,2.0,96000.0,50,-0.0258017768199324,-0.0012218825716863,0.0162569568930409,0.0337750355205465,0.0,0.1997658903340969,0.221023487904141,0.0,30.49676501134361
validation,hamilton_ppo,2.0,112000.0,50,0.0052282514132637,-0.0217103040038621,0.031419017318846,0.0451566548286482,0.0,0.195605864687472,0.2206495674182433,0.0,34.89456263402346
validation,hamilton_ppo,2.0,128000.0,50,0.0243450825344137,-0.0287528904409641,0.0212472540649715,0.049882406392384,0.0,0.1966090759825457,0.2213350787602329,0.0,31.694571073976185
validation,hamilton_ppo,2.0,144000.0,50,0.0083247476128854,-0.0399978331003977,0.0167549120612119,0.0518982701717329,0.0,0.1900684402432743,0.2185042619178928,7.168458781362e-05,32.98744230535886
validation,hamilton_ppo,2.0,160000.0,50,-0.0021906339465809,-0.0306272859854452,0.0166653354080172,0.0520853788083671,0.0,0.1863047500153891,0.2153710350304584,0.0,30.29266720591393
validation,hamilton_ppo,2.0,176000.0,50,-0.0035675650340215,-0.0396917905196367,0.015708544527868,0.045468989779856,0.0,0.1874340981549407,0.2116256518739595,0.0,27.87157296372821
validation,hamilton_ppo,2.0,192000.0,50,-0.0021622752421525,-0.0478318122628529,0.0254458224892188,0.0306014964348581,0.0,0.1876714201060434,0.207012444929541,0.0,32.17877560954732
validation,hamilton_ppo,2.0,200000.0,50,-0.0219332803793343,-0.0590928841585963,0.0154716813179756,0.0325724016859256,0.0,0.1871548428192082,0.2029306602561337,0.0,29.62171730126766
validation,hamilton_ppo,2.0,300000.0,50,0.0060317265473067,-0.0979356673038693,0.0301689314896338,0.0472321704956787,0.0,0.1860627946101056,0.1927615442585899,0.0,33.83941245559206
validation,hamilton_ppo,2.0,400000.0,50,-0.0676513097510397,-0.1793246178395232,0.0583952528119444,0.0741835486589234,0.0,0.1893888544325185,0.2013239831359891,0.0001485093954923,29.24595341274262
validation,hamilton_ppo,2.0,500000.0,50,-0.0142562888910737,-0.2144224021128145,0.053629615790785,0.0731335984542498,0.0,0.1726384058322296,0.1898891697150648,0.0001370650707035,28.91377411567816
validation,hamilton_ppo,2.0,600000.0,50,-0.0130757052116153,-0.2265660469888079,0.0609891717410467,0.0844573172367218,0.0,0.1589215161898713,0.1817273808469674,0.0,25.263678484901348
validation,hamilton_ppo,2.0,700000.0,50,-0.0809447850788538,-0.2645093714864398,0.0748265424219924,0.0948730897715453,0.0,0.1670358446891283,0.1839636201923521,0.0,28.942192059258
validation,hamilton_ppo,2.0,800000.0,50,-0.18490207258497,-0.2840447472536945,0.1328350742384194,0.1103733338598069,0.0,0.1978852526098645,0.1807182798250347,0.0002081565905393,27.867174171409747
validation,hamilton_ppo,2.0,900000.0,50,-0.2181782734730388,-0.2515466894384425,0.0950677433262131,0.1309161849625895,0.0,0.1696976366630619,0.191352255021421,7.168458781362e-05,35.638479584604625
validation,hamilton_ppo,2.0,1000000.0,50,-0.2856198954691052,-0.237257437889316,0.1027475448776636,0.129305574298712,0.0,0.1697752955157271,0.183180991912638,7.662835249042e-05,29.605995734977604
validation,hamilton_ppo,3.0,16000.0,50,-0.0040514558351339,-0.0104652233325455,0.0098987709356345,0.0157064671592196,0.0,0.2229994920778761,0.2202537586007769,6.920415224913399e-05,27.91273694270192
validation,hamilton_ppo,3.0,32000.0,50,-0.0050069752699948,-0.002710634883197,0.0061787269408707,0.0075401542659847,0.0,0.2147619274612544,0.2183440646475699,0.0,40.20321004619663
validation,hamilton_ppo,3.0,48000.0,50,-0.0440408744346386,-0.0237606295210524,0.01249270520008,0.0187389795471435,0.0,0.2094389742483613,0.2189772980557185,0.0,32.36944809540933
validation,hamilton_ppo,3.0,64000.0,50,-0.0395275414760381,-0.0267878117320328,0.022238427978773,0.0133932895679189,0.0,0.2079469573013009,0.2149858956337812,0.0,29.948691272686943
validation,hamilton_ppo,3.0,80000.0,50,-0.0445960330392514,-0.0316902719089351,0.0161657488161313,0.0118917179553952,0.0,0.2052214140395668,0.218202697061145,0.0,31.77579124834915
validation,hamilton_ppo,3.0,96000.0,50,-0.0457810209804891,-0.020578337581036,0.0295964514651966,0.0082652760589176,0.0,0.2033337778087216,0.215614856567248,0.0,31.74152873084115
validation,hamilton_ppo,3.0,112000.0,50,-0.0303713230738704,-0.0419277308217837,0.0393745413995241,0.0195681735971737,0.0,0.198800295084749,0.215947767653011,0.0,34.80291295995326
validation,hamilton_ppo,3.0,128000.0,50,-0.027022720395524,-0.0466688786752929,0.0321557563550528,0.0146005187123852,0.0,0.1993236879931351,0.2158716221659641,0.0,34.069766338162246
validation,hamilton_ppo,3.0,144000.0,50,-0.0407139046652174,-0.0514388842137706,0.0231013025773028,0.0240927590073621,0.0,0.1929443394855379,0.2139970708942989,7.168458781362e-05,33.71569970589439
validation,hamilton_ppo,3.0,160000.0,50,-0.0375340452412013,-0.0599198581244735,0.0225033568754552,0.023524365736559,0.0,0.1860381166266447,0.210314256369147,0.0,28.16777055745824
validation,hamilton_ppo,3.0,176000.0,50,-0.0311560580238299,-0.0753200839281015,0.0286979727746951,0.0301951410060383,0.0,0.1885583563772071,0.2079554565387556,0.0,29.019953569906207
validation,hamilton_ppo,3.0,192000.0,50,-0.0323783451494747,-0.0775659900124628,0.0525287295533286,0.0235680291971163,0.0,0.1925129877321399,0.2046706017222169,0.0,32.43889605592497
validation,hamilton_ppo,3.0,200000.0,50,-0.0547597752679587,-0.0817218770932699,0.0410920674528858,0.0253854134886732,0.0,0.1902469556885214,0.2015056578428419,0.0,31.055853441442174
validation,hamilton_ppo,3.0,300000.0,50,-0.0538865916676584,-0.0643647655200746,0.050439248739392,0.045861781132976,0.0,0.1872831081546057,0.1917154380275889,0.0,33.942646549433746
validation,hamilton_ppo,3.0,400000.0,50,-0.0730993270648671,-0.1455287913916425,0.0544981094053735,0.0098699129391342,0.0,0.1821618354011855,0.1871812695520062,7.2463768115942e-05,29.10091284172892
validation,hamilton_ppo,3.0,500000.0,50,0.0495866820434984,-0.1661751355761206,0.0507824168438134,0.0326173519975026,0.0,0.1697218153506094,0.1809321571765495,0.0,29.55346008005046
validation,hamilton_ppo,3.0,600000.0,50,0.0752700065949327,-0.1654435313055758,0.0340043165560736,0.0516158809876879,0.0,0.1491987990344158,0.1703866675233626,0.0,23.24661722097809
validation,hamilton_ppo,3.0,700000.0,50,0.0574533887404444,-0.1997616687867086,0.0122429908989826,0.0382667761717936,0.0,0.1451456104356619,0.1627897763460955,0.0,29.2680605324285
validation,hamilton_ppo,3.0,800000.0,50,-0.0188237985533282,-0.1604782276290974,0.0459226282031922,0.0045209400488461,0.0,0.1474571244159747,0.1484075173038757,0.0,33.324167904941895
validation,hamilton_ppo,3.0,900000.0,50,-0.0693141259558899,-0.104727947589022,0.0389062153098519,0.0328352286128687,0.0,0.1419101603508082,0.1483434270342669,0.0,37.06570562039934
validation,hamilton_ppo,3.0,1000000.0,50,-0.1001844182311399,-0.1045758751259136,0.0535297836939602,0.0460445012401124,0.0,0.1400969313269052,0.1431434918857413,0.0,28.8692385177822
validation,hamilton_ppo,4.0,16000.0,50,-0.0126721039920754,0.0018803408089414,0.0132984651612671,0.0137268601978361,0.0,0.2231565741604304,0.2264158976693261,6.920415224913399e-05,28.77166241576569
validation,hamilton_ppo,4.0,32000.0,50,-0.0158641902049878,0.009512872234893,0.0183157515210157,0.0066416122106274,0.0,0.2173408504157045,0.2249052997926564,0.0,41.981423136673214
validation,hamilton_ppo,4.0,48000.0,50,-0.0621075462970158,-0.012015877469773,0.0238358454802639,0.0160373650899862,0.0,0.2112922284551039,0.2255500494201268,0.0001471861471861,34.74043863282506
validation,hamilton_ppo,4.0,64000.0,50,-0.0418194129028392,-0.0188318829556708,0.031774821630143,0.0120598996952686,0.0,0.2089362801340432,0.2216300453943139,0.0,30.764257220423268
validation,hamilton_ppo,4.0,80000.0,50,-0.0578441984355963,-0.0198144205808344,0.0273930010954727,0.0075613267288893,0.0,0.206055952512326,0.2254599230083136,0.0,33.02252468376088
validation,hamilton_ppo,4.0,96000.0,50,-0.0743210643952257,-0.0087244109893285,0.0342484408667037,0.0050863575886085,0.0,0.2045214104393796,0.2230996491656879,0.0,32.231320585997224
validation,hamilton_ppo,4.0,112000.0,50,-0.0450945697682195,-0.0410008251277947,0.0492465776891829,0.0201457732643494,0.0,0.2026068136961241,0.2223733277829548,0.0,36.62052253407296
validation,hamilton_ppo,4.0,128000.0,50,-0.0304671530250123,-0.0543812322815388,0.0459752947899756,0.0230659426301781,0.0,0.2037813923500763,0.2238507173495438,0.0,33.96148698144189
validation,hamilton_ppo,4.0,144000.0,50,-0.0519216818879295,-0.0686319303266549,0.0418517960224268,0.0374675916275219,0.0,0.196222347221019,0.222452150822376,0.0001433691756272,33.83246917228105
validation,hamilton_ppo,4.0,160000.0,50,-0.0626006214587775,-0.0629310355983413,0.037992718292863,0.035221482250887,0.0,0.1884747512090567,0.2195571838601917,0.0,28.60089706425604
validation,hamilton_ppo,4.0,176000.0,50,-0.0652714935886609,-0.0743379800222247,0.0409823243215796,0.041924960149277,0.0,0.190863421716912,0.2167832013415322,0.0,26.35228248684738
validation,hamilton_ppo,4.0,192000.0,50,-0.0569519402198129,-0.0666372420189792,0.0609098671415995,0.0283050030861779,0.0,0.193465491732169,0.2121434797826158,0.0,31.67946342534632
validation,hamilton_ppo,4.0,200000.0,50,-0.0826482160868793,-0.0715996131027981,0.053061205985444,0.0292028868116085,0.0,0.1912611405134709,0.2092364370451744,0.0,29.878341526505093
validation,hamilton_ppo,4.0,300000.0,50,-0.0467412382022785,-0.0804617596064101,0.0497011659530618,0.0301013008705582,0.0,0.184036305366056,0.1903921270918727,0.0,35.506806842152486
validation,hamilton_ppo,4.0,400000.0,50,-0.0810531736420838,-0.1423082121741977,0.0531420800691263,0.022476906589558,0.0,0.1808375835861523,0.1873186520393234,7.2463768115942e-05,28.217338685517184
validation,hamilton_ppo,4.0,500000.0,50,-0.0015707417094467,-0.1732942653888053,0.0509885535124962,0.0311953764383797,0.0,0.1694776452892713,0.1809386690196338,0.0,29.5431275834526
validation,hamilton_ppo,4.0,600000.0,50,0.025471887836824,-0.1755450507437884,0.0490223850418478,0.0362421373893533,0.0,0.1524532274682476,0.1699606259646259,0.0,26.421477646158483
validation,hamilton_ppo,4.0,700000.0,50,0.0200867145552074,-0.2580870062883865,0.0562989595390345,0.0654396388386206,0.0,0.1545527836616042,0.1746220600343918,0.0,26.79597359054432
validation,hamilton_ppo,4.0,800000.0,50,-0.0951694888667611,-0.234998191899053,0.084691227010618,0.0568840341376761,0.0,0.1626224475584108,0.1592443027084191,0.0,31.789004453005628
validation,hamilton_ppo,4.0,900000.0,50,-0.1495045246047521,-0.2295302491887889,0.0678164660551672,0.0892067863966857,0.0,0.1541124337571183,0.1694999587153629,0.0,39.219681821795845
validation,hamilton_ppo,4.0,1000000.0,50,-0.1388949656218465,-0.2182743962896467,0.053398071325311,0.0939973918939232,0.0,0.1403924355476521,0.1601443837184115,0.0,25.914835271363685
validation,return_lstm_ppo,0.0,16000.0,50,0.0020214156963205,-0.0285702650599511,0.0031775177298019,0.0027300525779198,0.0,0.2223753869698407,0.2233597782429029,6.920415224913399e-05,27.81546757584171
validation,return_lstm_ppo,0.0,32000.0,50,-0.0017347117514121,-0.0744074160908389,0.003746436635936,0.006163154863251,0.0,0.2196563282555964,0.2222439593308144,7.4906367041198e-05,37.03614356009095
validation,return_lstm_ppo,0.0,48000.0,50,-0.0325334263475371,-0.0680547743294036,0.0053390174769835,0.0067834217775187,0.0,0.218450679419245,0.2210150170848309,0.0,30.76892314652626
validation,return_lstm_ppo,0.0,64000.0,50,-0.045473598365871,-0.0731673605146796,0.0044127984648922,0.010450144694294,0.0,0.2177542163656843,0.2183470261638539,0.0,31.12815499823094
validation,return_lstm_ppo,0.0,80000.0,50,-0.0500797354336336,-0.1031584078761964,0.0114217792553373,0.0149507127484658,0.0,0.2150651363233115,0.2178227173943425,0.000206756728616,32.81099272345478
validation,return_lstm_ppo,0.0,96000.0,50,-0.0597779900383404,-0.0914433244625268,0.0151866952254249,0.0165562999437876,0.0,0.2161895389400004,0.2205310214756765,0.0001384615384615,27.80441562843196
validation,return_lstm_ppo,0.0,112000.0,50,-0.0398511197634028,-0.1249851967664031,0.0175617451392657,0.0158526868672705,0.0,0.21634182544475,0.2203323959775267,7.067137809187201e-05,34.71357818176639
validation,return_lstm_ppo,0.0,128000.0,50,-0.0337933380584435,-0.1301686544537011,0.0134474857789403,0.0196620192397763,0.0,0.2146211991323415,0.218814938666958,0.0001423776046614,33.227606129060646
validation,return_lstm_ppo,0.0,144000.0,50,-0.0386744274642469,-0.1231298392342579,0.0118869164778539,0.0203331226242937,0.0,0.2147600231178386,0.2185477534549461,0.0002100358422939,29.819602499352364
validation,return_lstm_ppo,0.0,160000.0,50,-0.0386140175493614,-0.1425102104252759,0.0146946117577583,0.0267073116667162,0.0,0.2143062163972368,0.2191725844431521,0.0002881338874716,27.31663985468049
validation,return_lstm_ppo,0.0,176000.0,50,-0.0692294071343013,-0.1237947638096399,0.015622360755111,0.0306670724588518,0.0,0.2161256392512094,0.219383131954981,0.0001366250363055,23.96920876488945
validation,return_lstm_ppo,0.0,192000.0,50,-0.0653004520390692,-0.1279397610661316,0.0162487717819497,0.0325987508144456,0.0,0.2126516349585721,0.2157741835548341,7.7220077220076e-05,34.70287154714053
validation,return_lstm_ppo,0.0,200000.0,50,-0.0786241825357375,-0.1425968965183878,0.0141682740006468,0.0228825259967898,0.0,0.2128754991577499,0.2152938350520326,0.000144109709327,31.848200318407734
validation,return_lstm_ppo,0.0,300000.0,50,-0.05455251166196,-0.270679266318207,0.0466138073677951,0.0528768218059769,0.0,0.2095279825131567,0.2105696939953667,0.0008603821449353,34.91679112352122
validation,return_lstm_ppo,0.0,400000.0,50,-0.1619247186390532,-0.0964268345135294,0.0208099141203812,0.0459740145955334,0.0,0.1936097860744787,0.1994261919482818,0.000219649915302,30.08335735111793
validation,return_lstm_ppo,0.0,500000.0,50,-0.1042835692441687,-0.2170606948805271,0.0400961095597715,0.0561931091215164,0.0,0.1853193711173312,0.1972530215699018,0.0002067514818533,30.1908621871396
validation,return_lstm_ppo,0.0,600000.0,50,-0.1688093246686909,-0.3035168037313847,0.0969255855425324,0.0711261930047414,0.0,0.1934050869852387,0.1930345739586349,0.0005615856121044,29.196312826916305
validation,return_lstm_ppo,0.0,700000.0,50,-0.1814885151835681,-0.3660221216759271,0.0966519080283745,0.0687940920110487,0.0,0.1873104120170116,0.1885848167608303,0.0009195155528951,21.23231339891501
validation,return_lstm_ppo,0.0,800000.0,50,-0.1515522236675676,-0.459507374875088,0.096839348795728,0.0662508081561872,0.0,0.1835111404673565,0.1771026260891867,0.0028076953718142,14.785240837203462
validation,return_lstm_ppo,0.0,900000.0,50,-0.1277342879308956,-0.4711735051847072,0.130918980397893,0.0622562626561524,0.0,0.1966353373434048,0.1763402091910673,0.0042570032991294,17.142881240097296
validation,return_lstm_ppo,0.0,1000000.0,50,-0.1020033771020162,-0.4071213331885309,0.1525257600112425,0.0830993622944127,0.0,0.2083543546021582,0.1841289235098063,0.0016164878481141,19.060455003153013
validation,return_lstm_ppo,1.0,16000.0,50,-0.0184977975632355,-0.0067481831428423,0.005179238597332,0.0222039224244622,0.0,0.2246922371854705,0.223157302098743,6.920415224913399e-05,28.208094588368613
validation,return_lstm_ppo,1.0,32000.0,50,-0.0091885128186022,-0.0695967307909076,0.0063039326501207,0.021823265722662,0.0,0.2213252245348607,0.2218436327172423,7.4906367041198e-05,37.69447252295959
validation,return_lstm_ppo,1.0,48000.0,50,-0.0415965090821527,-0.0629344295649673,0.0074903571927338,0.0267803273049354,0.0,0.2213126386151411,0.2215388538840592,0.0,30.684336507312977
validation,return_lstm_ppo,1.0,64000.0,50,-0.0347352882920472,-0.0635413125239929,0.0039515542184846,0.035049161366396,0.0,0.2208269227259532,0.2194843492718632,7.3260073260072e-05,31.613637512613376
validation,return_lstm_ppo,1.0,80000.0,50,-0.0348813660238404,-0.0882928503903056,0.0093844035560458,0.0375566767877112,0.0,0.2194900529730031,0.2199614557402663,0.000206756728616,32.25559106656642
validation,return_lstm_ppo,1.0,96000.0,50,-0.0359190577008592,-0.0712076468188955,0.0143271788408508,0.0381426181528892,0.0,0.2214709833062148,0.2224999204547652,7.6923076923076e-05,25.264268455141654
validation,return_lstm_ppo,1.0,112000.0,50,-0.0225363738185878,-0.1354059026808983,0.0160939760940996,0.0395976325533756,0.0,0.2222216888708899,0.2219758728485103,0.0001373380447585,32.73557922207077
validation,return_lstm_ppo,1.0,128000.0,50,-0.0150094394784296,-0.1145662083171592,0.0106500432237078,0.0450231785140476,0.0,0.2209870212292718,0.221547954269282,0.0002120640158112,33.447523299988646
validation,return_lstm_ppo,1.0,144000.0,50,-0.0436487503140932,-0.1348525942773186,0.0078922403703594,0.0347454017032599,0.0,0.2203359835734193,0.2187870648833489,0.0002108150225962,30.60470949087707
validation,return_lstm_ppo,1.0,160000.0,50,-0.0419591435432556,-0.1683023021351774,0.0113885848251029,0.0475258834688343,0.0,0.2191168983169936,0.2203662264626537,0.0005004144901347,28.591662860745643
validation,return_lstm_ppo,1.0,176000.0,50,-0.0797597130007369,-0.1717834447428476,0.0163051059754059,0.0600692567090469,0.0,0.2222793431524553,0.2231100115006321,0.0003458982766014,23.216137263374616
validation,return_lstm_ppo,1.0,192000.0,50,-0.0676847628940243,-0.1835119654033741,0.0197927964264852,0.0523215277449014,0.0,0.2173901187767385,0.2203772262235048,0.0004327399843452,32.25429523448743
validation,return_lstm_ppo,1.0,200000.0,50,-0.067676451546808,-0.187557800355279,0.0156586691358158,0.0384718163867323,0.0,0.2171014828951951,0.217628819124946,0.000144109709327,31.87925474666796
validation,return_lstm_ppo,1.0,300000.0,50,0.0277638803200955,-0.3305777074294374,0.0063097619673656,0.0488250847835902,0.0,0.2139484775216666,0.2083812064764414,0.0015613464196484,29.18912678754145
validation,return_lstm_ppo,1.0,400000.0,50,-0.0554474755625091,-0.324991248339043,0.0166890052619966,0.0536443131537625,0.0,0.2142370762933128,0.2061950484842312,0.0014957314409628,21.358377066664914
validation,return_lstm_ppo,1.0,500000.0,50,0.0303198358784752,-0.2892217068778488,0.0061653800089676,0.0361408185994223,0.0,0.2124290267597257,0.1905296373118333,0.0002834940245529,21.178346403792315
validation,return_lstm_ppo,1.0,600000.0,50,-0.0535939096566423,-0.3046137647571177,0.0420227599127582,0.0245305986228207,0.0,0.2065009652927475,0.1821813312095096,0.000142413683877,24.8880563317099
validation,return_lstm_ppo,1.0,700000.0,50,-0.0527743203475568,-0.3869293956218824,0.0263319564834592,0.0268263389195327,0.0,0.2048961867322083,0.1806132439503472,0.0007085394618359,23.670941960384067
validation,return_lstm_ppo,1.0,800000.0,50,-0.0740509162848709,-0.3651610581192276,0.0234245070612317,0.0457923747700291,0.0,0.2013788180301816,0.1697301743430039,0.0003528052521429,19.46563265476617
validation,return_lstm_ppo,1.0,900000.0,50,-0.036500506631211,-0.2810412467159618,0.0269200440591485,0.0543745874304517,0.0,0.1947247715370257,0.1739140756046543,0.0002145117294053,30.12209097553793
validation,return_lstm_ppo,1.0,1000000.0,50,-0.0814477114437471,-0.1661659635977739,0.0336214479213217,0.03037752993848,0.0,0.1849170197803852,0.1656942634789556,0.0,24.58108392857689
validation,return_lstm_ppo,2.0,16000.0,50,0.0003158620958114,-0.0302012298499745,0.0090657398456262,0.0046626560390578,0.0,0.2258979454158199,0.2256852155649134,6.920415224913399e-05,26.69985090696516
validation,return_lstm_ppo,2.0,32000.0,50,0.004773616708555,-0.0801404175065409,0.0089834358510913,0.0076661872926891,0.0,0.2220640939748894,0.2243573821512194,7.4906367041198e-05,35.80846050122803
validation,return_lstm_ppo,2.0,48000.0,50,-0.0244102481053092,-0.0751885466217438,0.0065326796203974,0.0086153681566896,0.0,0.220370969008172,0.2240092922168749,0.0,30.40082043414486
validation,return_lstm_ppo,2.0,64000.0,50,-0.0296880200538577,-0.0815534326007442,0.0086109691891481,0.0129873288429712,0.0,0.2189122940113042,0.2217890477202209,7.3260073260072e-05,31.63205534905179
validation,return_lstm_ppo,2.0,80000.0,50,-0.0331441064140032,-0.1179517914120257,0.0076839597752697,0.0144240097727224,0.0,0.2158288050001841,0.2218928600093679,0.000206756728616,31.30411174760111
validation,return_lstm_ppo,2.0,96000.0,50,-0.0305518062535463,-0.1187501514367962,0.0090085397770165,0.0142449504969907,0.0,0.2162677234502121,0.2233950408699838,0.0001384615384615,26.70611515514201
validation,return_lstm_ppo,2.0,112000.0,50,-0.0085890383822316,-0.1070056439174543,0.0053419549616824,0.0137149076245427,0.0,0.216889874499498,0.2237550110870266,7.067137809187201e-05,35.75804843922027
validation,return_lstm_ppo,2.0,128000.0,50,-0.0047853385837771,-0.0692580212642185,0.0048122364153818,0.0130143143888697,0.0,0.2150146670605683,0.220811578824801,0.0,32.863730283812494
validation,return_lstm_ppo,2.0,144000.0,50,-0.0249611070226007,-0.0730836293353304,0.0025974358182706,0.0143096157762824,0.0,0.2154963339955935,0.2198421048087055,7.168458781362e-05,32.9197425688439
validation,return_lstm_ppo,2.0,160000.0,50,0.0070540417214307,-0.0783341567270339,0.0058470523223888,0.0208368919914805,0.0,0.21524453370684,0.2208046088354639,0.0001446886446886,25.31212281675036
validation,return_lstm_ppo,2.0,176000.0,50,-0.00620004822222,-0.0531867266947012,0.0042121720101708,0.025264173177748,0.0,0.2186872057197438,0.2211591300451553,0.0,25.57437369114948
validation,return_lstm_ppo,2.0,192000.0,50,0.0109449622633889,-0.0658772189356945,0.0036502448171545,0.0226008806908694,0.0,0.2158627423523108,0.2183706132585616,0.0,29.46281992136382
validation,return_lstm_ppo,2.0,200000.0,50,0.0194517986703182,-0.061605779366884,0.0064605350604428,0.0152202475669373,0.0,0.217555500741153,0.2179404546031107,0.0,26.448181610363704
validation,return_lstm_ppo,2.0,300000.0,50,-0.0147388636020527,-0.0394955220311262,0.0135509068184388,0.0247921503517695,0.0,0.2087694543473232,0.2056139282555273,0.0,33.06257332319233
validation,return_lstm_ppo,2.0,400000.0,50,-0.1272322772383771,-0.0618598388360512,0.0171986034822859,0.0109168999531475,0.0,0.2032145632620505,0.1928898222757063,7.2463768115942e-05,33.63645707620028
validation,return_lstm_ppo,2.0,500000.0,50,-0.0927383678691614,-0.1188566852711302,0.0193235374000022,0.0623017681673765,0.0,0.1875096318140058,0.200043621265486,0.0001370650707035,32.265468137763484
validation,return_lstm_ppo,2.0,600000.0,50,-0.1201964843095794,-0.1020354683227012,0.0473511273801696,0.1215702695099923,0.0,0.1800663810059285,0.2113787575849133,6.9686411149824e-05,29.290466958209556
validation,return_lstm_ppo,2.0,700000.0,50,-0.1548383139174089,-0.0776798252637993,0.052581304261392,0.0949267182855207,0.0,0.1644582189440717,0.1936454465965998,0.0,33.04794064519091
validation,return_lstm_ppo,2.0,800000.0,50,-0.1276551222009684,-0.1487326828406064,0.0521629419582962,0.1014637011684173,0.0,0.150588617807795,0.1880648367059089,0.0,29.19348908699409
validation,return_lstm_ppo,2.0,900000.0,50,-0.1480493699879427,-0.1123236390589345,0.0982907313735692,0.0825601725621577,0.0,0.165311383236212,0.1707786472048442,0.0,32.58292080605734
validation,return_lstm_ppo,2.0,1000000.0,50,-0.144333261641343,-0.1013119373592352,0.1288513742882664,0.0936350623982592,0.0,0.1838615583205422,0.1748239854489059,0.0,26.338830634067435
validation,return_lstm_ppo,3.0,16000.0,50,-0.0421744329822816,-0.0068783030407125,0.0084976259786976,0.0124053103394042,0.0,0.228895421498407,0.2251538735270217,6.920415224913399e-05,27.93589760115612
validation,return_lstm_ppo,3.0,32000.0,50,-0.0366848601182146,-0.0517173755562056,0.0121241035483791,0.0107122123554415,0.0,0.2261199606888387,0.2247998119504088,0.0001436348893779,38.68228595929568
validation,return_lstm_ppo,3.0,48000.0,50,-0.0495822729447775,-0.0306903014728652,0.0177366430384302,0.023048437203276,0.0,0.2268381286134609,0.2230508646569217,7.142857142857e-05,31.27869066505241
validation,return_lstm_ppo,3.0,64000.0,50,-0.0440311107909658,0.0022098408677233,0.0103649529507185,0.0317130250006052,0.0,0.2241578865168135,0.2211361941635131,0.0,28.143256450983998
validation,return_lstm_ppo,3.0,80000.0,50,-0.0624664635437994,0.0013647646684462,0.0333959295681417,0.0418406081023863,0.0,0.2215866377489544,0.2213721656104084,6.3897763578274e-05,32.45564848234204
validation,return_lstm_ppo,3.0,96000.0,50,-0.0728910001381068,0.0010174186644663,0.0503445567405987,0.0209529879954686,0.0,0.2238507057185822,0.2185225088270325,7.6923076923076e-05,30.221189192158032
validation,return_lstm_ppo,3.0,112000.0,50,-0.0471522175100427,-0.0032767886563509,0.0521615239789655,0.0169839160743708,0.0,0.2224474757193283,0.2143779663586062,0.0,33.97464855452187
validation,return_lstm_ppo,3.0,128000.0,50,-0.0655661224693267,0.0090361046667856,0.050184156936232,0.0165341474689961,0.0,0.2207092661866904,0.214162966725212,7.017543859649e-05,35.34823517239303
validation,return_lstm_ppo,3.0,144000.0,50,-0.0672398253255755,0.0077159098287137,0.0494661778128265,0.0165795832540128,0.0,0.2205826073596473,0.2136083233312414,7.2463768115942e-05,34.11082720929538
validation,return_lstm_ppo,3.0,160000.0,50,-0.0707686025913394,0.0064311230608926,0.0497578512444959,0.0172598410773586,0.0,0.2194037513055523,0.2154133281117182,6.6666666666666e-05,31.89226478033557
validation,return_lstm_ppo,3.0,176000.0,50,-0.0702505534061283,0.0076342570296865,0.0524377302091015,0.0154440618420787,0.0,0.2228977145646855,0.2154587461580936,7.017543859649e-05,29.625967784207987
validation,return_lstm_ppo,3.0,192000.0,50,-0.0516350850182876,0.0145355565404842,0.0518987040891884,0.0127512904593448,0.0,0.2205129447660374,0.2145986604343305,0.0,33.327150825891735
validation,return_lstm_ppo,3.0,200000.0,50,-0.076860976836169,0.0122283735683365,0.0559234073256389,0.0138518989269452,0.0,0.2215239608549893,0.214569248852903,0.0,31.97618321458589
validation,return_lstm_ppo,3.0,300000.0,50,-0.0348713668189443,-0.0105133343943291,0.0541626373822026,0.0216201136548156,0.0,0.2180794391087026,0.2116530936590716,0.0,31.2475932174968
validation,return_lstm_ppo,3.0,400000.0,50,-0.1686848351787066,-0.0687943572901277,0.0421037848252213,0.0164997957315569,0.0,0.2116609183740047,0.2075630302350498,0.0002883710492406,32.46000569887314
validation,return_lstm_ppo,3.0,500000.0,50,-0.0857114800857276,-0.0817312536054215,0.0500961497171526,0.0447403340648401,0.0,0.2013989319815007,0.2104942554419221,6.6889632107022e-05,31.810638828312964
validation,return_lstm_ppo,3.0,600000.0,50,-0.1232588640795208,-0.083405135310156,0.0716022591822778,0.0772124542521138,0.0,0.1974266831791986,0.2031456462045278,0.0,30.937394343669872
validation,return_lstm_ppo,3.0,700000.0,50,-0.0747317286014091,-0.0934995112932283,0.0798942179714979,0.0611532196617092,0.0,0.189710478538283,0.1904623974557114,0.0,34.6815077485483
validation,return_lstm_ppo,3.0,800000.0,50,-0.0846048431961261,-0.1691212691129622,0.0891777247149966,0.0644122803170888,0.0,0.1838196744597893,0.1769735874459413,0.0,23.899729316447047
validation,return_lstm_ppo,3.0,900000.0,50,-0.0245455816609723,-0.2427307560707309,0.1527701575166664,0.0707409094081224,0.0,0.2200804512820039,0.1781657961977066,0.0,28.9407825933812
validation,return_lstm_ppo,3.0,1000000.0,50,-0.0705610312562437,-0.288749699204115,0.1238895497074994,0.0871629189345133,0.0,0.1945657317481647,0.1821424484468297,7.662835249042e-05,22.071448758314173
validation,return_lstm_ppo,4.0,16000.0,50,0.0208065307570592,0.0312658861186322,0.0053495605247596,0.0052365151488386,0.0,0.2266633864217887,0.2242819093369895,6.920415224913399e-05,27.00384707817675
validation,return_lstm_ppo,4.0,32000.0,50,0.0296771121303629,-0.0218348624603976,0.0047109327933092,0.0036880740407965,0.0,0.2236991952454799,0.2230725215922502,0.0,36.86051372693781
validation,return_lstm_ppo,4.0,48000.0,50,0.0149872176625261,-0.0372877477753078,0.0073572275151536,0.0069169183081661,0.0,0.2227284981994681,0.2223821566548467,7.142857142857e-05,31.52326377317958
validation,return_lstm_ppo,4.0,64000.0,50,0.0061206798698373,-0.0163679252630494,0.0067188333180913,0.0067911739354422,0.0,0.2220705136558542,0.2196172561193724,6.920415224913399e-05,27.51750929481398
validation,return_lstm_ppo,4.0,80000.0,50,0.0087720415970446,-0.0641012999101932,0.0071877187175258,0.0149145476711571,0.0,0.2189168567855391,0.2207185020956792,6.3897763578274e-05,32.667993079214355
validation,return_lstm_ppo,4.0,96000.0,50,0.0009316741403779,-0.0679576087387793,0.0057132838120914,0.0156859375091221,0.0,0.2201871740852644,0.2221961280977425,7.6923076923076e-05,27.933282500318064
validation,return_lstm_ppo,4.0,112000.0,50,0.0163849446220805,-0.0906287583771179,0.0040737988809705,0.0117929213443734,0.0,0.2210586718296924,0.2221766173144076,0.0,35.558978197265226
validation,return_lstm_ppo,4.0,128000.0,50,0.0190427794673296,-0.088450582762909,0.0037276498520576,0.0149829904934078,0.0,0.2193784613366804,0.2194683013015361,6.3897763578274e-05,30.979029151608955
validation,return_lstm_ppo,4.0,144000.0,50,-0.0051306193340362,-0.101259520547574,0.0029485865610912,0.015900153167103,0.0,0.2190390748635783,0.21926421702401,0.0002100358422939,31.22111750153182
validation,return_lstm_ppo,4.0,160000.0,50,0.0036437079908888,-0.0936102938658838,0.003563949869408,0.0210146573303454,0.0,0.2164075281514609,0.2196991742534813,0.0002219087219087,24.559816319767027
validation,return_lstm_ppo,4.0,176000.0,50,-0.044979032010969,-0.0704605204995293,0.0035932678539469,0.0176897475462244,0.0,0.217804732775977,0.2185419185566148,0.0,24.92925140201354
validation,return_lstm_ppo,4.0,192000.0,50,-0.0415034645150156,-0.0831605794730538,0.0037987055173185,0.0225611294643974,0.0,0.2137584970718787,0.2159850638462825,7.142857142857e-05,32.91405153518329
validation,return_lstm_ppo,4.0,200000.0,50,-0.0467383851983051,-0.0842029355748372,0.00515142759737,0.0189904438260684,0.0,0.2150841831566847,0.216358850757669,6.6889632107022e-05,27.740331358484124
validation,return_lstm_ppo,4.0,300000.0,50,-0.0929240693462611,-0.1363832711526849,0.025388074237598,0.033022385773741,0.0,0.2129577298460824,0.207065284210913,0.0001393999004286,33.312885152677104
validation,return_lstm_ppo,4.0,400000.0,50,-0.186199216383854,-0.0995050751415436,0.0201820533377893,0.0451001944800349,0.0,0.2016501267282052,0.1988231019146352,7.2463768115942e-05,30.21405931601312
validation,return_lstm_ppo,4.0,500000.0,50,-0.0662364550023683,-0.22896591093521,0.0153507132381218,0.0808566928913847,0.0,0.1907164700443158,0.2089256013626166,0.0005706486046369,26.545916639072367
validation,return_lstm_ppo,4.0,600000.0,50,-0.1507879234239051,-0.2826253475532129,0.0961318781670276,0.1136103816475276,0.0,0.2060774938370821,0.2131341956398873,0.001069566246046,26.3846623946411
validation,return_lstm_ppo,4.0,700000.0,50,-0.1590875122555116,-0.3662140507945539,0.126093946444109,0.1303460653066885,0.0,0.2197287840270905,0.2186619642026358,0.0033131321824314,15.403757854954684
validation,return_lstm_ppo,4.0,800000.0,50,-0.2004486516557226,-0.4174313982299849,0.1203568058020093,0.1287543835038527,0.0,0.21486390123227,0.2078725088500896,0.0043982823034309,13.292356431317517
validation,return_lstm_ppo,4.0,900000.0,50,-0.1700343866108426,-0.440235476930933,0.0910921141987608,0.1288179501153824,0.0,0.1898328920933784,0.2101491344404643,0.0065596261025874,11.907682841440051
validation,return_lstm_ppo,4.0,1000000.0,50,-0.2167399944230584,-0.4205644971723441,0.1087049706843164,0.1284888494121525,0.0,0.1896930580495286,0.2094329613788764,0.0047046616225601,14.364460301701554
validation,return_mlp_ppo,0.0,16000.0,50,-0.0100974566861191,-0.0107865197717078,0.029865275839194,0.0164289379962812,0.0,0.2241802726906921,0.2218510090033984,0.0,27.48059374637236
validation,return_mlp_ppo,0.0,32000.0,50,-0.0147224900717526,-0.050427062497275,0.0256653414060158,0.0246340335905979,0.0,0.2181339374210917,0.223620506860116,0.0,35.645014832315766
validation,return_mlp_ppo,0.0,48000.0,50,-0.0188164307622036,-0.0509532908201632,0.0266130690657849,0.0235525446592992,0.0,0.2165475150225767,0.2221083615548164,0.0,29.78116128274303
validation,return_mlp_ppo,0.0,64000.0,50,-0.0085356410776686,-0.0457682781287041,0.0165365277550646,0.027181868988763,0.0,0.2140507388666939,0.2198203573449584,0.0,27.937783565606143
validation,return_mlp_ppo,0.0,80000.0,50,-0.0168542708138498,-0.0457130471008124,0.0293432849523954,0.0338248286965382,0.0,0.2110902258665306,0.2210108046230234,6.3897763578274e-05,30.17883041289601
validation,return_mlp_ppo,0.0,96000.0,50,-0.0130931072932935,-0.0307169134488414,0.0407482222891256,0.022691283585302,0.0,0.2151037596672247,0.2197505887083814,7.6923076923076e-05,27.94619977198344
validation,return_mlp_ppo,0.0,112000.0,50,0.0030547719773926,-0.046465952951488,0.0502639631331115,0.029108453411842,0.0,0.2142680642249196,0.2177663334214567,0.0,30.23908152131066
validation,return_mlp_ppo,0.0,128000.0,50,0.0191396720877773,-0.046675788652865,0.0459587198558311,0.0266218636029781,0.0,0.2113150752117219,0.2115099914180623,0.0,30.949770692135317
validation,return_mlp_ppo,0.0,144000.0,50,0.0040915988568415,-0.0586983606570623,0.0519202886635581,0.0363728726452711,0.0,0.2148233847586954,0.2100349304801327,0.0,31.808300329391987
validation,return_mlp_ppo,0.0,160000.0,50,0.0244056260173928,-0.0511762543004122,0.0604235334795841,0.0272466285154323,0.0,0.2160521233292494,0.2098433537397751,0.0,25.432041421205767
validation,return_mlp_ppo,0.0,176000.0,50,-0.0002403783050552,-0.0438413448769326,0.063706724240399,0.0310779311724987,0.0,0.2175321393982818,0.2093379266744671,0.0,26.391953191571773
validation,return_mlp_ppo,0.0,192000.0,50,-0.0105676405023475,-0.043925606582956,0.0580042104305962,0.0356821428726988,0.0,0.2093537123768754,0.2073720460152103,0.0,32.233267872540644
validation,return_mlp_ppo,0.0,200000.0,50,-0.015540777680147,-0.0510970314386348,0.0476565982656847,0.0414885925144301,0.0,0.2082429086592077,0.2090323658687056,0.0,30.492429263038296
validation,return_mlp_ppo,0.0,300000.0,50,-0.0359709510382356,-0.0847615213917095,0.0595124032380547,0.1064273792088253,0.0,0.2104226251612064,0.2185828574150134,0.0,32.35203190721281
validation,return_mlp_ppo,0.0,400000.0,50,-0.1102429340075526,-0.1212219092984814,0.0615653365548002,0.1141436116357682,0.0,0.202020639752788,0.2137621252112927,0.0002163902994352,27.90125308318954
validation,return_mlp_ppo,0.0,500000.0,50,-0.1165332854571263,-0.254185783808694,0.0901618543788009,0.1263250139839518,0.0,0.2019881033047496,0.2122199686316569,0.0009329985441709,23.35987119350945
validation,return_mlp_ppo,0.0,600000.0,50,-0.1184469728745369,-0.2356916982089666,0.1152179230782847,0.1481047067119487,0.0,0.2013660823882344,0.2230247567265452,0.0008334756804797,24.641251746797494
validation,return_mlp_ppo,0.0,700000.0,50,-0.1708029411889196,-0.3145847373422811,0.1143029107354572,0.1612807198682334,0.0,0.1946040612832099,0.2273946193949146,0.0017757519558399,19.695567304981807
validation,return_mlp_ppo,0.0,800000.0,50,-0.1632559034333866,-0.336645402296661,0.1135922032001723,0.1509090982256736,0.0,0.1889717406870543,0.2057061611924273,0.0009802551844923,20.51182784081334
validation,return_mlp_ppo,0.0,900000.0,50,-0.122812766655164,-0.3635110169690485,0.1033813908879911,0.11230214357909,0.0,0.1732041635199684,0.1761360486054896,0.000484624761213,27.071096331870287
validation,return_mlp_ppo,0.0,1000000.0,50,-0.130451703596019,-0.3561633396147252,0.1290803288797029,0.1115111626113032,0.0,0.184282519633925,0.1726447367974015,0.0001438923395445,19.560408523838284
validation,return_mlp_ppo,1.0,16000.0,50,-0.0213248055219441,-0.0160636496642973,0.0268712349946166,0.0129680378341395,0.0,0.2235586947082441,0.2225254118857111,6.920415224913399e-05,27.466065370152386
validation,return_mlp_ppo,1.0,32000.0,50,-0.0311235991225355,-0.0503124813382188,0.0272386587987374,0.0236625907491723,0.0,0.219361768247926,0.2248944573050409,0.0,37.58576734093931
validation,return_mlp_ppo,1.0,48000.0,50,-0.0396138432871179,-0.0645124535663408,0.0277037859385286,0.0274238590785753,0.0,0.217368869586512,0.2243112602209349,0.0,31.08426410652284
validation,return_mlp_ppo,1.0,64000.0,50,-0.0290959202623529,-0.0621731286250015,0.0461649150263921,0.0285547982130819,0.0,0.2188593204973871,0.2209379481949731,0.0,30.32783088537484
validation,return_mlp_ppo,1.0,80000.0,50,-0.0349938976239442,-0.0730022159654953,0.0645748348465245,0.033724665531787,0.0,0.219296540629027,0.2221519931295345,0.000206756728616,31.237616963156903
validation,return_mlp_ppo,1.0,96000.0,50,-0.0242426306098767,-0.0355746812050592,0.087275077045261,0.0256655855484568,0.0,0.2275026696857381,0.2213249102029872,0.0,29.857192611690767
validation,return_mlp_ppo,1.0,112000.0,50,-0.0190494793376582,-0.0598419524773071,0.0960198281164171,0.0290842061561323,0.0,0.2291963022154461,0.2177375162201382,0.0,32.032001333976524
validation,return_mlp_ppo,1.0,128000.0,50,0.0035584054667897,-0.0706922378821147,0.0920910327693911,0.0272680283442949,0.0,0.2254804939871061,0.2106690167326435,0.0001340732021747,27.92954701487433
validation,return_mlp_ppo,1.0,144000.0,50,0.0017808833044056,-0.0824983994411034,0.1004067255730088,0.029826900640342,0.0,0.2315526857409761,0.2098619691738331,0.0,30.964156871037307
validation,return_mlp_ppo,1.0,160000.0,50,0.0116336405620608,-0.0893767773157433,0.1004190623935073,0.0289954425314855,0.0,0.2298597900339078,0.2093872885598222,0.0001446886446886,24.26283239150657
validation,return_mlp_ppo,1.0,176000.0,50,-0.0186153429067123,-0.0825530303836895,0.1023531682145902,0.0341029679980738,0.0,0.2313718066288823,0.207978291072721,0.0,20.150561644728384
validation,return_mlp_ppo,1.0,192000.0,50,-0.0236294695175437,-0.0895593290419589,0.1003600231878807,0.0395846004745561,0.0,0.2231031052852705,0.2051758423659957,0.0,29.965420587445006
validation,return_mlp_ppo,1.0,200000.0,50,-0.0281234587063429,-0.1021378925011069,0.093376679045477,0.0424291560410811,0.0,0.2209110332533077,0.2065183315757571,0.0,27.9108874676968
validation,return_mlp_ppo,1.0,300000.0,50,-0.0305792466390922,-0.1152458610364262,0.1080771753821554,0.0861202038676803,0.0,0.2226095808014928,0.207722173283712,0.0,29.33084379614609
validation,return_mlp_ppo,1.0,400000.0,50,-0.0712332869215464,-0.113680884580546,0.077795335269941,0.0949874534861102,0.0,0.1976713823481271,0.2021827695447665,0.0,27.836316980664
validation,return_mlp_ppo,1.0,500000.0,50,-0.0460744326342483,-0.2249384477178261,0.104909825714982,0.1255842385119013,0.0,0.2027724491032391,0.2154818646291689,0.0007096507858319,20.90645597970665
validation,return_mlp_ppo,1.0,600000.0,50,-0.053764002870668,-0.1916263218192121,0.1072028311714027,0.1258109712290128,0.0,0.1909704988925972,0.211009133382799,0.000214888930453,25.58862887164273
validation,return_mlp_ppo,1.0,700000.0,50,-0.0803674817119169,-0.2121765971199698,0.0665123782402648,0.1355885789399111,0.0,0.1652884571695094,0.2124924621840664,0.0001459873459873,27.92213618559742
validation,return_mlp_ppo,1.0,800000.0,50,-0.1023491581614147,-0.1939271495767085,0.0194722664475997,0.1384601021816673,0.0,0.1429092196060331,0.1992536060839184,0.0,30.748291242756697
validation,return_mlp_ppo,1.0,900000.0,50,-0.0883253147993911,-0.1800072855126302,0.0459512433857303,0.0933928146132558,0.0,0.1407967976439411,0.1653984642607185,0.0,30.240072258920183
validation,return_mlp_ppo,1.0,1000000.0,50,-0.0974337554538036,-0.2016583407536512,0.0714993596208979,0.1043197102426866,0.0,0.1461127409875196,0.171922050920971,0.0,25.663553484662994
validation,return_mlp_ppo,2.0,16000.0,50,0.0175703354412198,-0.0107109586557533,0.0252713235253807,0.0183624055729215,0.0,0.2296171409161903,0.2208928449675893,6.920415224913399e-05,26.05167183315032
validation,return_mlp_ppo,2.0,32000.0,50,0.0098755024558729,-0.0430399859317215,0.0302572569562277,0.0306876420449539,0.0,0.2262874580777538,0.2224997113665704,0.0,37.16362043536006
validation,return_mlp_ppo,2.0,48000.0,50,0.0115487991647875,-0.0582522660993578,0.0186118197870829,0.0300524934141856,0.0,0.222395761601549,0.2201122557702859,0.0,29.19661797037414
validation,return_mlp_ppo,2.0,64000.0,50,0.023292557136311,-0.046255110688245,0.0362957182664333,0.0236784228074316,0.0,0.2232110505231835,0.2163943986133056,0.0,25.77257211108018
validation,return_mlp_ppo,2.0,80000.0,50,0.0152254159379521,-0.0445538592886695,0.0604620991956972,0.0298397940045556,0.0,0.2233783151122097,0.2172565264648406,0.0001340732021747,29.861487141926265
validation,return_mlp_ppo,2.0,96000.0,50,0.0135146263854218,-0.0405976470128278,0.0702467012035744,0.029387211887485,0.0,0.2282529611764946,0.2173472242403917,0.0,27.456741412609343
validation,return_mlp_ppo,2.0,112000.0,50,0.0185924678594535,-0.0595494562830138,0.0799584427531245,0.0325833719968395,0.0,0.230574157010671,0.2149449236989731,0.0,29.1987384614084
validation,return_mlp_ppo,2.0,128000.0,50,0.040363119566977,-0.0602818022495142,0.0671544543216198,0.0331609527245538,0.0,0.224858711041036,0.2105087328130075,0.0001340732021747,29.194481093782265
validation,return_mlp_ppo,2.0,144000.0,50,0.0266634300484543,-0.0656168313040913,0.0757185010009008,0.0331865023412782,0.0,0.227972080680035,0.2080622536085725,7.2463768115942e-05,29.823077911440983
validation,return_mlp_ppo,2.0,160000.0,50,0.0267827770571588,-0.0517842398676379,0.0807958078785529,0.0231105827320606,0.0,0.230441168492741,0.2058007171715145,0.0,26.808410280007465
validation,return_mlp_ppo,2.0,176000.0,50,-0.0044600163970528,-0.0357726264333874,0.0800270650291461,0.0269236011881021,0.0,0.2319361211121772,0.2045687384438524,0.0,24.44350122771038
validation,return_mlp_ppo,2.0,192000.0,50,-0.0139192831133616,-0.0328010156518045,0.075436832909088,0.0351895363552882,0.0,0.2212109538281787,0.2036392862938646,0.0,31.66844334950153
validation,return_mlp_ppo,2.0,200000.0,50,-0.0161328125407339,-0.0421605063756005,0.0642133683432748,0.0397249473581753,0.0,0.2205353146798038,0.2049693494905397,0.0,28.51973979400625
validation,return_mlp_ppo,2.0,300000.0,50,-0.0093129459153438,-0.0938593997229691,0.0751671692573496,0.0836984435781205,0.0,0.2238702131382609,0.2060628163136959,7.0921985815602e-05,31.418906475873303
validation,return_mlp_ppo,2.0,400000.0,50,-0.0690771523222971,-0.0940476188560103,0.042827188340619,0.0997567716947472,0.0,0.2012915663261634,0.203834924123997,0.0,25.6857843874916
validation,return_mlp_ppo,2.0,500000.0,50,-0.0492884474986019,-0.1962778557272235,0.0814026073135098,0.1195480695122865,0.0,0.2054017985283171,0.2109710637174011,0.0002967488651699,22.73234301204603
validation,return_mlp_ppo,2.0,600000.0,50,-0.0617410929337223,-0.2162734424769148,0.1178210069097084,0.143073325039014,0.0,0.2087893241639907,0.2223207617626627,0.0004979481397831,24.91994156191385
validation,return_mlp_ppo,2.0,700000.0,50,-0.0649841313293776,-0.2513544622171439,0.1008895837526769,0.1476611380993762,0.0,0.1978176213424862,0.2197642329748048,0.0007100123051511,24.275106595967305
validation,return_mlp_ppo,2.0,800000.0,50,-0.0463616381653207,-0.2302093568842079,0.1129500447768567,0.1435522176481261,0.0,0.2010299841918995,0.2019675247327964,7.5757575757574e-05,17.660865208397095
validation,return_mlp_ppo,2.0,900000.0,50,-0.0056839113894212,-0.2811123455657329,0.0859171581369267,0.1394283996961927,0.0,0.1765999475301404,0.1981587730362985,0.0001393939393939,20.38609906107365
validation,return_mlp_ppo,2.0,1000000.0,50,-0.044752307948883,-0.2635942855671427,0.0985466465271406,0.1561609636645086,0.0,0.1753552865738003,0.2066978260507336,7.142857142857e-05,19.35357978432737
validation,return_mlp_ppo,3.0,16000.0,50,-0.0156989393558164,1.7833339621435705e-06,0.0148729819506323,0.0163628210861829,0.0,0.2269865597578226,0.2262540730157395,6.920415224913399e-05,26.44915205921941
validation,return_mlp_ppo,3.0,32000.0,50,-0.0258908971120394,-0.0449690169169915,0.0174657719856838,0.0223132165484131,0.0,0.2215188999367504,0.2282286151618922,7.4906367041198e-05,38.69773552103979
validation,return_mlp_ppo,3.0,48000.0,50,-0.0272539536821806,-0.0624911423334645,0.0095313869525973,0.0330891567668831,0.0,0.2186655493134665,0.2276961779799861,0.0001471861471861,30.999313285939508
validation,return_mlp_ppo,3.0,64000.0,50,-0.0221018761029389,-0.0434893277503075,0.0216437222099804,0.0379306592326703,0.0,0.2175649569138135,0.2249745578837257,7.3260073260072e-05,30.554520522372897
validation,return_mlp_ppo,3.0,80000.0,50,-0.0282565566026851,-0.0470135277284749,0.0493206018699379,0.0425170268475436,0.0,0.2178109062146674,0.2252361226191587,0.0001355823513918,33.28088140788313
validation,return_mlp_ppo,3.0,96000.0,50,-0.0184311867375968,-0.0137334952072155,0.0503676053707981,0.0442121706130231,0.0,0.2189892322504031,0.2256285994411169,7.6923076923076e-05,27.31540313728934
validation,return_mlp_ppo,3.0,112000.0,50,0.0027071930568026,-0.0408707281749867,0.055923919919175,0.0355895456202792,0.0,0.2193177453306657,0.2193169640368788,0.0,32.53645302947798
validation,return_mlp_ppo,3.0,128000.0,50,0.027381417089342,-0.0505683105572415,0.0481195916486979,0.0433122102193395,0.0,0.2164005672745319,0.2159508755918713,0.0001340732021747,30.542566679061707
validation,return_mlp_ppo,3.0,144000.0,50,0.007509272555981,-0.0554918103002521,0.0525826945942381,0.0361506667178781,0.0,0.2193758474836586,0.2112246920707425,6.6666666666666e-05,30.43856557476647
validation,return_mlp_ppo,3.0,160000.0,50,0.0142118472158378,-0.0610009087650664,0.0556038773188461,0.0413978161862591,0.0,0.2194659655309534,0.2112504502632939,7.142857142857e-05,27.634798955719543
validation,return_mlp_ppo,3.0,176000.0,50,-0.0068146246799437,-0.0509620432851471,0.0564384213564665,0.0406668572131205,0.0,0.2214211343318667,0.2096453610351843,0.0,25.131600436386005
validation,return_mlp_ppo,3.0,192000.0,50,-0.0129074456119174,-0.0424401749811273,0.0590914370708289,0.0421054338485046,0.0,0.2148604472023816,0.2073348423804935,0.0,30.762106558243776
validation,return_mlp_ppo,3.0,200000.0,50,-0.0127685236834755,-0.0519105513202575,0.046859493845362,0.0410825929687958,0.0,0.2126399359433712,0.2078938193246152,0.0,29.10455735746929
validation,return_mlp_ppo,3.0,300000.0,50,-0.0320001378564876,-0.0910358153955257,0.0654341957298687,0.0820830370925264,0.0,0.2158936219459372,0.2098213154977052,0.0,32.26136032067413
validation,return_mlp_ppo,3.0,400000.0,50,-0.0932216551693972,-0.1498621625370738,0.0428797891890851,0.0864999075284483,0.0,0.2017902113416846,0.2045810957078224,0.0002125006198244,24.458285762372533
validation,return_mlp_ppo,3.0,500000.0,50,-0.0836512823991379,-0.3178440337304675,0.0596127929358392,0.0937373622428514,0.0,0.1960324652075162,0.2037345040688261,0.0023894604541829,26.00259344294645
validation,return_mlp_ppo,3.0,600000.0,50,-0.0898071287772769,-0.3620991757756323,0.0742710101025183,0.0753753000934759,0.0,0.1858532054644463,0.1889762767714662,0.0014679807733235,23.82129139445749
validation,return_mlp_ppo,3.0,700000.0,50,-0.124899347320414,-0.3773077954064027,0.0611015242872938,0.0829191986614074,0.0,0.1775802330899062,0.1872247653426552,0.0011943953410331,23.57786173943989
validation,return_mlp_ppo,3.0,800000.0,50,-0.1294803453299271,-0.4076952982338011,0.089231342681651,0.0876155362866211,0.0,0.1844719390389895,0.1713940691906825,0.0013301442040321,18.594385462293747
validation,return_mlp_ppo,3.0,900000.0,50,-0.1220509102418196,-0.4348857142793136,0.065393290435294,0.0675647373494167,0.0,0.1688320688741806,0.1630065814729338,0.0017010766353441,21.663196718285985
validation,return_mlp_ppo,3.0,1000000.0,50,-0.1262087715742797,-0.4537017057728905,0.0835960541555476,0.082215418712713,0.0,0.1726304797685085,0.1640730247120025,0.0013471823217938,22.552792291704197
validation,return_mlp_ppo,4.0,16000.0,50,0.0060554358016753,0.0191904062703667,0.0113754031996018,0.0114296016348364,0.0,0.2257986137236247,0.2235334023487618,6.920415224913399e-05,27.823538831334066
validation,return_mlp_ppo,4.0,32000.0,50,0.0082992639925565,-0.0216221465824416,0.0261475033080478,0.0147964806221126,0.0,0.2225322587487448,0.2251586991659356,0.0,38.48071131059594
validation,return_mlp_ppo,4.0,48000.0,50,0.0129276361425839,-0.034162922684449,0.0186596579399575,0.0235800471524936,0.0,0.21861876391215,0.2243278725160932,0.0001471861471861,30.78345109356036
validation,return_mlp_ppo,4.0,64000.0,50,0.0084739852494985,-0.0075570050683565,0.0358064074163681,0.0358329049406218,0.0,0.2190726216687376,0.2228279925531033,7.3260073260072e-05,27.73523054068796
validation,return_mlp_ppo,4.0,80000.0,50,0.0124346649957707,-0.0087426921619803,0.0570048302039453,0.0495525713834823,0.0,0.2194970384229665,0.2256468208502965,6.3897763578274e-05,31.708919924786077
validation,return_mlp_ppo,4.0,96000.0,50,0.0274688966791963,0.031357351629953,0.0636495096796298,0.0438002876915809,0.0,0.2229779060164888,0.2256290730453255,6.153846153846e-05,25.885115755928712
validation,return_mlp_ppo,4.0,112000.0,50,0.0552869958869651,-0.0205215474036547,0.0694800701853986,0.0385024742455434,0.0,0.2243206867831139,0.2171745299098255,7.1942446043164e-05,31.614797903703707
validation,return_mlp_ppo,4.0,128000.0,50,0.0953028471995851,-0.0537871894067837,0.0677020903108524,0.0511437931592737,0.0,0.2211487946089395,0.2176260931209033,6.3897763578274e-05,27.27732539844096
validation,return_mlp_ppo,4.0,144000.0,50,0.0593242943293373,-0.0386582805288776,0.0653823575576972,0.0441254225992619,0.0,0.2206600562059686,0.2128060960959322,6.6666666666666e-05,30.14385235924418
validation,return_mlp_ppo,4.0,160000.0,50,0.0536577780394345,-0.0145658644424942,0.0673255338289871,0.0447332720370489,0.0,0.2206091256261787,0.2123752380304417,7.142857142857e-05,28.75652405126198
validation,return_mlp_ppo,4.0,176000.0,50,0.0170814611378062,0.0152622030910025,0.0664478224854456,0.0478335299543234,0.0,0.2230777796273799,0.2120006213047819,0.0,22.100597105364404
validation,return_mlp_ppo,4.0,192000.0,50,-0.0062483992249353,0.0293955512307734,0.0645257584874547,0.0521451868092288,0.0,0.2152395660863785,0.2094640469341994,0.0,30.134347363423835
validation,return_mlp_ppo,4.0,200000.0,50,-0.0058175112175123,0.0134670038785367,0.0615937516516747,0.0530427896680833,0.0,0.2160725108958329,0.2103486069873522,0.0,25.76709825131075
validation,return_mlp_ppo,4.0,300000.0,50,-0.0257007687069869,-0.0365994255181261,0.0877665453950224,0.0941497686095673,0.0,0.2215615090929056,0.2161492651873791,0.0,31.965458577158728
validation,return_mlp_ppo,4.0,400000.0,50,-0.0899691667154798,-0.0579383627226809,0.075837034234348,0.1184883556444411,0.0,0.2073565690354351,0.2180011189568162,0.0002800239334185,24.47405677987162
validation,return_mlp_ppo,4.0,500000.0,50,0.0078601912852879,-0.2441164179210845,0.1022889924705948,0.1421554651949961,0.0,0.2097041272257225,0.2275571835535828,0.0015580571850108,24.3333015116722
validation,return_mlp_ppo,4.0,600000.0,50,0.0434849695216126,-0.3292725325432482,0.0798773603360749,0.1406332511024702,0.0,0.180820873322864,0.2184952077907951,0.0023708431813802,19.81981943294493
validation,return_mlp_ppo,4.0,700000.0,50,0.0096961617962426,-0.3255518356407632,0.0595771810596132,0.1421728930783429,0.0,0.1699710944186418,0.2140716911978156,0.0015547985559537,26.02671363358309
validation,return_mlp_ppo,4.0,800000.0,50,0.0467861625109685,-0.3621817800484064,0.097585686935796,0.1367053245786652,0.0,0.1851650840124969,0.1973648071867103,0.0011938648046605,19.40963680862235
validation,return_mlp_ppo,4.0,900000.0,50,0.0592269059962447,-0.3754730305127902,0.126819868440543,0.1261420126435202,0.0,0.200189461774449,0.1930743055602518,0.0012108938991943,24.18647310468637
validation,return_mlp_ppo,4.0,1000000.0,50,0.0477889502992597,-0.4399290710733786,0.1279464511653803,0.1481901636750057,0.0,0.1950910768124282,0.2015135375362206,0.0041989874744558,19.057770510546145
