architecture_a,architecture_b,metric,n_seeds,mean_matched_seed_diff,sd_matched_seed_diff,se_matched_seed_diff,bootstrap_ci_lo,bootstrap_ci_hi,bootstrap_ci_contains_zero,n_seeds_favouring_a,n_seeds_favouring_b,n_seeds_tied,per_seed_diffs
hamilton_ppo,return_mlp_ppo,full_objective,5,-2.5847050447469213,3.8839443503429774,1.736952717638631,-5.85829405398317,0.22757614569031404,True,1,4,0,"[np.float64(-4.391993), np.float64(2.349292), np.float64(-1.305076), np.float64(-8.057746), np.float64(-1.518002)]"
hamilton_ppo,return_mlp_ppo,raw_pnl,5,-3.986120200807612,4.670099907520919,2.0885321709864515,-7.5894925269157785,-0.1308648442832876,False,1,4,0,"[np.float64(-5.545365), np.float64(2.387987), np.float64(-1.783284), np.float64(-10.206271), np.float64(-4.783668)]"
hamilton_ppo,return_mlp_ppo,fills,5,-6.900799999999999,12.1565971060984,5.43659550086265,-15.8988,3.124799999999999,True,1,4,0,"[np.float64(-10.534), np.float64(-1.584), np.float64(10.188), np.float64(-22.668), np.float64(-9.906)]"
hamilton_ppo,return_mlp_ppo,fill_to_arrival_ratio,5,-0.024565236805839035,0.0433218604848739,0.019374124991188006,-0.05706736570442763,0.011154700625271663,True,1,4,0,"[np.float64(-0.037382), np.float64(-0.005627), np.float64(0.036327), np.float64(-0.080776), np.float64(-0.035368)]"
hamilton_ppo,return_mlp_ppo,mean_quoted_spread,5,0.10458533172986942,0.31742284306161156,0.14195581093940218,-0.14393422513374005,0.37538813820159966,True,4,1,0,"[np.float64(0.215456), np.float64(0.037619), np.float64(-0.324249), np.float64(0.550297), np.float64(0.043803)]"
hamilton_ppo,return_mlp_ppo,spread_revenue,5,-1.1052993181376238,5.5233769029453725,2.470129244067622,-5.568603803248088,3.1690326001472515,True,2,3,0,"[np.float64(-3.356559), np.float64(-0.563042), np.float64(5.994163), np.float64(-8.88667), np.float64(1.285613)]"
hamilton_ppo,return_mlp_ppo,spread_revenue_per_fill,5,0.14133414358642588,0.18394402065120824,0.08226226684614535,0.004337656757614657,0.276968425185329,False,4,1,0,"[np.float64(0.182634), np.float64(0.036737), np.float64(-0.113804), np.float64(0.359286), np.float64(0.241819)]"
hamilton_ppo,return_mlp_ppo,adverse_selection_loss,5,-2.089061574577717,4.852074510097109,2.1699136872942253,-5.625837481966005,2.0457365078509127,True,1,4,0,"[np.float64(-3.751478), np.float64(-1.090493), np.float64(5.254993), np.float64(-8.090182), np.float64(-2.768148)]"
hamilton_ppo,return_mlp_ppo,running_penalty,5,-1.143131956060682,1.0086606746453535,0.4510867669475618,-1.9259317484813245,-0.38524622390188457,False,1,4,0,"[np.float64(-1.013374), np.float64(0.016875), np.float64(-0.473304), np.float64(-1.711554), np.float64(-2.534304)]"
hamilton_ppo,return_mlp_ppo,terminal_penalty,5,-0.2582832,0.3210854436270819,0.14359377570716636,-0.5271924,-0.021233200000000008,False,1,4,0,"[np.float64(-0.139998), np.float64(0.02182), np.float64(-0.004904), np.float64(-0.436972), np.float64(-0.731362)]"
hamilton_ppo,return_mlp_ppo,mean_abs_inventory,5,-4.682124227812773,3.3639688922963695,1.5044126234738702,-7.178415766636343,-2.0454954282961855,False,1,4,0,"[np.float64(-5.250179), np.float64(0.09096), np.float64(-2.930453), np.float64(-6.838701), np.float64(-8.482249)]"
hamilton_ppo,return_mlp_ppo,action_std_bid,5,-0.0408561925915291,0.0407314243077533,0.018215646714504735,-0.07396455355236811,-0.010025369098591357,False,1,4,0,"[np.float64(-0.094353), np.float64(-0.015796), np.float64(0.004629), np.float64(-0.027793), np.float64(-0.070968)]"
hamilton_ppo,return_mlp_ppo,action_std_ask,5,-0.04765960710275572,0.017648243818400435,0.007892534572286765,-0.060780470096553595,-0.0331002844879779,False,0,5,0,"[np.float64(-0.068674), np.float64(-0.057702), np.float64(-0.023514), np.float64(-0.037256), np.float64(-0.051152)]"
hamilton_ppo,return_lstm_ppo,full_objective,5,-0.7059460616825163,3.9907565575790342,1.7847205888799547,-3.727401891475445,2.5209490808068082,True,2,3,0,"[np.float64(-4.815883), np.float64(2.553911), np.float64(4.44708), np.float64(-3.290405), np.float64(-2.424432)]"
hamilton_ppo,return_lstm_ppo,raw_pnl,5,-1.2295201748750557,4.73799541673719,2.1188959657813604,-4.74484250727911,2.6640139592529066,True,2,3,0,"[np.float64(-6.324576), np.float64(2.774013), np.float64(4.75602), np.float64(-3.722002), np.float64(-3.631055)]"
hamilton_ppo,return_lstm_ppo,fills,5,-4.805600000000001,12.85847676826458,5.750485628188282,-14.1724,6.256799999999997,True,2,3,0,"[np.float64(-13.146), np.float64(1.548), np.float64(14.294), np.float64(-8.878), np.float64(-17.846)]"
hamilton_ppo,return_lstm_ppo,fill_to_arrival_ratio,5,-0.017121634359448253,0.045831028324651024,0.020496258962527596,-0.050492476339697334,0.018959452169072716,True,2,3,0,"[np.float64(-0.046787), np.float64(0.005457), np.float64(0.050988), np.float64(-0.031643), np.float64(-0.063623)]"
hamilton_ppo,return_lstm_ppo,mean_quoted_spread,5,0.09060384770313305,0.3238014531519751,0.14480841209220596,-0.18801306591722566,0.3134767084544182,True,3,2,0,"[np.float64(0.250957), np.float64(-0.040113), np.float64(-0.409863), np.float64(0.238607), np.float64(0.413432)]"
hamilton_ppo,return_lstm_ppo,spread_revenue,5,-1.262004387510163,5.266402956729387,2.3552070016305584,-4.885312436054372,3.303858744527686,True,2,3,0,"[np.float64(-3.878533), np.float64(0.834242), np.float64(7.008284), np.float64(-4.33996), np.float64(-5.934054)]"
hamilton_ppo,return_lstm_ppo,spread_revenue_per_fill,5,0.08203420852064894,0.19850758009264233,0.08877528862722645,-0.08193263090551424,0.2271306316011063,True,3,2,0,"[np.float64(0.227729), np.float64(-0.033456), np.float64(-0.210126), np.float64(0.171853), np.float64(0.254171)]"
hamilton_ppo,return_lstm_ppo,adverse_selection_loss,5,-1.3618895452686157,4.999455815192528,2.2358246106554236,-4.64266834660413,2.941839130776727,True,2,3,0,"[np.float64(-4.826228), np.float64(0.023979), np.float64(6.72746), np.float64(-3.237495), np.float64(-5.497163)]"
hamilton_ppo,return_lstm_ppo,running_penalty,5,-0.4653477131925374,0.6795988566332897,0.3039258481726339,-1.0062165738935984,0.07552114750852387,True,2,3,0,"[np.float64(-1.231335), np.float64(0.166167), np.float64(0.214986), np.float64(-0.384699), np.float64(-1.091857)]"
hamilton_ppo,return_lstm_ppo,terminal_penalty,5,-0.05822640000000001,0.14754914033229743,0.06598598156093459,-0.17858080000000004,0.0497764,True,2,3,0,"[np.float64(-0.277358), np.float64(0.053936), np.float64(0.093954), np.float64(-0.046898), np.float64(-0.114766)]"
hamilton_ppo,return_lstm_ppo,mean_abs_inventory,5,-2.3275388790590332,3.352008023308205,1.499063560248369,-5.003119123358967,0.34804136524090074,True,2,3,0,"[np.float64(-5.938839), np.float64(1.055504), np.float64(1.04448), np.float64(-2.459761), np.float64(-5.339078)]"
hamilton_ppo,return_lstm_ppo,action_std_bid,5,-0.04838643623919595,0.051874205367213745,0.023198849895974875,-0.088512089747285,-0.007382722876975389,False,1,4,0,"[np.float64(-0.118786), np.float64(0.021955), np.float64(-0.026941), np.float64(-0.068329), np.float64(-0.04983)]"
hamilton_ppo,return_lstm_ppo,action_std_ask,5,-0.010396042570629815,0.03680334277248055,0.016458955247698415,-0.03760511514229553,0.019776623519627456,True,2,3,0,"[np.float64(-0.03818), np.float64(0.018173), np.float64(0.03963), np.float64(-0.040062), np.float64(-0.031541)]"
return_lstm_ppo,return_mlp_ppo,full_objective,5,-1.8787589830644051,3.1308677157942384,1.4001666082150817,-4.319983875729369,0.49120455373463584,True,2,3,0,"[np.float64(0.42389), np.float64(-0.204619), np.float64(-5.752156), np.float64(-4.767341), np.float64(0.90643)]"
return_lstm_ppo,return_mlp_ppo,raw_pnl,5,-2.7566000259325563,3.496380996070074,1.5636291164902218,-5.4399515443462745,-0.07324850751883787,False,1,4,0,"[np.float64(0.779212), np.float64(-0.386027), np.float64(-6.539304), np.float64(-6.484269), np.float64(-1.152613)]"
return_lstm_ppo,return_mlp_ppo,fills,5,-2.0951999999999984,8.135563729699374,3.638334706977905,-8.572799999999997,3.5944000000000003,True,2,3,0,"[np.float64(2.612), np.float64(-3.132), np.float64(-4.106), np.float64(-13.79), np.float64(7.94)]"
return_lstm_ppo,return_mlp_ppo,fill_to_arrival_ratio,5,-0.007443602446390784,0.028989618992471284,0.01296455174179695,-0.029815594221659403,0.0159015647957716,True,2,3,0,"[np.float64(0.009405), np.float64(-0.011083), np.float64(-0.014661), np.float64(-0.049133), np.float64(0.028255)]"
return_lstm_ppo,return_mlp_ppo,mean_quoted_spread,5,0.013981484026736357,0.24871217202345833,0.11122746469521484,-0.19068430297209246,0.19546048621979528,True,3,2,0,"[np.float64(-0.035501), np.float64(0.077732), np.float64(0.085614), np.float64(0.31169), np.float64(-0.369628)]"
return_lstm_ppo,return_mlp_ppo,spread_revenue,5,0.1567050693725392,4.356795735553626,1.948418285755821,-2.9030879782664654,3.9261514411019447,True,2,3,0,"[np.float64(0.521974), np.float64(-1.397284), np.float64(-1.014121), np.float64(-4.54671), np.float64(7.219667)]"
return_lstm_ppo,return_mlp_ppo,spread_revenue_per_fill,5,0.05929993506577695,0.09211361167409278,0.04119445947125793,-0.010263354108658551,0.129253459012793,True,3,2,0,"[np.float64(-0.045096), np.float64(0.070193), np.float64(0.096322), np.float64(0.187432), np.float64(-0.012352)]"
return_lstm_ppo,return_mlp_ppo,adverse_selection_loss,5,-0.7271720293091011,2.868688516407295,1.2829165057919463,-2.991155702544161,1.5578658829247949,True,2,3,0,"[np.float64(1.07475), np.float64(-1.114471), np.float64(-1.472468), np.float64(-4.852687), np.float64(2.729016)]"
return_lstm_ppo,return_mlp_ppo,running_penalty,5,-0.6777842428681445,0.7224567961416031,0.3230925013958664,-1.2453783322938308,-0.11019015344245842,False,1,4,0,"[np.float64(0.217961), np.float64(-0.149292), np.float64(-0.688289), np.float64(-1.326854), np.float64(-1.442447)]"
return_lstm_ppo,return_mlp_ppo,terminal_penalty,5,-0.20005679999999998,0.3007934705827239,0.13451892948221078,-0.4543955999999999,0.022326000000000016,True,1,4,0,"[np.float64(0.13736), np.float64(-0.032116), np.float64(-0.098858), np.float64(-0.390074), np.float64(-0.616596)]"
return_lstm_ppo,return_mlp_ppo,mean_abs_inventory,5,-2.35458534875374,2.1528447304108367,0.9627814324401679,-3.9701831133718755,-0.574699207889618,False,1,4,0,"[np.float64(0.68866), np.float64(-0.964544), np.float64(-3.974933), np.float64(-4.37894), np.float64(-3.143171)]"
return_lstm_ppo,return_mlp_ppo,action_std_bid,5,0.007530243647666847,0.03473192512886217,0.015532589115513789,-0.020563913547483513,0.03372915706167156,True,3,2,0,"[np.float64(0.024433), np.float64(-0.037751), np.float64(0.03157), np.float64(0.040536), np.float64(-0.021138)]"
return_lstm_ppo,return_mlp_ppo,action_std_ask,5,-0.0372635645321259,0.03210763160179858,0.014358969371628416,-0.06170626134686401,-0.012820867717387793,False,1,4,0,"[np.float64(-0.030493), np.float64(-0.075874), np.float64(-0.063145), np.float64(0.002806), np.float64(-0.019611)]"
