architecture,learner_seed,timestep,path,policy_hash,source
hamilton_ppo,0,16000,C:\Users\conor\OneDrive\Documents\Edinburgh master\Dissertation\Python\mbt_gym\models\phase7_groupB_1m_convergence\groupB_seed0\ppo_hamilton_ppo_groupB_seed0_t000016000.zip,5b21268bd9224004a22ea65fb6c97e3b80c9e2bf612175d5d3b33dfdbe41d8c2,phase7_reused
hamilton_ppo,0,32000,C:\Users\conor\OneDrive\Documents\Edinburgh master\Dissertation\Python\mbt_gym\models\phase7_groupB_1m_convergence\groupB_seed0\ppo_hamilton_ppo_groupB_seed0_t000032000.zip,db1887d196e57991ecd445f22fadc26f142d3c0a57568e7fa92d1e011459d9e9,phase7_reused
hamilton_ppo,0,48000,C:\Users\conor\OneDrive\Documents\Edinburgh master\Dissertation\Python\mbt_gym\models\phase7_groupB_1m_convergence\groupB_seed0\ppo_hamilton_ppo_groupB_seed0_t000048000.zip,50504449d453f590ffa4337aa7fd31acbd9d0efb163819118387d5df329dcbc9,phase7_reused
hamilton_ppo,0,64000,C:\Users\conor\OneDrive\Documents\Edinburgh master\Dissertation\Python\mbt_gym\models\phase7_groupB_1m_convergence\groupB_seed0\ppo_hamilton_ppo_groupB_seed0_t000064000.zip,d7b6eeaf578741b107657ddce8ed44466be8548b847b907e03081218105ad61b,phase7_reused
hamilton_ppo,0,80000,C:\Users\conor\OneDrive\Documents\Edinburgh master\Dissertation\Python\mbt_gym\models\phase7_groupB_1m_convergence\groupB_seed0\ppo_hamilton_ppo_groupB_seed0_t000080000.zip,bd46821102a1367841c1fb8a5369ebdfa11157d79db29cdd4d100e7d8e5fc9e5,phase7_reused
hamilton_ppo,0,96000,C:\Users\conor\OneDrive\Documents\Edinburgh master\Dissertation\Python\mbt_gym\models\phase7_groupB_1m_convergence\groupB_seed0\ppo_hamilton_ppo_groupB_seed0_t000096000.zip,e4b74db1707422c7b5fb319a7ee23549d2b7136c084c75c651dc1f77fc931aef,phase7_reused
hamilton_ppo,0,112000,C:\Users\conor\OneDrive\Documents\Edinburgh master\Dissertation\Python\mbt_gym\models\phase7_groupB_1m_convergence\groupB_seed0\ppo_hamilton_ppo_groupB_seed0_t000112000.zip,0224233a17a177592b33d713eed2b53d950e1daa1e91bf4cf80b8bf0f04559bf,phase7_reused
hamilton_ppo,0,128000,C:\Users\conor\OneDrive\Documents\Edinburgh master\Dissertation\Python\mbt_gym\models\phase7_groupB_1m_convergence\groupB_seed0\ppo_hamilton_ppo_groupB_seed0_t000128000.zip,56883e67335aa6c010bf1bfe70b1602c7846db64a2e9ab95675ef2b114225acd,phase7_reused
hamilton_ppo,0,144000,C:\Users\conor\OneDrive\Documents\Edinburgh master\Dissertation\Python\mbt_gym\models\phase7_groupB_1m_convergence\groupB_seed0\ppo_hamilton_ppo_groupB_seed0_t000144000.zip,b0c54b254761ab4ec592366a86bb14084133272bd106721ea87dfefba65a14ae,phase7_reused
hamilton_ppo,0,160000,C:\Users\conor\OneDrive\Documents\Edinburgh master\Dissertation\Python\mbt_gym\models\phase7_groupB_1m_convergence\groupB_seed0\ppo_hamilton_ppo_groupB_seed0_t000160000.zip,e424f557dc46420bf363a9e2a3874bcd76a641edc834cbd461b98972dd237d45,phase7_reused
hamilton_ppo,0,176000,C:\Users\conor\OneDrive\Documents\Edinburgh master\Dissertation\Python\mbt_gym\models\phase7_groupB_1m_convergence\groupB_seed0\ppo_hamilton_ppo_groupB_seed0_t000176000.zip,7921f09811d113ba7ee9c658ff43d283037943c05cf4d86e9ab36483769ba5db,phase7_reused
hamilton_ppo,0,192000,C:\Users\conor\OneDrive\Documents\Edinburgh master\Dissertation\Python\mbt_gym\models\phase7_groupB_1m_convergence\groupB_seed0\ppo_hamilton_ppo_groupB_seed0_t000192000.zip,487b562437e23c1f3cd2a5be779a28cef116d8b331864785225d9f8f89f8c875,phase7_reused
hamilton_ppo,0,200000,C:\Users\conor\OneDrive\Documents\Edinburgh master\Dissertation\Python\mbt_gym\models\phase7_groupB_1m_convergence\groupB_seed0\ppo_hamilton_ppo_groupB_seed0_t000200000.zip,f2e54c5182a40dff248d56c390b834867c4e6a76bdab7ce3230e9ee7420d734a,phase7_reused
hamilton_ppo,0,300000,C:\Users\conor\OneDrive\Documents\Edinburgh master\Dissertation\Python\mbt_gym\models\phase7_groupB_1m_convergence\groupB_seed0\ppo_hamilton_ppo_groupB_seed0_t000300000.zip,2f597e2eaccc405ebe810e701d7b1f06d5648c02f58cf43d093d0c83791d9545,phase7_reused
hamilton_ppo,0,400000,C:\Users\conor\OneDrive\Documents\Edinburgh master\Dissertation\Python\mbt_gym\models\phase7_groupB_1m_convergence\groupB_seed0\ppo_hamilton_ppo_groupB_seed0_t000400000.zip,1e27bb759d6e5d70b25a42246c68b138db9612bd9711fe8de05b8a4ce95177e4,phase7_reused
hamilton_ppo,0,500000,C:\Users\conor\OneDrive\Documents\Edinburgh master\Dissertation\Python\mbt_gym\models\phase7_groupB_1m_convergence\groupB_seed0\ppo_hamilton_ppo_groupB_seed0_t000500000.zip,c988290680a1529ab45382e612fdf644b0d9b258b411f7b543edc43bc968c5d4,phase7_reused
hamilton_ppo,0,600000,C:\Users\conor\OneDrive\Documents\Edinburgh master\Dissertation\Python\mbt_gym\models\phase7_groupB_1m_convergence\groupB_seed0\ppo_hamilton_ppo_groupB_seed0_t000600000.zip,fa0db16d0ca66e59675d2d759128b29258f99640c2d48a8a94b9aed4208edbb2,phase7_reused
hamilton_ppo,0,700000,C:\Users\conor\OneDrive\Documents\Edinburgh master\Dissertation\Python\mbt_gym\models\phase7_groupB_1m_convergence\groupB_seed0\ppo_hamilton_ppo_groupB_seed0_t000700000.zip,caa8180cd1aed072dc3ed7cf9f4048f453c19027936aa913deee0813e861d0b5,phase7_reused
hamilton_ppo,0,800000,C:\Users\conor\OneDrive\Documents\Edinburgh master\Dissertation\Python\mbt_gym\models\phase7_groupB_1m_convergence\groupB_seed0\ppo_hamilton_ppo_groupB_seed0_t000800000.zip,e645165af389e01c94bd61d050d2ca910da769481cd4ca7266d7c85e8ae03cd6,phase7_reused
hamilton_ppo,0,900000,C:\Users\conor\OneDrive\Documents\Edinburgh master\Dissertation\Python\mbt_gym\models\phase7_groupB_1m_convergence\groupB_seed0\ppo_hamilton_ppo_groupB_seed0_t000900000.zip,7a2bbe91ff081d259634cc0d22d5be34475e9ba4a28f51051e0e9f3be21a4ce1,phase7_reused
hamilton_ppo,0,1000000,C:\Users\conor\OneDrive\Documents\Edinburgh master\Dissertation\Python\mbt_gym\models\phase7_groupB_1m_convergence\groupB_seed0\ppo_hamilton_ppo_groupB_seed0_t001000000.zip,9a9b4d57c8ea85663696fe858bfb59e073ab0ff6865933130bc15194c02c98fb,phase7_reused
hamilton_ppo,1,16000,C:\Users\conor\OneDrive\Documents\Edinburgh master\Dissertation\Python\mbt_gym\models\phase7_groupB_1m_convergence\groupB_seed1\ppo_hamilton_ppo_groupB_seed1_t000016000.zip,e990742f4234f778eaa8659371e62f5964160201499cb1674f4b1e0fbd9efc8a,phase7_reused
hamilton_ppo,1,32000,C:\Users\conor\OneDrive\Documents\Edinburgh master\Dissertation\Python\mbt_gym\models\phase7_groupB_1m_convergence\groupB_seed1\ppo_hamilton_ppo_groupB_seed1_t000032000.zip,c013d97c699049a79f9f095bac9a27cdba1935aff60c8abc6b9298d090b91512,phase7_reused
hamilton_ppo,1,48000,C:\Users\conor\OneDrive\Documents\Edinburgh master\Dissertation\Python\mbt_gym\models\phase7_groupB_1m_convergence\groupB_seed1\ppo_hamilton_ppo_groupB_seed1_t000048000.zip,ea629fcfbc5c066e3f26b2282480ead6bbcc7f31133ba88a4b51a37af26a2165,phase7_reused
hamilton_ppo,1,64000,C:\Users\conor\OneDrive\Documents\Edinburgh master\Dissertation\Python\mbt_gym\models\phase7_groupB_1m_convergence\groupB_seed1\ppo_hamilton_ppo_groupB_seed1_t000064000.zip,3cbf2f652d4d0f980b5597c8afe7141d4fcd03a8f936ef057cab00cdbdc4f5cf,phase7_reused
hamilton_ppo,1,80000,C:\Users\conor\OneDrive\Documents\Edinburgh master\Dissertation\Python\mbt_gym\models\phase7_groupB_1m_convergence\groupB_seed1\ppo_hamilton_ppo_groupB_seed1_t000080000.zip,7a9b22a0bffb795014d95765ce7089a985651f9e6f2f449a88b107faf450ef8d,phase7_reused
hamilton_ppo,1,96000,C:\Users\conor\OneDrive\Documents\Edinburgh master\Dissertation\Python\mbt_gym\models\phase7_groupB_1m_convergence\groupB_seed1\ppo_hamilton_ppo_groupB_seed1_t000096000.zip,7c9602d2892eb027e3000c33717cdb5441a1bb06de362578551b0087d310c2f2,phase7_reused
hamilton_ppo,1,112000,C:\Users\conor\OneDrive\Documents\Edinburgh master\Dissertation\Python\mbt_gym\models\phase7_groupB_1m_convergence\groupB_seed1\ppo_hamilton_ppo_groupB_seed1_t000112000.zip,3ffa112d854ce380368ffd490cbcdab1010df06e5b940fa6613ffd9d544dec20,phase7_reused
hamilton_ppo,1,128000,C:\Users\conor\OneDrive\Documents\Edinburgh master\Dissertation\Python\mbt_gym\models\phase7_groupB_1m_convergence\groupB_seed1\ppo_hamilton_ppo_groupB_seed1_t000128000.zip,208109cfcdbcc29d81da449b016d2b010995b8f2f058f6ff6a0ff83c2ab8af2c,phase7_reused
hamilton_ppo,1,144000,C:\Users\conor\OneDrive\Documents\Edinburgh master\Dissertation\Python\mbt_gym\models\phase7_groupB_1m_convergence\groupB_seed1\ppo_hamilton_ppo_groupB_seed1_t000144000.zip,a54a81242a2f8c6982c02407fd50e82c7a267b98157945019687d4f368d76519,phase7_reused
hamilton_ppo,1,160000,C:\Users\conor\OneDrive\Documents\Edinburgh master\Dissertation\Python\mbt_gym\models\phase7_groupB_1m_convergence\groupB_seed1\ppo_hamilton_ppo_groupB_seed1_t000160000.zip,d952151056938dbf87759faa66330655a4ea2ba519c6f6ca52b2f907f7160757,phase7_reused
hamilton_ppo,1,176000,C:\Users\conor\OneDrive\Documents\Edinburgh master\Dissertation\Python\mbt_gym\models\phase7_groupB_1m_convergence\groupB_seed1\ppo_hamilton_ppo_groupB_seed1_t000176000.zip,4304d8e03ae25b709a82e11d23c0b78d182fe8c2746081b5d6c6bbee13083d13,phase7_reused
hamilton_ppo,1,192000,C:\Users\conor\OneDrive\Documents\Edinburgh master\Dissertation\Python\mbt_gym\models\phase7_groupB_1m_convergence\groupB_seed1\ppo_hamilton_ppo_groupB_seed1_t000192000.zip,db1a7d50f074ccf0c888ea0010a7a3f41e599f7177dac095db196db4ff5a5c15,phase7_reused
hamilton_ppo,1,200000,C:\Users\conor\OneDrive\Documents\Edinburgh master\Dissertation\Python\mbt_gym\models\phase7_groupB_1m_convergence\groupB_seed1\ppo_hamilton_ppo_groupB_seed1_t000200000.zip,cb8e60c53bc0d9f8ed816544fa126fa99cfa0e60c3d1dcab55ffc3c6b5738ba2,phase7_reused
hamilton_ppo,1,300000,C:\Users\conor\OneDrive\Documents\Edinburgh master\Dissertation\Python\mbt_gym\models\phase7_groupB_1m_convergence\groupB_seed1\ppo_hamilton_ppo_groupB_seed1_t000300000.zip,31475a2bda6160619d0eeeeb52cab8b6fb177344bf6df07d9ec4a11059988184,phase7_reused
hamilton_ppo,1,400000,C:\Users\conor\OneDrive\Documents\Edinburgh master\Dissertation\Python\mbt_gym\models\phase7_groupB_1m_convergence\groupB_seed1\ppo_hamilton_ppo_groupB_seed1_t000400000.zip,3a064e8313127342b3f85d0253f47052f50773eaee39e2c819e4fd0a5e06d00a,phase7_reused
hamilton_ppo,1,500000,C:\Users\conor\OneDrive\Documents\Edinburgh master\Dissertation\Python\mbt_gym\models\phase7_groupB_1m_convergence\groupB_seed1\ppo_hamilton_ppo_groupB_seed1_t000500000.zip,6774304fa9174d2014d4b61b2ec5ce813a8c1018cb0fd5ee1d90fc9ea816f534,phase7_reused
hamilton_ppo,1,600000,C:\Users\conor\OneDrive\Documents\Edinburgh master\Dissertation\Python\mbt_gym\models\phase7_groupB_1m_convergence\groupB_seed1\ppo_hamilton_ppo_groupB_seed1_t000600000.zip,a3a972fa9bc30607b3eb9f38156d73ce0e8c130d37ac0c1af2fc6fb61e9eae41,phase7_reused
hamilton_ppo,1,700000,C:\Users\conor\OneDrive\Documents\Edinburgh master\Dissertation\Python\mbt_gym\models\phase7_groupB_1m_convergence\groupB_seed1\ppo_hamilton_ppo_groupB_seed1_t000700000.zip,e6ca933af3bc1068bbe32bb8fbea7b4489e637b476dab285710ad403acd70dee,phase7_reused
hamilton_ppo,1,800000,C:\Users\conor\OneDrive\Documents\Edinburgh master\Dissertation\Python\mbt_gym\models\phase7_groupB_1m_convergence\groupB_seed1\ppo_hamilton_ppo_groupB_seed1_t000800000.zip,1b4a1fdbbff57d7f10ef6c71f318af2f3a5c33bcf3ddaa21be3e47907c0a03b6,phase7_reused
hamilton_ppo,1,900000,C:\Users\conor\OneDrive\Documents\Edinburgh master\Dissertation\Python\mbt_gym\models\phase7_groupB_1m_convergence\groupB_seed1\ppo_hamilton_ppo_groupB_seed1_t000900000.zip,d9b13639cf3ba5145e4d109dc3cd6b7d2bb91614db4d7acea4c4bc60a73e26cb,phase7_reused
hamilton_ppo,1,1000000,C:\Users\conor\OneDrive\Documents\Edinburgh master\Dissertation\Python\mbt_gym\models\phase7_groupB_1m_convergence\groupB_seed1\ppo_hamilton_ppo_groupB_seed1_t001000000.zip,72ff9dcdd89b02b61ad2abef8e83d2a835ae076108f61d9516560549d898e5bc,phase7_reused
hamilton_ppo,2,16000,C:\Users\conor\OneDrive\Documents\Edinburgh master\Dissertation\Python\mbt_gym\models\phase7_groupB_1m_convergence\groupB_seed2\ppo_hamilton_ppo_groupB_seed2_t000016000.zip,8ead2897a52839e63fef7eea46e93d6c4cfceecdfd139e1acd356fa4f42d370e,phase7_reused
hamilton_ppo,2,32000,C:\Users\conor\OneDrive\Documents\Edinburgh master\Dissertation\Python\mbt_gym\models\phase7_groupB_1m_convergence\groupB_seed2\ppo_hamilton_ppo_groupB_seed2_t000032000.zip,b479d76de92b521d09349a7e3fe8c0cb7790f5feff1fa075d27ddc4c4ea78b44,phase7_reused
hamilton_ppo,2,48000,C:\Users\conor\OneDrive\Documents\Edinburgh master\Dissertation\Python\mbt_gym\models\phase7_groupB_1m_convergence\groupB_seed2\ppo_hamilton_ppo_groupB_seed2_t000048000.zip,a29e6cebd6b53baf1382e74416c7cc866c6e516c1cbb31019cf68d8428e3a513,phase7_reused
hamilton_ppo,2,64000,C:\Users\conor\OneDrive\Documents\Edinburgh master\Dissertation\Python\mbt_gym\models\phase7_groupB_1m_convergence\groupB_seed2\ppo_hamilton_ppo_groupB_seed2_t000064000.zip,cca1efb31da5c7663a3ee9856ed97e843d3e96d8ee2377d71b9857492aa79b2e,phase7_reused
hamilton_ppo,2,80000,C:\Users\conor\OneDrive\Documents\Edinburgh master\Dissertation\Python\mbt_gym\models\phase7_groupB_1m_convergence\groupB_seed2\ppo_hamilton_ppo_groupB_seed2_t000080000.zip,3417f0b5042d4616b0354ee31e72d84f8a942dcb6313ac5a185b127af013db98,phase7_reused
hamilton_ppo,2,96000,C:\Users\conor\OneDrive\Documents\Edinburgh master\Dissertation\Python\mbt_gym\models\phase7_groupB_1m_convergence\groupB_seed2\ppo_hamilton_ppo_groupB_seed2_t000096000.zip,3ceaba12217e3ca4d0baeb5d5daed9b02032b640956960699f104eff4a345235,phase7_reused
hamilton_ppo,2,112000,C:\Users\conor\OneDrive\Documents\Edinburgh master\Dissertation\Python\mbt_gym\models\phase7_groupB_1m_convergence\groupB_seed2\ppo_hamilton_ppo_groupB_seed2_t000112000.zip,8243354f848c62afbf0c9d90139eb2bd72254f7084ecb39e5b589d56f1ec803a,phase7_reused
hamilton_ppo,2,128000,C:\Users\conor\OneDrive\Documents\Edinburgh master\Dissertation\Python\mbt_gym\models\phase7_groupB_1m_convergence\groupB_seed2\ppo_hamilton_ppo_groupB_seed2_t000128000.zip,2bd6d0df6f8748d664425052560a40075c26d7cbab5fb8bcd8f24b631151fd1d,phase7_reused
hamilton_ppo,2,144000,C:\Users\conor\OneDrive\Documents\Edinburgh master\Dissertation\Python\mbt_gym\models\phase7_groupB_1m_convergence\groupB_seed2\ppo_hamilton_ppo_groupB_seed2_t000144000.zip,b1593f3b7d86fc38cde0e602033dfdeb5ccca0f9746e810bcc1ceb59bec494ab,phase7_reused
hamilton_ppo,2,160000,C:\Users\conor\OneDrive\Documents\Edinburgh master\Dissertation\Python\mbt_gym\models\phase7_groupB_1m_convergence\groupB_seed2\ppo_hamilton_ppo_groupB_seed2_t000160000.zip,bc74817c3cf18e480ee23aa1d43ec9aa37384ab423b2ef6f42c4283d2c730011,phase7_reused
hamilton_ppo,2,176000,C:\Users\conor\OneDrive\Documents\Edinburgh master\Dissertation\Python\mbt_gym\models\phase7_groupB_1m_convergence\groupB_seed2\ppo_hamilton_ppo_groupB_seed2_t000176000.zip,8abd736cdcd3d6cfc5a06f94ab0b069ddb44aaf3e24dd867e60a18b5c360b095,phase7_reused
hamilton_ppo,2,192000,C:\Users\conor\OneDrive\Documents\Edinburgh master\Dissertation\Python\mbt_gym\models\phase7_groupB_1m_convergence\groupB_seed2\ppo_hamilton_ppo_groupB_seed2_t000192000.zip,30c0a29a9be38ff705b31cbb3c70491ae4ce92c3cf50bb5bf5d8037a9209d8fa,phase7_reused
hamilton_ppo,2,200000,C:\Users\conor\OneDrive\Documents\Edinburgh master\Dissertation\Python\mbt_gym\models\phase7_groupB_1m_convergence\groupB_seed2\ppo_hamilton_ppo_groupB_seed2_t000200000.zip,da0b8bf896bc25c7741cf6c076be3eb8054d9b30390bec4ab3b0b25e5f7f6e43,phase7_reused
hamilton_ppo,2,300000,C:\Users\conor\OneDrive\Documents\Edinburgh master\Dissertation\Python\mbt_gym\models\phase7_groupB_1m_convergence\groupB_seed2\ppo_hamilton_ppo_groupB_seed2_t000300000.zip,2ae7c001438f87801b3e0dab57ee21778d31667af53e469c347ae5acdacd5aa0,phase7_reused
hamilton_ppo,2,400000,C:\Users\conor\OneDrive\Documents\Edinburgh master\Dissertation\Python\mbt_gym\models\phase7_groupB_1m_convergence\groupB_seed2\ppo_hamilton_ppo_groupB_seed2_t000400000.zip,2d70983e4d053427fb26a49d872d4e2e4d8c45945e635081ff2bccf55debd918,phase7_reused
hamilton_ppo,2,500000,C:\Users\conor\OneDrive\Documents\Edinburgh master\Dissertation\Python\mbt_gym\models\phase7_groupB_1m_convergence\groupB_seed2\ppo_hamilton_ppo_groupB_seed2_t000500000.zip,04f1d8641d43a4123079ca2bb6babb3cd381dfc8a87f51dabc19e120632127fb,phase7_reused
hamilton_ppo,2,600000,C:\Users\conor\OneDrive\Documents\Edinburgh master\Dissertation\Python\mbt_gym\models\phase7_groupB_1m_convergence\groupB_seed2\ppo_hamilton_ppo_groupB_seed2_t000600000.zip,3bdf19145fc1a97b312f601e7e73f76d83af94621d9f74913a66ea5fb533f02a,phase7_reused
hamilton_ppo,2,700000,C:\Users\conor\OneDrive\Documents\Edinburgh master\Dissertation\Python\mbt_gym\models\phase7_groupB_1m_convergence\groupB_seed2\ppo_hamilton_ppo_groupB_seed2_t000700000.zip,966a54ecebd46650f23ea835f74c274703df565d00d6422bc09d5af2f92cbd15,phase7_reused
hamilton_ppo,2,800000,C:\Users\conor\OneDrive\Documents\Edinburgh master\Dissertation\Python\mbt_gym\models\phase7_groupB_1m_convergence\groupB_seed2\ppo_hamilton_ppo_groupB_seed2_t000800000.zip,63ede6a264c382e7c8280eb53e6ae34c393cef34f827a4ca4cb289a7eb36e52a,phase7_reused
hamilton_ppo,2,900000,C:\Users\conor\OneDrive\Documents\Edinburgh master\Dissertation\Python\mbt_gym\models\phase7_groupB_1m_convergence\groupB_seed2\ppo_hamilton_ppo_groupB_seed2_t000900000.zip,b1bc8b790e7deaaa51dfa167aaf9b1a893d716bd89843d559f8678fc4d0b07c1,phase7_reused
hamilton_ppo,2,1000000,C:\Users\conor\OneDrive\Documents\Edinburgh master\Dissertation\Python\mbt_gym\models\phase7_groupB_1m_convergence\groupB_seed2\ppo_hamilton_ppo_groupB_seed2_t001000000.zip,d4f59f73842314230c8bea6e239ee482b2acd0b0d9067c72f81dffc7793ff12e,phase7_reused
hamilton_ppo,3,16000,C:\Users\conor\OneDrive\Documents\Edinburgh master\Dissertation\Python\mbt_gym\models\phase7_groupB_1m_convergence\groupB_seed3\ppo_hamilton_ppo_groupB_seed3_t000016000.zip,90d3f6371cf44c72b5ea4744ab07c95cc9dd9a1ad08584f466d5f05ec45c487f,phase7_reused
hamilton_ppo,3,32000,C:\Users\conor\OneDrive\Documents\Edinburgh master\Dissertation\Python\mbt_gym\models\phase7_groupB_1m_convergence\groupB_seed3\ppo_hamilton_ppo_groupB_seed3_t000032000.zip,53342b4fa1484e4eab2c666e1a8b27c1b83b04b7d4d015c3e0f7c19ce7c3bf8e,phase7_reused
hamilton_ppo,3,48000,C:\Users\conor\OneDrive\Documents\Edinburgh master\Dissertation\Python\mbt_gym\models\phase7_groupB_1m_convergence\groupB_seed3\ppo_hamilton_ppo_groupB_seed3_t000048000.zip,6879244076a8363b8ab0fcb7ff7289b3e0c0dbe40ec13e8c34e2c4706e4e94a9,phase7_reused
hamilton_ppo,3,64000,C:\Users\conor\OneDrive\Documents\Edinburgh master\Dissertation\Python\mbt_gym\models\phase7_groupB_1m_convergence\groupB_seed3\ppo_hamilton_ppo_groupB_seed3_t000064000.zip,5bdb0f507569c8dd4211c6e29c126f66c16f258e8a116c47054876b10b3ba824,phase7_reused
hamilton_ppo,3,80000,C:\Users\conor\OneDrive\Documents\Edinburgh master\Dissertation\Python\mbt_gym\models\phase7_groupB_1m_convergence\groupB_seed3\ppo_hamilton_ppo_groupB_seed3_t000080000.zip,cfb5ff953483fcc530496064554fb705809b1c151b02c60e9ddceb4723e7ea47,phase7_reused
hamilton_ppo,3,96000,C:\Users\conor\OneDrive\Documents\Edinburgh master\Dissertation\Python\mbt_gym\models\phase7_groupB_1m_convergence\groupB_seed3\ppo_hamilton_ppo_groupB_seed3_t000096000.zip,b43947fc010cdcda1069bd5a56f0c9a3f6b2e61c332d52ca2e6f1d1bec6df482,phase7_reused
hamilton_ppo,3,112000,C:\Users\conor\OneDrive\Documents\Edinburgh master\Dissertation\Python\mbt_gym\models\phase7_groupB_1m_convergence\groupB_seed3\ppo_hamilton_ppo_groupB_seed3_t000112000.zip,576af5b804e7ac83d7303b7cce032f535fd0a31c7271e21b6e895faec2ce9409,phase7_reused
hamilton_ppo,3,128000,C:\Users\conor\OneDrive\Documents\Edinburgh master\Dissertation\Python\mbt_gym\models\phase7_groupB_1m_convergence\groupB_seed3\ppo_hamilton_ppo_groupB_seed3_t000128000.zip,f806d59f6bf0cc417b3042b0a42b118f93449bd0a7ed654053522faf549281f5,phase7_reused
hamilton_ppo,3,144000,C:\Users\conor\OneDrive\Documents\Edinburgh master\Dissertation\Python\mbt_gym\models\phase7_groupB_1m_convergence\groupB_seed3\ppo_hamilton_ppo_groupB_seed3_t000144000.zip,6eb5a4a3e4efceb299d0a18c4c948e966327a29d225e482ba01764c3e1ce27db,phase7_reused
hamilton_ppo,3,160000,C:\Users\conor\OneDrive\Documents\Edinburgh master\Dissertation\Python\mbt_gym\models\phase7_groupB_1m_convergence\groupB_seed3\ppo_hamilton_ppo_groupB_seed3_t000160000.zip,52e66385d4d7d77604a4e9229ea1258d008696c21224292c4980176a2f56bd1f,phase7_reused
hamilton_ppo,3,176000,C:\Users\conor\OneDrive\Documents\Edinburgh master\Dissertation\Python\mbt_gym\models\phase7_groupB_1m_convergence\groupB_seed3\ppo_hamilton_ppo_groupB_seed3_t000176000.zip,0fab31f88c5772af1279b80897058f0b05d62e59a23719478b5e74e5d9983ca7,phase7_reused
hamilton_ppo,3,192000,C:\Users\conor\OneDrive\Documents\Edinburgh master\Dissertation\Python\mbt_gym\models\phase7_groupB_1m_convergence\groupB_seed3\ppo_hamilton_ppo_groupB_seed3_t000192000.zip,723aa5c05c905280653232f9c5cbf0b2a7c8ec9820f84612e3479db392770dd1,phase7_reused
hamilton_ppo,3,200000,C:\Users\conor\OneDrive\Documents\Edinburgh master\Dissertation\Python\mbt_gym\models\phase7_groupB_1m_convergence\groupB_seed3\ppo_hamilton_ppo_groupB_seed3_t000200000.zip,11c2f52b0699c6077e038d7a8e5e05d6fe965ad9ae621259e5333a435bb9d276,phase7_reused
hamilton_ppo,3,300000,C:\Users\conor\OneDrive\Documents\Edinburgh master\Dissertation\Python\mbt_gym\models\phase7_groupB_1m_convergence\groupB_seed3\ppo_hamilton_ppo_groupB_seed3_t000300000.zip,392f2eebd8e1365dc72995eebe493898b52815b76b819c1fc30afe3c1eb79f90,phase7_reused
hamilton_ppo,3,400000,C:\Users\conor\OneDrive\Documents\Edinburgh master\Dissertation\Python\mbt_gym\models\phase7_groupB_1m_convergence\groupB_seed3\ppo_hamilton_ppo_groupB_seed3_t000400000.zip,0bb23cba55569f427384d0554c2eeaa8e345b718842da3401b90c3a845cd5ffc,phase7_reused
hamilton_ppo,3,500000,C:\Users\conor\OneDrive\Documents\Edinburgh master\Dissertation\Python\mbt_gym\models\phase7_groupB_1m_convergence\groupB_seed3\ppo_hamilton_ppo_groupB_seed3_t000500000.zip,8356f5225139d93bcfefb33714bec1b560baafb9d798894e92d4c487216e9998,phase7_reused
hamilton_ppo,3,600000,C:\Users\conor\OneDrive\Documents\Edinburgh master\Dissertation\Python\mbt_gym\models\phase7_groupB_1m_convergence\groupB_seed3\ppo_hamilton_ppo_groupB_seed3_t000600000.zip,d3ae3fc14363fb44c912f95c3c801212009ebfce8c63b13a471dac6be9afb454,phase7_reused
hamilton_ppo,3,700000,C:\Users\conor\OneDrive\Documents\Edinburgh master\Dissertation\Python\mbt_gym\models\phase7_groupB_1m_convergence\groupB_seed3\ppo_hamilton_ppo_groupB_seed3_t000700000.zip,5da5b891e81fcaea86aa0235da14d7ae71f1c16a6310bee4bd5233f8dc565b88,phase7_reused
hamilton_ppo,3,800000,C:\Users\conor\OneDrive\Documents\Edinburgh master\Dissertation\Python\mbt_gym\models\phase7_groupB_1m_convergence\groupB_seed3\ppo_hamilton_ppo_groupB_seed3_t000800000.zip,bc5e8241ee251dc3f4016fa33813a1201787be2d7563c479fc35be083e882fbd,phase7_reused
hamilton_ppo,3,900000,C:\Users\conor\OneDrive\Documents\Edinburgh master\Dissertation\Python\mbt_gym\models\phase7_groupB_1m_convergence\groupB_seed3\ppo_hamilton_ppo_groupB_seed3_t000900000.zip,fb9a431fca32dafa89ce2f0d017e76684ab610729774b4ecee955feb25206188,phase7_reused
hamilton_ppo,3,1000000,C:\Users\conor\OneDrive\Documents\Edinburgh master\Dissertation\Python\mbt_gym\models\phase7_groupB_1m_convergence\groupB_seed3\ppo_hamilton_ppo_groupB_seed3_t001000000.zip,bfaf76b176c8f9d79cd030b9509c5d90e3bee246468918e3261c3a4b60f092ad,phase7_reused
hamilton_ppo,4,16000,C:\Users\conor\OneDrive\Documents\Edinburgh master\Dissertation\Python\mbt_gym\models\phase7_groupB_1m_convergence\groupB_seed4\ppo_hamilton_ppo_groupB_seed4_t000016000.zip,3a5f53b739a449bfd986f03b42e3f34e01da4ef2d3b61223a6b957088a2ee3c3,phase7_reused
hamilton_ppo,4,32000,C:\Users\conor\OneDrive\Documents\Edinburgh master\Dissertation\Python\mbt_gym\models\phase7_groupB_1m_convergence\groupB_seed4\ppo_hamilton_ppo_groupB_seed4_t000032000.zip,79f69f310119e60a96ab4219e4c6c30b173f0eba7fd044580acd32fd2d28235f,phase7_reused
hamilton_ppo,4,48000,C:\Users\conor\OneDrive\Documents\Edinburgh master\Dissertation\Python\mbt_gym\models\phase7_groupB_1m_convergence\groupB_seed4\ppo_hamilton_ppo_groupB_seed4_t000048000.zip,343ed603b9ab0837c4d821db85977c299a559d66bcea55baebeb143a12c4ecf5,phase7_reused
hamilton_ppo,4,64000,C:\Users\conor\OneDrive\Documents\Edinburgh master\Dissertation\Python\mbt_gym\models\phase7_groupB_1m_convergence\groupB_seed4\ppo_hamilton_ppo_groupB_seed4_t000064000.zip,2c0fc4209e6613044fa26e588040511182e53c4e30730a93fd6bafa78fb43183,phase7_reused
hamilton_ppo,4,80000,C:\Users\conor\OneDrive\Documents\Edinburgh master\Dissertation\Python\mbt_gym\models\phase7_groupB_1m_convergence\groupB_seed4\ppo_hamilton_ppo_groupB_seed4_t000080000.zip,b8b9eab5fa2fe44f73540200617b6f05d78ac992aa6c95ea3d31db1d3cd574c3,phase7_reused
hamilton_ppo,4,96000,C:\Users\conor\OneDrive\Documents\Edinburgh master\Dissertation\Python\mbt_gym\models\phase7_groupB_1m_convergence\groupB_seed4\ppo_hamilton_ppo_groupB_seed4_t000096000.zip,893c62898fc073462b9388c9e06340d0438af7889838cfad7f0e6b561b98ad36,phase7_reused
hamilton_ppo,4,112000,C:\Users\conor\OneDrive\Documents\Edinburgh master\Dissertation\Python\mbt_gym\models\phase7_groupB_1m_convergence\groupB_seed4\ppo_hamilton_ppo_groupB_seed4_t000112000.zip,04b50479c7c3276dcbb9140d21a9d760431cc57d6eaaf5b3cd3138e7bb2b8b90,phase7_reused
hamilton_ppo,4,128000,C:\Users\conor\OneDrive\Documents\Edinburgh master\Dissertation\Python\mbt_gym\models\phase7_groupB_1m_convergence\groupB_seed4\ppo_hamilton_ppo_groupB_seed4_t000128000.zip,7d186c1103008319c569d2e93058a3e4305a63ca4220fe0cc2e365befd06f5cc,phase7_reused
hamilton_ppo,4,144000,C:\Users\conor\OneDrive\Documents\Edinburgh master\Dissertation\Python\mbt_gym\models\phase7_groupB_1m_convergence\groupB_seed4\ppo_hamilton_ppo_groupB_seed4_t000144000.zip,bcdc74be3e2a2b6ebfecac8225929766dbb0382408af04022da224fd0ccffc1c,phase7_reused
hamilton_ppo,4,160000,C:\Users\conor\OneDrive\Documents\Edinburgh master\Dissertation\Python\mbt_gym\models\phase7_groupB_1m_convergence\groupB_seed4\ppo_hamilton_ppo_groupB_seed4_t000160000.zip,e4479c3f6bba291d6d3189eb71b8ff882e7967a67611ed61b7e72999e3d954bd,phase7_reused
hamilton_ppo,4,176000,C:\Users\conor\OneDrive\Documents\Edinburgh master\Dissertation\Python\mbt_gym\models\phase7_groupB_1m_convergence\groupB_seed4\ppo_hamilton_ppo_groupB_seed4_t000176000.zip,3de22dd8ea33c1f495814122d2a71c97ce6d1cffe8e7b45964fa994901ccca4a,phase7_reused
hamilton_ppo,4,192000,C:\Users\conor\OneDrive\Documents\Edinburgh master\Dissertation\Python\mbt_gym\models\phase7_groupB_1m_convergence\groupB_seed4\ppo_hamilton_ppo_groupB_seed4_t000192000.zip,7e67fd49ba8d097540f81d90b28db6acc1d8a5ef39713f8deb55fcd4d9514882,phase7_reused
hamilton_ppo,4,200000,C:\Users\conor\OneDrive\Documents\Edinburgh master\Dissertation\Python\mbt_gym\models\phase7_groupB_1m_convergence\groupB_seed4\ppo_hamilton_ppo_groupB_seed4_t000200000.zip,abed843e399e7152438232db91676297d5f55ed0b34170ced030c67ff1757806,phase7_reused
hamilton_ppo,4,300000,C:\Users\conor\OneDrive\Documents\Edinburgh master\Dissertation\Python\mbt_gym\models\phase7_groupB_1m_convergence\groupB_seed4\ppo_hamilton_ppo_groupB_seed4_t000300000.zip,b934b081f29eac0e2b40f483ef7ba7d995f838beef48483eda7a3f5e67fd8cf7,phase7_reused
hamilton_ppo,4,400000,C:\Users\conor\OneDrive\Documents\Edinburgh master\Dissertation\Python\mbt_gym\models\phase7_groupB_1m_convergence\groupB_seed4\ppo_hamilton_ppo_groupB_seed4_t000400000.zip,805b93316922c4b151df60ba424ab0a71223490ea5b4021a348a9b69ad131a70,phase7_reused
hamilton_ppo,4,500000,C:\Users\conor\OneDrive\Documents\Edinburgh master\Dissertation\Python\mbt_gym\models\phase7_groupB_1m_convergence\groupB_seed4\ppo_hamilton_ppo_groupB_seed4_t000500000.zip,513e59ce395f5ce6fb77e33b6a84d72d4ccb8f5846d3904c4aaaf5b0023f017b,phase7_reused
hamilton_ppo,4,600000,C:\Users\conor\OneDrive\Documents\Edinburgh master\Dissertation\Python\mbt_gym\models\phase7_groupB_1m_convergence\groupB_seed4\ppo_hamilton_ppo_groupB_seed4_t000600000.zip,a5af43a97a1162fb6196e9945b97a3e43609603c6b86797b7518d7c0ed44e47e,phase7_reused
hamilton_ppo,4,700000,C:\Users\conor\OneDrive\Documents\Edinburgh master\Dissertation\Python\mbt_gym\models\phase7_groupB_1m_convergence\groupB_seed4\ppo_hamilton_ppo_groupB_seed4_t000700000.zip,1f04df7564c53cc6759d27e6620c355193c83fd0e5eb1736c1df40272af9ea51,phase7_reused
hamilton_ppo,4,800000,C:\Users\conor\OneDrive\Documents\Edinburgh master\Dissertation\Python\mbt_gym\models\phase7_groupB_1m_convergence\groupB_seed4\ppo_hamilton_ppo_groupB_seed4_t000800000.zip,247120847502f044afe534891fbb39858ae6aa892ffe81360f59452a3aff9a25,phase7_reused
hamilton_ppo,4,900000,C:\Users\conor\OneDrive\Documents\Edinburgh master\Dissertation\Python\mbt_gym\models\phase7_groupB_1m_convergence\groupB_seed4\ppo_hamilton_ppo_groupB_seed4_t000900000.zip,28ee62eade402f9e6be17ccc366f2602458932e5274764bd78b863ced5f6c4d3,phase7_reused
hamilton_ppo,4,1000000,C:\Users\conor\OneDrive\Documents\Edinburgh master\Dissertation\Python\mbt_gym\models\phase7_groupB_1m_convergence\groupB_seed4\ppo_hamilton_ppo_groupB_seed4_t001000000.zip,b9ed1cd200488a6dab5f8be843ba3f0cdfff84be6ab109aac0b5e8623de2fd1e,phase7_reused
return_mlp_ppo,0,16000,C:\Users\conor\OneDrive\Documents\Edinburgh master\Dissertation\Python\mbt_gym\models\final_reduced_exploration_architecture_comparison\return_mlp_ppo_seed0\ppo_return_mlp_ppo_seed0_t000016000.zip,41f1115852f6943459d9cfaef51432c6700bf653f7a5920c3907ed11abb8bd4b,trained_this_experiment
return_mlp_ppo,0,32000,C:\Users\conor\OneDrive\Documents\Edinburgh master\Dissertation\Python\mbt_gym\models\final_reduced_exploration_architecture_comparison\return_mlp_ppo_seed0\ppo_return_mlp_ppo_seed0_t000032000.zip,2aa2eac56d8e1bd43bccab7a6341544431ace9fc54b4a1163a7fea5f7c3e8dfe,trained_this_experiment
return_mlp_ppo,0,48000,C:\Users\conor\OneDrive\Documents\Edinburgh master\Dissertation\Python\mbt_gym\models\final_reduced_exploration_architecture_comparison\return_mlp_ppo_seed0\ppo_return_mlp_ppo_seed0_t000048000.zip,d37d10944641e9b57f6f4ee097c482b1f97535afb57f1833533cc4009c1b7d83,trained_this_experiment
return_mlp_ppo,0,64000,C:\Users\conor\OneDrive\Documents\Edinburgh master\Dissertation\Python\mbt_gym\models\final_reduced_exploration_architecture_comparison\return_mlp_ppo_seed0\ppo_return_mlp_ppo_seed0_t000064000.zip,1b0e31fa5408303b3662595be269bd042a790e45b64cf9c38da28c9752637379,trained_this_experiment
return_mlp_ppo,0,80000,C:\Users\conor\OneDrive\Documents\Edinburgh master\Dissertation\Python\mbt_gym\models\final_reduced_exploration_architecture_comparison\return_mlp_ppo_seed0\ppo_return_mlp_ppo_seed0_t000080000.zip,f364491df79fd46f7bf1ba938f3faf151c1391c728c693c5977e05649cd261df,trained_this_experiment
return_mlp_ppo,0,96000,C:\Users\conor\OneDrive\Documents\Edinburgh master\Dissertation\Python\mbt_gym\models\final_reduced_exploration_architecture_comparison\return_mlp_ppo_seed0\ppo_return_mlp_ppo_seed0_t000096000.zip,bea56a99e1bbdee5d8e9caf2a9dd531d357bc815487062079067063e544bd273,trained_this_experiment
return_mlp_ppo,0,112000,C:\Users\conor\OneDrive\Documents\Edinburgh master\Dissertation\Python\mbt_gym\models\final_reduced_exploration_architecture_comparison\return_mlp_ppo_seed0\ppo_return_mlp_ppo_seed0_t000112000.zip,54b8a79d026c17d45bb63c6d4a1d435c22e0c7b0d473f38b73f9019cae032052,trained_this_experiment
return_mlp_ppo,0,128000,C:\Users\conor\OneDrive\Documents\Edinburgh master\Dissertation\Python\mbt_gym\models\final_reduced_exploration_architecture_comparison\return_mlp_ppo_seed0\ppo_return_mlp_ppo_seed0_t000128000.zip,a8cb778cd5e12a0f88c3b6531594bf4538c17f00ebf8a00da7e38aca9db77a2a,trained_this_experiment
return_mlp_ppo,0,144000,C:\Users\conor\OneDrive\Documents\Edinburgh master\Dissertation\Python\mbt_gym\models\final_reduced_exploration_architecture_comparison\return_mlp_ppo_seed0\ppo_return_mlp_ppo_seed0_t000144000.zip,de8ea1c5989e3da2713db085d1ca8fbe9090bfbb8e77b4935b6cf2379f068ddd,trained_this_experiment
return_mlp_ppo,0,160000,C:\Users\conor\OneDrive\Documents\Edinburgh master\Dissertation\Python\mbt_gym\models\final_reduced_exploration_architecture_comparison\return_mlp_ppo_seed0\ppo_return_mlp_ppo_seed0_t000160000.zip,634126b7eaa5f3c0ae3d650c12495324dd82e1211adf10349ab965cb9a43abcd,trained_this_experiment
return_mlp_ppo,0,176000,C:\Users\conor\OneDrive\Documents\Edinburgh master\Dissertation\Python\mbt_gym\models\final_reduced_exploration_architecture_comparison\return_mlp_ppo_seed0\ppo_return_mlp_ppo_seed0_t000176000.zip,eccbaa280d873f332fd73ccc757d2363764e1a1534c016150effc663b1186492,trained_this_experiment
return_mlp_ppo,0,192000,C:\Users\conor\OneDrive\Documents\Edinburgh master\Dissertation\Python\mbt_gym\models\final_reduced_exploration_architecture_comparison\return_mlp_ppo_seed0\ppo_return_mlp_ppo_seed0_t000192000.zip,41b26822d5c1c51a8103859ed0cad727462600f69bee15d08a235a0ed82977b7,trained_this_experiment
return_mlp_ppo,0,200000,C:\Users\conor\OneDrive\Documents\Edinburgh master\Dissertation\Python\mbt_gym\models\final_reduced_exploration_architecture_comparison\return_mlp_ppo_seed0\ppo_return_mlp_ppo_seed0_t000200000.zip,107ee618496a5d1540f703b0f9fa5714cad061379d4746f70bca040ec864617d,trained_this_experiment
return_mlp_ppo,0,300000,C:\Users\conor\OneDrive\Documents\Edinburgh master\Dissertation\Python\mbt_gym\models\final_reduced_exploration_architecture_comparison\return_mlp_ppo_seed0\ppo_return_mlp_ppo_seed0_t000300000.zip,9d304f1dbb59eea15e04fc1aadffa8a34c53148fc61e6b5d6eb6498a972b4ad2,trained_this_experiment
return_mlp_ppo,0,400000,C:\Users\conor\OneDrive\Documents\Edinburgh master\Dissertation\Python\mbt_gym\models\final_reduced_exploration_architecture_comparison\return_mlp_ppo_seed0\ppo_return_mlp_ppo_seed0_t000400000.zip,e625ef46a3461c6b9dd8a2bef75b5838cc25bcb9bd87d51bb0cf47de99102034,trained_this_experiment
return_mlp_ppo,0,500000,C:\Users\conor\OneDrive\Documents\Edinburgh master\Dissertation\Python\mbt_gym\models\final_reduced_exploration_architecture_comparison\return_mlp_ppo_seed0\ppo_return_mlp_ppo_seed0_t000500000.zip,6e4d8a2690e33d8cc708e0732596f2f06d27a85ce9720a048edbfd7659a93162,trained_this_experiment
return_mlp_ppo,0,600000,C:\Users\conor\OneDrive\Documents\Edinburgh master\Dissertation\Python\mbt_gym\models\final_reduced_exploration_architecture_comparison\return_mlp_ppo_seed0\ppo_return_mlp_ppo_seed0_t000600000.zip,163ff0ce6c3c9d33a9c79b10c5d4773354ae9f9f3070ab41ca19fd30550b99da,trained_this_experiment
return_mlp_ppo,0,700000,C:\Users\conor\OneDrive\Documents\Edinburgh master\Dissertation\Python\mbt_gym\models\final_reduced_exploration_architecture_comparison\return_mlp_ppo_seed0\ppo_return_mlp_ppo_seed0_t000700000.zip,76f7f55f2a55399da0fb1b1561159529439662b597776d587117692c1066c284,trained_this_experiment
return_mlp_ppo,0,800000,C:\Users\conor\OneDrive\Documents\Edinburgh master\Dissertation\Python\mbt_gym\models\final_reduced_exploration_architecture_comparison\return_mlp_ppo_seed0\ppo_return_mlp_ppo_seed0_t000800000.zip,48206356a678f3e4173f7acef53203b7e722a65e4ea794ba3c8910eb715e3cd2,trained_this_experiment
return_mlp_ppo,0,900000,C:\Users\conor\OneDrive\Documents\Edinburgh master\Dissertation\Python\mbt_gym\models\final_reduced_exploration_architecture_comparison\return_mlp_ppo_seed0\ppo_return_mlp_ppo_seed0_t000900000.zip,35d29c694fa3eff81389b16b69244337ad92e5553ff5a7f65e45ed4df17dff0f,trained_this_experiment
return_mlp_ppo,0,1000000,C:\Users\conor\OneDrive\Documents\Edinburgh master\Dissertation\Python\mbt_gym\models\final_reduced_exploration_architecture_comparison\return_mlp_ppo_seed0\ppo_return_mlp_ppo_seed0_t001000000.zip,71f03d91fcb9e8053e9c1d83d490e0fdaf143becd3e61497cba9bd23885a96f9,trained_this_experiment
return_mlp_ppo,1,16000,C:\Users\conor\OneDrive\Documents\Edinburgh master\Dissertation\Python\mbt_gym\models\final_reduced_exploration_architecture_comparison\return_mlp_ppo_seed1\ppo_return_mlp_ppo_seed1_t000016000.zip,e2688e5d5cc89785b02477a27061d025fdb82d5e54a5f3371ec1948f5b8c81c2,trained_this_experiment
return_mlp_ppo,1,32000,C:\Users\conor\OneDrive\Documents\Edinburgh master\Dissertation\Python\mbt_gym\models\final_reduced_exploration_architecture_comparison\return_mlp_ppo_seed1\ppo_return_mlp_ppo_seed1_t000032000.zip,2c89b1234099eeb78fce290d009c48b7c3e11f0833510a08325aa91e63dca771,trained_this_experiment
return_mlp_ppo,1,48000,C:\Users\conor\OneDrive\Documents\Edinburgh master\Dissertation\Python\mbt_gym\models\final_reduced_exploration_architecture_comparison\return_mlp_ppo_seed1\ppo_return_mlp_ppo_seed1_t000048000.zip,d62afbc0000e66eaa444a8314594d92f42b978f4749d3b8af0a7808e59c1e425,trained_this_experiment
return_mlp_ppo,1,64000,C:\Users\conor\OneDrive\Documents\Edinburgh master\Dissertation\Python\mbt_gym\models\final_reduced_exploration_architecture_comparison\return_mlp_ppo_seed1\ppo_return_mlp_ppo_seed1_t000064000.zip,4e4a3af64279dcc3f984a7eb468af3f73a9895428720e8cd3df873aab874ef4a,trained_this_experiment
return_mlp_ppo,1,80000,C:\Users\conor\OneDrive\Documents\Edinburgh master\Dissertation\Python\mbt_gym\models\final_reduced_exploration_architecture_comparison\return_mlp_ppo_seed1\ppo_return_mlp_ppo_seed1_t000080000.zip,bc4ea09b67810e4f1c3d136a2591f7023b7b3f4406bd9749236c1bae2993b855,trained_this_experiment
return_mlp_ppo,1,96000,C:\Users\conor\OneDrive\Documents\Edinburgh master\Dissertation\Python\mbt_gym\models\final_reduced_exploration_architecture_comparison\return_mlp_ppo_seed1\ppo_return_mlp_ppo_seed1_t000096000.zip,47b12982c812bd65dd858c39f06d29bcad39cdddc04b3662fce20a46f604e712,trained_this_experiment
return_mlp_ppo,1,112000,C:\Users\conor\OneDrive\Documents\Edinburgh master\Dissertation\Python\mbt_gym\models\final_reduced_exploration_architecture_comparison\return_mlp_ppo_seed1\ppo_return_mlp_ppo_seed1_t000112000.zip,16573b0ffeee22c41c1799eed02345abdee8af22abd088bd7fffcd417e2e7bbb,trained_this_experiment
return_mlp_ppo,1,128000,C:\Users\conor\OneDrive\Documents\Edinburgh master\Dissertation\Python\mbt_gym\models\final_reduced_exploration_architecture_comparison\return_mlp_ppo_seed1\ppo_return_mlp_ppo_seed1_t000128000.zip,013e9510eeb28ed74472a5e0f7faacef83807ae487ac8bfa8a60da6ec145dd51,trained_this_experiment
return_mlp_ppo,1,144000,C:\Users\conor\OneDrive\Documents\Edinburgh master\Dissertation\Python\mbt_gym\models\final_reduced_exploration_architecture_comparison\return_mlp_ppo_seed1\ppo_return_mlp_ppo_seed1_t000144000.zip,b03c85c9ca75f1bc330b167a36944286ae6d52f2222a13ecb45930eb6c0d1321,trained_this_experiment
return_mlp_ppo,1,160000,C:\Users\conor\OneDrive\Documents\Edinburgh master\Dissertation\Python\mbt_gym\models\final_reduced_exploration_architecture_comparison\return_mlp_ppo_seed1\ppo_return_mlp_ppo_seed1_t000160000.zip,be21c5b56632502c07c2c68138692d331facf8c780305dc46aa0eadb4b38159f,trained_this_experiment
return_mlp_ppo,1,176000,C:\Users\conor\OneDrive\Documents\Edinburgh master\Dissertation\Python\mbt_gym\models\final_reduced_exploration_architecture_comparison\return_mlp_ppo_seed1\ppo_return_mlp_ppo_seed1_t000176000.zip,c5d1d81f76ce046528e9c6f74a8fa93d3e2adf1228eb915b2e7b7155c7d9dc37,trained_this_experiment
return_mlp_ppo,1,192000,C:\Users\conor\OneDrive\Documents\Edinburgh master\Dissertation\Python\mbt_gym\models\final_reduced_exploration_architecture_comparison\return_mlp_ppo_seed1\ppo_return_mlp_ppo_seed1_t000192000.zip,ecda37aaea459dd604546032887b1355496e8e6ec51375eca693bc8364bd8b42,trained_this_experiment
return_mlp_ppo,1,200000,C:\Users\conor\OneDrive\Documents\Edinburgh master\Dissertation\Python\mbt_gym\models\final_reduced_exploration_architecture_comparison\return_mlp_ppo_seed1\ppo_return_mlp_ppo_seed1_t000200000.zip,9c8f4e736f1be7fae57658b2e02ab3d997f7383b814807434c9794f062882386,trained_this_experiment
return_mlp_ppo,1,300000,C:\Users\conor\OneDrive\Documents\Edinburgh master\Dissertation\Python\mbt_gym\models\final_reduced_exploration_architecture_comparison\return_mlp_ppo_seed1\ppo_return_mlp_ppo_seed1_t000300000.zip,98adec3e62d240c3888136421848a993599a8e71a3fc24436a72b862ded61860,trained_this_experiment
return_mlp_ppo,1,400000,C:\Users\conor\OneDrive\Documents\Edinburgh master\Dissertation\Python\mbt_gym\models\final_reduced_exploration_architecture_comparison\return_mlp_ppo_seed1\ppo_return_mlp_ppo_seed1_t000400000.zip,417c2ae9181ed0cbff0fe3b87c6800b2304fdda7d250f058e19fa833a641b89b,trained_this_experiment
return_mlp_ppo,1,500000,C:\Users\conor\OneDrive\Documents\Edinburgh master\Dissertation\Python\mbt_gym\models\final_reduced_exploration_architecture_comparison\return_mlp_ppo_seed1\ppo_return_mlp_ppo_seed1_t000500000.zip,d800c977276d3b1ac2fa3d07f3f45fecc5f66fb7e57903085c037e50f5052ccd,trained_this_experiment
return_mlp_ppo,1,600000,C:\Users\conor\OneDrive\Documents\Edinburgh master\Dissertation\Python\mbt_gym\models\final_reduced_exploration_architecture_comparison\return_mlp_ppo_seed1\ppo_return_mlp_ppo_seed1_t000600000.zip,5e0a5315297e156e2d2dd5d84a5657b3d58830dcc74438dca0de5e594850b725,trained_this_experiment
return_mlp_ppo,1,700000,C:\Users\conor\OneDrive\Documents\Edinburgh master\Dissertation\Python\mbt_gym\models\final_reduced_exploration_architecture_comparison\return_mlp_ppo_seed1\ppo_return_mlp_ppo_seed1_t000700000.zip,5d70f0f91a2524cd095b1009d9cf81c8c983d3eac44d796cf8ad4cefa531f2a7,trained_this_experiment
return_mlp_ppo,1,800000,C:\Users\conor\OneDrive\Documents\Edinburgh master\Dissertation\Python\mbt_gym\models\final_reduced_exploration_architecture_comparison\return_mlp_ppo_seed1\ppo_return_mlp_ppo_seed1_t000800000.zip,0f336a7514c5b7c764dcfd8831df99f58d6a91aaf6635cef5e9258566ef3ba96,trained_this_experiment
return_mlp_ppo,1,900000,C:\Users\conor\OneDrive\Documents\Edinburgh master\Dissertation\Python\mbt_gym\models\final_reduced_exploration_architecture_comparison\return_mlp_ppo_seed1\ppo_return_mlp_ppo_seed1_t000900000.zip,966eb02743d09ad992a688a157f5632de4e7ff28ef27d313ec3ef0d90e91ff09,trained_this_experiment
return_mlp_ppo,1,1000000,C:\Users\conor\OneDrive\Documents\Edinburgh master\Dissertation\Python\mbt_gym\models\final_reduced_exploration_architecture_comparison\return_mlp_ppo_seed1\ppo_return_mlp_ppo_seed1_t001000000.zip,f6fe394f0461c8b9066dcb1ca0e4cfafcb4ee523d439ef8e0da0b1b253e14ed0,trained_this_experiment
return_mlp_ppo,2,16000,C:\Users\conor\OneDrive\Documents\Edinburgh master\Dissertation\Python\mbt_gym\models\final_reduced_exploration_architecture_comparison\return_mlp_ppo_seed2\ppo_return_mlp_ppo_seed2_t000016000.zip,9dae9c7ffa229b11c7bb591589d7073cc3786e2a39b841b03870fdf288f60b79,trained_this_experiment
return_mlp_ppo,2,32000,C:\Users\conor\OneDrive\Documents\Edinburgh master\Dissertation\Python\mbt_gym\models\final_reduced_exploration_architecture_comparison\return_mlp_ppo_seed2\ppo_return_mlp_ppo_seed2_t000032000.zip,504c4924879de2321e2ca995113012df2fadd4ce72280ebe1f22154ad5ef375b,trained_this_experiment
return_mlp_ppo,2,48000,C:\Users\conor\OneDrive\Documents\Edinburgh master\Dissertation\Python\mbt_gym\models\final_reduced_exploration_architecture_comparison\return_mlp_ppo_seed2\ppo_return_mlp_ppo_seed2_t000048000.zip,13a62070a88361e3fc315d1119a12c8a81e51c2a9e11b682e3f8a6c10c9ea78c,trained_this_experiment
return_mlp_ppo,2,64000,C:\Users\conor\OneDrive\Documents\Edinburgh master\Dissertation\Python\mbt_gym\models\final_reduced_exploration_architecture_comparison\return_mlp_ppo_seed2\ppo_return_mlp_ppo_seed2_t000064000.zip,245c81a93d9850099f9744ded19bbb0e7344c0b5277bcaeb2b21db8393dd2ad6,trained_this_experiment
return_mlp_ppo,2,80000,C:\Users\conor\OneDrive\Documents\Edinburgh master\Dissertation\Python\mbt_gym\models\final_reduced_exploration_architecture_comparison\return_mlp_ppo_seed2\ppo_return_mlp_ppo_seed2_t000080000.zip,cf9e9a6c39a88b105c57f09570bcdf021473236e8cba90dd5f181081d6e0089b,trained_this_experiment
return_mlp_ppo,2,96000,C:\Users\conor\OneDrive\Documents\Edinburgh master\Dissertation\Python\mbt_gym\models\final_reduced_exploration_architecture_comparison\return_mlp_ppo_seed2\ppo_return_mlp_ppo_seed2_t000096000.zip,360ca1fd2b2f29a94e953c43cd214b0cc54ddbeeb3d0b82ff4c0a0b3c993c35d,trained_this_experiment
return_mlp_ppo,2,112000,C:\Users\conor\OneDrive\Documents\Edinburgh master\Dissertation\Python\mbt_gym\models\final_reduced_exploration_architecture_comparison\return_mlp_ppo_seed2\ppo_return_mlp_ppo_seed2_t000112000.zip,79dad71521362fefc94e3a7dc5d15d7e510bb7b3ce140da3d451a5564641432e,trained_this_experiment
return_mlp_ppo,2,128000,C:\Users\conor\OneDrive\Documents\Edinburgh master\Dissertation\Python\mbt_gym\models\final_reduced_exploration_architecture_comparison\return_mlp_ppo_seed2\ppo_return_mlp_ppo_seed2_t000128000.zip,68f247e760d25296c98a2fd7c3b5f1b3600294b7029cff76d4e50f5c256ad682,trained_this_experiment
return_mlp_ppo,2,144000,C:\Users\conor\OneDrive\Documents\Edinburgh master\Dissertation\Python\mbt_gym\models\final_reduced_exploration_architecture_comparison\return_mlp_ppo_seed2\ppo_return_mlp_ppo_seed2_t000144000.zip,e7d1e75c663f62955fd942589f57febe3a2e43121f40e827bfc321c45cb33ce7,trained_this_experiment
return_mlp_ppo,2,160000,C:\Users\conor\OneDrive\Documents\Edinburgh master\Dissertation\Python\mbt_gym\models\final_reduced_exploration_architecture_comparison\return_mlp_ppo_seed2\ppo_return_mlp_ppo_seed2_t000160000.zip,17dc3c0116b0b31df344a5f62e8e249b90c3a0e5bf09e118b6e6ed1721c5935c,trained_this_experiment
return_mlp_ppo,2,176000,C:\Users\conor\OneDrive\Documents\Edinburgh master\Dissertation\Python\mbt_gym\models\final_reduced_exploration_architecture_comparison\return_mlp_ppo_seed2\ppo_return_mlp_ppo_seed2_t000176000.zip,1db75843f5cf9a394fd39c380fad99af2a35126f739f07ca3cc188a295e1aa58,trained_this_experiment
return_mlp_ppo,2,192000,C:\Users\conor\OneDrive\Documents\Edinburgh master\Dissertation\Python\mbt_gym\models\final_reduced_exploration_architecture_comparison\return_mlp_ppo_seed2\ppo_return_mlp_ppo_seed2_t000192000.zip,41e80d80500c186c6f8ff72674c87281ee804d7311335124e111d11aa4f5c39b,trained_this_experiment
return_mlp_ppo,2,200000,C:\Users\conor\OneDrive\Documents\Edinburgh master\Dissertation\Python\mbt_gym\models\final_reduced_exploration_architecture_comparison\return_mlp_ppo_seed2\ppo_return_mlp_ppo_seed2_t000200000.zip,7f4fbb6a859d7ec62d5d2a98aeb7ee662ebbac4743faa4ee5c98307cc36c28d6,trained_this_experiment
return_mlp_ppo,2,300000,C:\Users\conor\OneDrive\Documents\Edinburgh master\Dissertation\Python\mbt_gym\models\final_reduced_exploration_architecture_comparison\return_mlp_ppo_seed2\ppo_return_mlp_ppo_seed2_t000300000.zip,52135327e36c61fed1e26afa429766fc5f01ccb352b9f2af79192d61fa3d0427,trained_this_experiment
return_mlp_ppo,2,400000,C:\Users\conor\OneDrive\Documents\Edinburgh master\Dissertation\Python\mbt_gym\models\final_reduced_exploration_architecture_comparison\return_mlp_ppo_seed2\ppo_return_mlp_ppo_seed2_t000400000.zip,9438ecf6fbdd8aef5b98f410a1183e6de3bb0c2ea2ef661c531f4eba68a73135,trained_this_experiment
return_mlp_ppo,2,500000,C:\Users\conor\OneDrive\Documents\Edinburgh master\Dissertation\Python\mbt_gym\models\final_reduced_exploration_architecture_comparison\return_mlp_ppo_seed2\ppo_return_mlp_ppo_seed2_t000500000.zip,6b364d33c7a51d3088e19fddc3d2e1bd96ebf45fabd1525855c3a0772d1a1380,trained_this_experiment
return_mlp_ppo,2,600000,C:\Users\conor\OneDrive\Documents\Edinburgh master\Dissertation\Python\mbt_gym\models\final_reduced_exploration_architecture_comparison\return_mlp_ppo_seed2\ppo_return_mlp_ppo_seed2_t000600000.zip,53ab464685b3fd7e01209907f31ca1d5a7a2f38e3907e4371bb56ae589783319,trained_this_experiment
return_mlp_ppo,2,700000,C:\Users\conor\OneDrive\Documents\Edinburgh master\Dissertation\Python\mbt_gym\models\final_reduced_exploration_architecture_comparison\return_mlp_ppo_seed2\ppo_return_mlp_ppo_seed2_t000700000.zip,d7a6290287d6e7c4415407dcd09e303db642351a96863fcdc4187a73c6b40637,trained_this_experiment
return_mlp_ppo,2,800000,C:\Users\conor\OneDrive\Documents\Edinburgh master\Dissertation\Python\mbt_gym\models\final_reduced_exploration_architecture_comparison\return_mlp_ppo_seed2\ppo_return_mlp_ppo_seed2_t000800000.zip,c039848d046c24922b40acc33b584cd0dfbd5bde2f2dfb9779ca6e992eacb35c,trained_this_experiment
return_mlp_ppo,2,900000,C:\Users\conor\OneDrive\Documents\Edinburgh master\Dissertation\Python\mbt_gym\models\final_reduced_exploration_architecture_comparison\return_mlp_ppo_seed2\ppo_return_mlp_ppo_seed2_t000900000.zip,d9ce2210e487b5ec5958c1041b04132be9624aa47c25fa640a1ae23658cd837d,trained_this_experiment
return_mlp_ppo,2,1000000,C:\Users\conor\OneDrive\Documents\Edinburgh master\Dissertation\Python\mbt_gym\models\final_reduced_exploration_architecture_comparison\return_mlp_ppo_seed2\ppo_return_mlp_ppo_seed2_t001000000.zip,6fc31032970b005b3dee7b3639f168370904c32f2b93751651f4dea59377eb58,trained_this_experiment
return_mlp_ppo,3,16000,C:\Users\conor\OneDrive\Documents\Edinburgh master\Dissertation\Python\mbt_gym\models\final_reduced_exploration_architecture_comparison\return_mlp_ppo_seed3\ppo_return_mlp_ppo_seed3_t000016000.zip,38273e137103ee3eb730d7559536e7d5227ffaa044d531599cd72b9852fcfbf9,trained_this_experiment
return_mlp_ppo,3,32000,C:\Users\conor\OneDrive\Documents\Edinburgh master\Dissertation\Python\mbt_gym\models\final_reduced_exploration_architecture_comparison\return_mlp_ppo_seed3\ppo_return_mlp_ppo_seed3_t000032000.zip,191a2790ea2a5c0162c426c55a846e7974332e002fd77ab1cbf2efa220f2d2b1,trained_this_experiment
return_mlp_ppo,3,48000,C:\Users\conor\OneDrive\Documents\Edinburgh master\Dissertation\Python\mbt_gym\models\final_reduced_exploration_architecture_comparison\return_mlp_ppo_seed3\ppo_return_mlp_ppo_seed3_t000048000.zip,723d37df2f7059b2c9ccd38fb3c5f0b26e60656b8a9e9fcf272b2c1531f739ae,trained_this_experiment
return_mlp_ppo,3,64000,C:\Users\conor\OneDrive\Documents\Edinburgh master\Dissertation\Python\mbt_gym\models\final_reduced_exploration_architecture_comparison\return_mlp_ppo_seed3\ppo_return_mlp_ppo_seed3_t000064000.zip,62245a1c11e5f4b491f96c571224dc1379d185cecb12ea23f6a69b1e8ab3525a,trained_this_experiment
return_mlp_ppo,3,80000,C:\Users\conor\OneDrive\Documents\Edinburgh master\Dissertation\Python\mbt_gym\models\final_reduced_exploration_architecture_comparison\return_mlp_ppo_seed3\ppo_return_mlp_ppo_seed3_t000080000.zip,a737a74bf4ef7dc26c5d146be8f631e7cb4289d4997a31355fd4d7655da5624e,trained_this_experiment
return_mlp_ppo,3,96000,C:\Users\conor\OneDrive\Documents\Edinburgh master\Dissertation\Python\mbt_gym\models\final_reduced_exploration_architecture_comparison\return_mlp_ppo_seed3\ppo_return_mlp_ppo_seed3_t000096000.zip,2ab5f490f4df3c87426bf323b7d3a83122c0987bf1a96d6d32d2442c6d9e4ae2,trained_this_experiment
return_mlp_ppo,3,112000,C:\Users\conor\OneDrive\Documents\Edinburgh master\Dissertation\Python\mbt_gym\models\final_reduced_exploration_architecture_comparison\return_mlp_ppo_seed3\ppo_return_mlp_ppo_seed3_t000112000.zip,03a143c5eaf344d712c12a52563e10996d0d04746846f57c503aa8cb135dfe8f,trained_this_experiment
return_mlp_ppo,3,128000,C:\Users\conor\OneDrive\Documents\Edinburgh master\Dissertation\Python\mbt_gym\models\final_reduced_exploration_architecture_comparison\return_mlp_ppo_seed3\ppo_return_mlp_ppo_seed3_t000128000.zip,01c40ce9b05f31bb768bc834b7bf104bb8f9944a19eb33a601b10ab05b265156,trained_this_experiment
return_mlp_ppo,3,144000,C:\Users\conor\OneDrive\Documents\Edinburgh master\Dissertation\Python\mbt_gym\models\final_reduced_exploration_architecture_comparison\return_mlp_ppo_seed3\ppo_return_mlp_ppo_seed3_t000144000.zip,1f548378853d1ef9a38aff1f05c971bc253576b1100af04674042f18abde642e,trained_this_experiment
return_mlp_ppo,3,160000,C:\Users\conor\OneDrive\Documents\Edinburgh master\Dissertation\Python\mbt_gym\models\final_reduced_exploration_architecture_comparison\return_mlp_ppo_seed3\ppo_return_mlp_ppo_seed3_t000160000.zip,bcdbc44f6027705df76b8ce57f96113d86f143fdea3571d33929a154b114333b,trained_this_experiment
return_mlp_ppo,3,176000,C:\Users\conor\OneDrive\Documents\Edinburgh master\Dissertation\Python\mbt_gym\models\final_reduced_exploration_architecture_comparison\return_mlp_ppo_seed3\ppo_return_mlp_ppo_seed3_t000176000.zip,ea50797456a4868abf2e4c523c20c4044a47020292d6a9b73125542b496bbd72,trained_this_experiment
return_mlp_ppo,3,192000,C:\Users\conor\OneDrive\Documents\Edinburgh master\Dissertation\Python\mbt_gym\models\final_reduced_exploration_architecture_comparison\return_mlp_ppo_seed3\ppo_return_mlp_ppo_seed3_t000192000.zip,c7e101b6986112d9cfbb3002fbcfc675dbddb5c2e4191f6ec796117ebc6db1e9,trained_this_experiment
return_mlp_ppo,3,200000,C:\Users\conor\OneDrive\Documents\Edinburgh master\Dissertation\Python\mbt_gym\models\final_reduced_exploration_architecture_comparison\return_mlp_ppo_seed3\ppo_return_mlp_ppo_seed3_t000200000.zip,60eee6b264d12ecec0ac700192f7e5b582db04bae22340a3a5c4b2785c1d8c62,trained_this_experiment
return_mlp_ppo,3,300000,C:\Users\conor\OneDrive\Documents\Edinburgh master\Dissertation\Python\mbt_gym\models\final_reduced_exploration_architecture_comparison\return_mlp_ppo_seed3\ppo_return_mlp_ppo_seed3_t000300000.zip,bc715d2d112d3c0faa4c4a1da4f3d06262c1e6ccf69e532f522eb4af746a30fd,trained_this_experiment
return_mlp_ppo,3,400000,C:\Users\conor\OneDrive\Documents\Edinburgh master\Dissertation\Python\mbt_gym\models\final_reduced_exploration_architecture_comparison\return_mlp_ppo_seed3\ppo_return_mlp_ppo_seed3_t000400000.zip,551abe312bca2beba9ddd6f8acac3477577729990954af1eddfb3e60d3700ada,trained_this_experiment
return_mlp_ppo,3,500000,C:\Users\conor\OneDrive\Documents\Edinburgh master\Dissertation\Python\mbt_gym\models\final_reduced_exploration_architecture_comparison\return_mlp_ppo_seed3\ppo_return_mlp_ppo_seed3_t000500000.zip,837b0cb1b2cc7b1ab085c60a48983748001fa28825625cc1749dbf526611833d,trained_this_experiment
return_mlp_ppo,3,600000,C:\Users\conor\OneDrive\Documents\Edinburgh master\Dissertation\Python\mbt_gym\models\final_reduced_exploration_architecture_comparison\return_mlp_ppo_seed3\ppo_return_mlp_ppo_seed3_t000600000.zip,3aa5ff4fdbf4767126d313366fd431cf266e70f33dfbc0413645afd0201d14c5,trained_this_experiment
return_mlp_ppo,3,700000,C:\Users\conor\OneDrive\Documents\Edinburgh master\Dissertation\Python\mbt_gym\models\final_reduced_exploration_architecture_comparison\return_mlp_ppo_seed3\ppo_return_mlp_ppo_seed3_t000700000.zip,20e9ed836a17fe285f6ae2d73f9f9eb85a8901c4a756ab361212eac6c4e2fc4d,trained_this_experiment
return_mlp_ppo,3,800000,C:\Users\conor\OneDrive\Documents\Edinburgh master\Dissertation\Python\mbt_gym\models\final_reduced_exploration_architecture_comparison\return_mlp_ppo_seed3\ppo_return_mlp_ppo_seed3_t000800000.zip,abef73e31c476b6b277be81c2d2c1df0e42545509d8a97c54dc7a2646c8764c1,trained_this_experiment
return_mlp_ppo,3,900000,C:\Users\conor\OneDrive\Documents\Edinburgh master\Dissertation\Python\mbt_gym\models\final_reduced_exploration_architecture_comparison\return_mlp_ppo_seed3\ppo_return_mlp_ppo_seed3_t000900000.zip,5bf7730d48108119e8af1387f42b88167b538a30b12e8cbcc700cae8221102f2,trained_this_experiment
return_mlp_ppo,3,1000000,C:\Users\conor\OneDrive\Documents\Edinburgh master\Dissertation\Python\mbt_gym\models\final_reduced_exploration_architecture_comparison\return_mlp_ppo_seed3\ppo_return_mlp_ppo_seed3_t001000000.zip,63d95e15f4dbb8ac9b80b4b154b145c2faeb8092db536d9b6a694dba2d7ba3d2,trained_this_experiment
return_mlp_ppo,4,16000,C:\Users\conor\OneDrive\Documents\Edinburgh master\Dissertation\Python\mbt_gym\models\final_reduced_exploration_architecture_comparison\return_mlp_ppo_seed4\ppo_return_mlp_ppo_seed4_t000016000.zip,17cf0f020763976f8d591acf884af2d656562eb2011efee74e87d2e2be114328,trained_this_experiment
return_mlp_ppo,4,32000,C:\Users\conor\OneDrive\Documents\Edinburgh master\Dissertation\Python\mbt_gym\models\final_reduced_exploration_architecture_comparison\return_mlp_ppo_seed4\ppo_return_mlp_ppo_seed4_t000032000.zip,2d3c326a7232ba53608737ea66eb7cc83e8ba0033b23ca8368a1bb6dfd75653c,trained_this_experiment
return_mlp_ppo,4,48000,C:\Users\conor\OneDrive\Documents\Edinburgh master\Dissertation\Python\mbt_gym\models\final_reduced_exploration_architecture_comparison\return_mlp_ppo_seed4\ppo_return_mlp_ppo_seed4_t000048000.zip,88789789e59198f5fd63b2077187a03a9674363664293b6aac15510d550e05c9,trained_this_experiment
return_mlp_ppo,4,64000,C:\Users\conor\OneDrive\Documents\Edinburgh master\Dissertation\Python\mbt_gym\models\final_reduced_exploration_architecture_comparison\return_mlp_ppo_seed4\ppo_return_mlp_ppo_seed4_t000064000.zip,1f35012b7d399210f57b9462559d6d425a6e6e3a2da6a3a5bccbc72e03fdc77d,trained_this_experiment
return_mlp_ppo,4,80000,C:\Users\conor\OneDrive\Documents\Edinburgh master\Dissertation\Python\mbt_gym\models\final_reduced_exploration_architecture_comparison\return_mlp_ppo_seed4\ppo_return_mlp_ppo_seed4_t000080000.zip,a2860528fedda48da90633071055bdbfacdc6846dcf6e0e8275dce76989dcbef,trained_this_experiment
return_mlp_ppo,4,96000,C:\Users\conor\OneDrive\Documents\Edinburgh master\Dissertation\Python\mbt_gym\models\final_reduced_exploration_architecture_comparison\return_mlp_ppo_seed4\ppo_return_mlp_ppo_seed4_t000096000.zip,223f731f42861623d9cc383888da7b1752b7d97488f064a686374eee889cb7a6,trained_this_experiment
return_mlp_ppo,4,112000,C:\Users\conor\OneDrive\Documents\Edinburgh master\Dissertation\Python\mbt_gym\models\final_reduced_exploration_architecture_comparison\return_mlp_ppo_seed4\ppo_return_mlp_ppo_seed4_t000112000.zip,a660117a0cd71a73a0e6032e6b19f1e20bae84cc24b47e80e95a75ca58263735,trained_this_experiment
return_mlp_ppo,4,128000,C:\Users\conor\OneDrive\Documents\Edinburgh master\Dissertation\Python\mbt_gym\models\final_reduced_exploration_architecture_comparison\return_mlp_ppo_seed4\ppo_return_mlp_ppo_seed4_t000128000.zip,959be24e6617803e6b2c23b8db00d3ca981dfb3bd755c6afbfb74f5f3e2f3541,trained_this_experiment
return_mlp_ppo,4,144000,C:\Users\conor\OneDrive\Documents\Edinburgh master\Dissertation\Python\mbt_gym\models\final_reduced_exploration_architecture_comparison\return_mlp_ppo_seed4\ppo_return_mlp_ppo_seed4_t000144000.zip,f2c831595e657498bbce53ff6f055b075024a2fbe71e65212271c14ae873b183,trained_this_experiment
return_mlp_ppo,4,160000,C:\Users\conor\OneDrive\Documents\Edinburgh master\Dissertation\Python\mbt_gym\models\final_reduced_exploration_architecture_comparison\return_mlp_ppo_seed4\ppo_return_mlp_ppo_seed4_t000160000.zip,022e339a399a78a6e6eb5eef5bcad6a8d8248f7c5bce19a127b29f6a7763aaa3,trained_this_experiment
return_mlp_ppo,4,176000,C:\Users\conor\OneDrive\Documents\Edinburgh master\Dissertation\Python\mbt_gym\models\final_reduced_exploration_architecture_comparison\return_mlp_ppo_seed4\ppo_return_mlp_ppo_seed4_t000176000.zip,287095123ea66d84190d0e6527f603b6ee5c1b955d9e0ba43ef96c64b13e7482,trained_this_experiment
return_mlp_ppo,4,192000,C:\Users\conor\OneDrive\Documents\Edinburgh master\Dissertation\Python\mbt_gym\models\final_reduced_exploration_architecture_comparison\return_mlp_ppo_seed4\ppo_return_mlp_ppo_seed4_t000192000.zip,8bedfdf9d48bc08534b431dc8e7611025e7175e59dc4fc0c29627b5786c95525,trained_this_experiment
return_mlp_ppo,4,200000,C:\Users\conor\OneDrive\Documents\Edinburgh master\Dissertation\Python\mbt_gym\models\final_reduced_exploration_architecture_comparison\return_mlp_ppo_seed4\ppo_return_mlp_ppo_seed4_t000200000.zip,87811d69be85c7fc0ed8fd70eac6e487ad7709f040b1b473394d2529c03305b0,trained_this_experiment
return_mlp_ppo,4,300000,C:\Users\conor\OneDrive\Documents\Edinburgh master\Dissertation\Python\mbt_gym\models\final_reduced_exploration_architecture_comparison\return_mlp_ppo_seed4\ppo_return_mlp_ppo_seed4_t000300000.zip,5d70986e6667f35d97148d9f3d50691333c62b164af71f9da08d3f9557a88ecb,trained_this_experiment
return_mlp_ppo,4,400000,C:\Users\conor\OneDrive\Documents\Edinburgh master\Dissertation\Python\mbt_gym\models\final_reduced_exploration_architecture_comparison\return_mlp_ppo_seed4\ppo_return_mlp_ppo_seed4_t000400000.zip,b74a8f8354e48b27bb86c46b27ee8740ffc31e11a28b67ec132b41cdd91bde91,trained_this_experiment
return_mlp_ppo,4,500000,C:\Users\conor\OneDrive\Documents\Edinburgh master\Dissertation\Python\mbt_gym\models\final_reduced_exploration_architecture_comparison\return_mlp_ppo_seed4\ppo_return_mlp_ppo_seed4_t000500000.zip,4ded794d0c089cbb1d124d84f082a16ec1d8310423be6af5098343c2654541af,trained_this_experiment
return_mlp_ppo,4,600000,C:\Users\conor\OneDrive\Documents\Edinburgh master\Dissertation\Python\mbt_gym\models\final_reduced_exploration_architecture_comparison\return_mlp_ppo_seed4\ppo_return_mlp_ppo_seed4_t000600000.zip,fe1fa0a13873bb826da964f384080cc305cacefe991f8c9fb7da62fb07583d55,trained_this_experiment
return_mlp_ppo,4,700000,C:\Users\conor\OneDrive\Documents\Edinburgh master\Dissertation\Python\mbt_gym\models\final_reduced_exploration_architecture_comparison\return_mlp_ppo_seed4\ppo_return_mlp_ppo_seed4_t000700000.zip,19f7e219d8e2243c1df793c8e63f6e90180ee780543e0e35b7bd4692e7d2ddfa,trained_this_experiment
return_mlp_ppo,4,800000,C:\Users\conor\OneDrive\Documents\Edinburgh master\Dissertation\Python\mbt_gym\models\final_reduced_exploration_architecture_comparison\return_mlp_ppo_seed4\ppo_return_mlp_ppo_seed4_t000800000.zip,eb8faa9a11bf6c5f8a71ae8d6688e0ce2c0e40294d708e5492becb7261203298,trained_this_experiment
return_mlp_ppo,4,900000,C:\Users\conor\OneDrive\Documents\Edinburgh master\Dissertation\Python\mbt_gym\models\final_reduced_exploration_architecture_comparison\return_mlp_ppo_seed4\ppo_return_mlp_ppo_seed4_t000900000.zip,918932b96da4d64e2853763d4a262e8cb78775b8b5d531286389451803758759,trained_this_experiment
return_mlp_ppo,4,1000000,C:\Users\conor\OneDrive\Documents\Edinburgh master\Dissertation\Python\mbt_gym\models\final_reduced_exploration_architecture_comparison\return_mlp_ppo_seed4\ppo_return_mlp_ppo_seed4_t001000000.zip,4eaa2e85e0e0270f4db3f5be514fbecb0f875b19ac1a4892d48be47296270b70,trained_this_experiment
return_lstm_ppo,0,16000,C:\Users\conor\OneDrive\Documents\Edinburgh master\Dissertation\Python\mbt_gym\models\final_reduced_exploration_architecture_comparison\return_lstm_ppo_seed0\ppo_return_lstm_ppo_seed0_t000016000.zip,9ae3d54b6012368123b25ee5b9d827f3187c4383e74a17dbcf8e92c48489eec8,trained_this_experiment
return_lstm_ppo,0,32000,C:\Users\conor\OneDrive\Documents\Edinburgh master\Dissertation\Python\mbt_gym\models\final_reduced_exploration_architecture_comparison\return_lstm_ppo_seed0\ppo_return_lstm_ppo_seed0_t000032000.zip,926c0956faa9bd2fb510bc59779dd257bf56cc9ec11e5647a8d16d96fcaa723a,trained_this_experiment
return_lstm_ppo,0,48000,C:\Users\conor\OneDrive\Documents\Edinburgh master\Dissertation\Python\mbt_gym\models\final_reduced_exploration_architecture_comparison\return_lstm_ppo_seed0\ppo_return_lstm_ppo_seed0_t000048000.zip,b293447f6e6a74e6dab65dac6d9753d36ed139e324cda3534abcfdb805ff9514,trained_this_experiment
return_lstm_ppo,0,64000,C:\Users\conor\OneDrive\Documents\Edinburgh master\Dissertation\Python\mbt_gym\models\final_reduced_exploration_architecture_comparison\return_lstm_ppo_seed0\ppo_return_lstm_ppo_seed0_t000064000.zip,52b606a76114bba03ce2cd6375b3ca8e9e9cf155aae2213a77060ced3c794668,trained_this_experiment
return_lstm_ppo,0,80000,C:\Users\conor\OneDrive\Documents\Edinburgh master\Dissertation\Python\mbt_gym\models\final_reduced_exploration_architecture_comparison\return_lstm_ppo_seed0\ppo_return_lstm_ppo_seed0_t000080000.zip,1747dd35860d9c07bb0b4cf7adba0d65728bc35973a80aa23eb091bd294ba2af,trained_this_experiment
return_lstm_ppo,0,96000,C:\Users\conor\OneDrive\Documents\Edinburgh master\Dissertation\Python\mbt_gym\models\final_reduced_exploration_architecture_comparison\return_lstm_ppo_seed0\ppo_return_lstm_ppo_seed0_t000096000.zip,ac56a1e1072067f2993d9db71ff652c2fd4e8f9a08c5da8f07a5ed43e9a966ed,trained_this_experiment
return_lstm_ppo,0,112000,C:\Users\conor\OneDrive\Documents\Edinburgh master\Dissertation\Python\mbt_gym\models\final_reduced_exploration_architecture_comparison\return_lstm_ppo_seed0\ppo_return_lstm_ppo_seed0_t000112000.zip,250ed63b23bbe1e1dd9f61ca03e35376e752853d96541a2b695e77fe1ec87783,trained_this_experiment
return_lstm_ppo,0,128000,C:\Users\conor\OneDrive\Documents\Edinburgh master\Dissertation\Python\mbt_gym\models\final_reduced_exploration_architecture_comparison\return_lstm_ppo_seed0\ppo_return_lstm_ppo_seed0_t000128000.zip,0f9a41c0a38489e283cd0b5395a14bfb97f766ce84d7cd77defff6513aac7cf6,trained_this_experiment
return_lstm_ppo,0,144000,C:\Users\conor\OneDrive\Documents\Edinburgh master\Dissertation\Python\mbt_gym\models\final_reduced_exploration_architecture_comparison\return_lstm_ppo_seed0\ppo_return_lstm_ppo_seed0_t000144000.zip,6eed5986aab356f1af6263bec88f01c53ced02c1c3428288af0c697a5d66ffcc,trained_this_experiment
return_lstm_ppo,0,160000,C:\Users\conor\OneDrive\Documents\Edinburgh master\Dissertation\Python\mbt_gym\models\final_reduced_exploration_architecture_comparison\return_lstm_ppo_seed0\ppo_return_lstm_ppo_seed0_t000160000.zip,f8b5094b5e7156237e8979e06c4373c3494d5c745569f1500b4663a548e6ee64,trained_this_experiment
return_lstm_ppo,0,176000,C:\Users\conor\OneDrive\Documents\Edinburgh master\Dissertation\Python\mbt_gym\models\final_reduced_exploration_architecture_comparison\return_lstm_ppo_seed0\ppo_return_lstm_ppo_seed0_t000176000.zip,9b5c66faa8b639d3bd8ab35a8147926e085aaaa619388df162757f4d1e9d6105,trained_this_experiment
return_lstm_ppo,0,192000,C:\Users\conor\OneDrive\Documents\Edinburgh master\Dissertation\Python\mbt_gym\models\final_reduced_exploration_architecture_comparison\return_lstm_ppo_seed0\ppo_return_lstm_ppo_seed0_t000192000.zip,fa0a4d1e635de156d86956ed89546ed561dc2b7b4d154a62b9235e118fc1a0eb,trained_this_experiment
return_lstm_ppo,0,200000,C:\Users\conor\OneDrive\Documents\Edinburgh master\Dissertation\Python\mbt_gym\models\final_reduced_exploration_architecture_comparison\return_lstm_ppo_seed0\ppo_return_lstm_ppo_seed0_t000200000.zip,39700506d96009516f6ca799c172b759fffbd0bdc95d4c47389fc61620d54c50,trained_this_experiment
return_lstm_ppo,0,300000,C:\Users\conor\OneDrive\Documents\Edinburgh master\Dissertation\Python\mbt_gym\models\final_reduced_exploration_architecture_comparison\return_lstm_ppo_seed0\ppo_return_lstm_ppo_seed0_t000300000.zip,758a052e1912c0d11f9b578dc772d537e122a2018252317fe55160ecdcffbc40,trained_this_experiment
return_lstm_ppo,0,400000,C:\Users\conor\OneDrive\Documents\Edinburgh master\Dissertation\Python\mbt_gym\models\final_reduced_exploration_architecture_comparison\return_lstm_ppo_seed0\ppo_return_lstm_ppo_seed0_t000400000.zip,37b2b66f5a89dcce6002b9e9752170c65ca486c8aeb602bce99e2be9612a9915,trained_this_experiment
return_lstm_ppo,0,500000,C:\Users\conor\OneDrive\Documents\Edinburgh master\Dissertation\Python\mbt_gym\models\final_reduced_exploration_architecture_comparison\return_lstm_ppo_seed0\ppo_return_lstm_ppo_seed0_t000500000.zip,2e166e701432860ae3ac51a72c365b4999c0f76cd822c25f2d8d09807a7a6e29,trained_this_experiment
return_lstm_ppo,0,600000,C:\Users\conor\OneDrive\Documents\Edinburgh master\Dissertation\Python\mbt_gym\models\final_reduced_exploration_architecture_comparison\return_lstm_ppo_seed0\ppo_return_lstm_ppo_seed0_t000600000.zip,15576109aaa316253e473a054c755799eb31807eb624d407c63b6adcd4e4ce5e,trained_this_experiment
return_lstm_ppo,0,700000,C:\Users\conor\OneDrive\Documents\Edinburgh master\Dissertation\Python\mbt_gym\models\final_reduced_exploration_architecture_comparison\return_lstm_ppo_seed0\ppo_return_lstm_ppo_seed0_t000700000.zip,ef9a472fc9a943f373629fe9c11dcac3f0b6c47bb5e7311718f9cc0b0f77afca,trained_this_experiment
return_lstm_ppo,0,800000,C:\Users\conor\OneDrive\Documents\Edinburgh master\Dissertation\Python\mbt_gym\models\final_reduced_exploration_architecture_comparison\return_lstm_ppo_seed0\ppo_return_lstm_ppo_seed0_t000800000.zip,40fe79656998eea5d9c8044e49bb05bab3ec47681aa072b9a9274f7bb3df2420,trained_this_experiment
return_lstm_ppo,0,900000,C:\Users\conor\OneDrive\Documents\Edinburgh master\Dissertation\Python\mbt_gym\models\final_reduced_exploration_architecture_comparison\return_lstm_ppo_seed0\ppo_return_lstm_ppo_seed0_t000900000.zip,7ce9a83b262bf6e19fab960996e47e37233f0d733c48a9edca4c653d528d4185,trained_this_experiment
return_lstm_ppo,0,1000000,C:\Users\conor\OneDrive\Documents\Edinburgh master\Dissertation\Python\mbt_gym\models\final_reduced_exploration_architecture_comparison\return_lstm_ppo_seed0\ppo_return_lstm_ppo_seed0_t001000000.zip,8b27eda2fc2c036b780d341e8ae92ba49a1a91f5a565a6de7e6b60b92d10c1a2,trained_this_experiment
return_lstm_ppo,1,16000,C:\Users\conor\OneDrive\Documents\Edinburgh master\Dissertation\Python\mbt_gym\models\final_reduced_exploration_architecture_comparison\return_lstm_ppo_seed1\ppo_return_lstm_ppo_seed1_t000016000.zip,252b63f0093d2bd03a32ab8995ec83adcdbe44178b33a7937d8a5a10e658c92b,trained_this_experiment
return_lstm_ppo,1,32000,C:\Users\conor\OneDrive\Documents\Edinburgh master\Dissertation\Python\mbt_gym\models\final_reduced_exploration_architecture_comparison\return_lstm_ppo_seed1\ppo_return_lstm_ppo_seed1_t000032000.zip,452bef65a5792fbfaeaa77ca302445ced0ee7dfd90d204fe66df4d2c56b7999f,trained_this_experiment
return_lstm_ppo,1,48000,C:\Users\conor\OneDrive\Documents\Edinburgh master\Dissertation\Python\mbt_gym\models\final_reduced_exploration_architecture_comparison\return_lstm_ppo_seed1\ppo_return_lstm_ppo_seed1_t000048000.zip,839e1e6b2f9a57e6681b0af7ac5f4d0c7086eb7d6902de6a7ff2f3b52c38e1ee,trained_this_experiment
return_lstm_ppo,1,64000,C:\Users\conor\OneDrive\Documents\Edinburgh master\Dissertation\Python\mbt_gym\models\final_reduced_exploration_architecture_comparison\return_lstm_ppo_seed1\ppo_return_lstm_ppo_seed1_t000064000.zip,df588adf40a311c5adbeb1665331536df153e22f1b67ac6d0b533385fbc347fe,trained_this_experiment
return_lstm_ppo,1,80000,C:\Users\conor\OneDrive\Documents\Edinburgh master\Dissertation\Python\mbt_gym\models\final_reduced_exploration_architecture_comparison\return_lstm_ppo_seed1\ppo_return_lstm_ppo_seed1_t000080000.zip,f888338741c4909f9b9f00d35f3cc0425053bbad056ed0d3544286e5c1aaeb87,trained_this_experiment
return_lstm_ppo,1,96000,C:\Users\conor\OneDrive\Documents\Edinburgh master\Dissertation\Python\mbt_gym\models\final_reduced_exploration_architecture_comparison\return_lstm_ppo_seed1\ppo_return_lstm_ppo_seed1_t000096000.zip,0f96132ee994e4f6a3539524aa89ffe763146ec2f1aee2848e6e270abe5b67aa,trained_this_experiment
return_lstm_ppo,1,112000,C:\Users\conor\OneDrive\Documents\Edinburgh master\Dissertation\Python\mbt_gym\models\final_reduced_exploration_architecture_comparison\return_lstm_ppo_seed1\ppo_return_lstm_ppo_seed1_t000112000.zip,6b1c71a764ef6453235fcb30d134e946512c85efc6b904b52e1cb399e683b22a,trained_this_experiment
return_lstm_ppo,1,128000,C:\Users\conor\OneDrive\Documents\Edinburgh master\Dissertation\Python\mbt_gym\models\final_reduced_exploration_architecture_comparison\return_lstm_ppo_seed1\ppo_return_lstm_ppo_seed1_t000128000.zip,43caeaecf84def84c08c304c6d46b4356f8ec048239c5edbdf5a0a3b86e81bcd,trained_this_experiment
return_lstm_ppo,1,144000,C:\Users\conor\OneDrive\Documents\Edinburgh master\Dissertation\Python\mbt_gym\models\final_reduced_exploration_architecture_comparison\return_lstm_ppo_seed1\ppo_return_lstm_ppo_seed1_t000144000.zip,71f2451d761b675e601c3290f30f62f783c87bf7d51c4cc7b913d3140ae95965,trained_this_experiment
return_lstm_ppo,1,160000,C:\Users\conor\OneDrive\Documents\Edinburgh master\Dissertation\Python\mbt_gym\models\final_reduced_exploration_architecture_comparison\return_lstm_ppo_seed1\ppo_return_lstm_ppo_seed1_t000160000.zip,6d661210f6ca4a31a2e3a328de8a9b7df3d9567b69910b82fa68fe3fb6ee9e2d,trained_this_experiment
return_lstm_ppo,1,176000,C:\Users\conor\OneDrive\Documents\Edinburgh master\Dissertation\Python\mbt_gym\models\final_reduced_exploration_architecture_comparison\return_lstm_ppo_seed1\ppo_return_lstm_ppo_seed1_t000176000.zip,ba9f18146c0e5ef00dd0936f60888e2871fcbf8be3a3353b610fc3f2151c62b5,trained_this_experiment
return_lstm_ppo,1,192000,C:\Users\conor\OneDrive\Documents\Edinburgh master\Dissertation\Python\mbt_gym\models\final_reduced_exploration_architecture_comparison\return_lstm_ppo_seed1\ppo_return_lstm_ppo_seed1_t000192000.zip,f49ac90e9a986d0aaabed812e8ba8ce7da02d53bb8d3c5eb774422c4db61f2db,trained_this_experiment
return_lstm_ppo,1,200000,C:\Users\conor\OneDrive\Documents\Edinburgh master\Dissertation\Python\mbt_gym\models\final_reduced_exploration_architecture_comparison\return_lstm_ppo_seed1\ppo_return_lstm_ppo_seed1_t000200000.zip,368cc425699c244b0a8b1cebeefa08f8d5812d4b26ae485fd597d7d4f1da88ca,trained_this_experiment
return_lstm_ppo,1,300000,C:\Users\conor\OneDrive\Documents\Edinburgh master\Dissertation\Python\mbt_gym\models\final_reduced_exploration_architecture_comparison\return_lstm_ppo_seed1\ppo_return_lstm_ppo_seed1_t000300000.zip,aab3cabd212cf9d26a5be3b5e0587101fdd3a1dfec2a4ea482a1a5d1a8f90d4b,trained_this_experiment
return_lstm_ppo,1,400000,C:\Users\conor\OneDrive\Documents\Edinburgh master\Dissertation\Python\mbt_gym\models\final_reduced_exploration_architecture_comparison\return_lstm_ppo_seed1\ppo_return_lstm_ppo_seed1_t000400000.zip,375449df5135d24a7fc247195984c7b257aa867752f0405c3b30ced7d2625ade,trained_this_experiment
return_lstm_ppo,1,500000,C:\Users\conor\OneDrive\Documents\Edinburgh master\Dissertation\Python\mbt_gym\models\final_reduced_exploration_architecture_comparison\return_lstm_ppo_seed1\ppo_return_lstm_ppo_seed1_t000500000.zip,a3f7ff18da934ef7dee5f0f6ba541a585283ae40b620418f893d58839392c9e5,trained_this_experiment
return_lstm_ppo,1,600000,C:\Users\conor\OneDrive\Documents\Edinburgh master\Dissertation\Python\mbt_gym\models\final_reduced_exploration_architecture_comparison\return_lstm_ppo_seed1\ppo_return_lstm_ppo_seed1_t000600000.zip,4c6de38e95e0a9c9eca634b339dd9f93c2030694c12714e5d729b1eb43f57b40,trained_this_experiment
return_lstm_ppo,1,700000,C:\Users\conor\OneDrive\Documents\Edinburgh master\Dissertation\Python\mbt_gym\models\final_reduced_exploration_architecture_comparison\return_lstm_ppo_seed1\ppo_return_lstm_ppo_seed1_t000700000.zip,09d9ba2388aab41bc051d1d6a6694a41e77447213c854ae01f3d5d1f3d72c709,trained_this_experiment
return_lstm_ppo,1,800000,C:\Users\conor\OneDrive\Documents\Edinburgh master\Dissertation\Python\mbt_gym\models\final_reduced_exploration_architecture_comparison\return_lstm_ppo_seed1\ppo_return_lstm_ppo_seed1_t000800000.zip,de2ec0605a11a7f6d63c7ff02fd70f2d2bf9b7e231ff41ee02362be98f771eb0,trained_this_experiment
return_lstm_ppo,1,900000,C:\Users\conor\OneDrive\Documents\Edinburgh master\Dissertation\Python\mbt_gym\models\final_reduced_exploration_architecture_comparison\return_lstm_ppo_seed1\ppo_return_lstm_ppo_seed1_t000900000.zip,fbaa6f71c604a8a64c9bcd9fc86ddb8e4317117e792c2d90d27049286bb49f2b,trained_this_experiment
return_lstm_ppo,1,1000000,C:\Users\conor\OneDrive\Documents\Edinburgh master\Dissertation\Python\mbt_gym\models\final_reduced_exploration_architecture_comparison\return_lstm_ppo_seed1\ppo_return_lstm_ppo_seed1_t001000000.zip,7191a56c112a597ac114dc649ae55a3dc343af52bd4d33410d17a0d2a198a4e4,trained_this_experiment
return_lstm_ppo,2,16000,C:\Users\conor\OneDrive\Documents\Edinburgh master\Dissertation\Python\mbt_gym\models\final_reduced_exploration_architecture_comparison\return_lstm_ppo_seed2\ppo_return_lstm_ppo_seed2_t000016000.zip,19effbbe24d9a6cce3771df3b03b22fd09549d80dfd35347f9ee52a6c580989e,trained_this_experiment
return_lstm_ppo,2,32000,C:\Users\conor\OneDrive\Documents\Edinburgh master\Dissertation\Python\mbt_gym\models\final_reduced_exploration_architecture_comparison\return_lstm_ppo_seed2\ppo_return_lstm_ppo_seed2_t000032000.zip,0cf6aeceb77723b54a821c88b9718627e853d974290183b92021648288dde5aa,trained_this_experiment
return_lstm_ppo,2,48000,C:\Users\conor\OneDrive\Documents\Edinburgh master\Dissertation\Python\mbt_gym\models\final_reduced_exploration_architecture_comparison\return_lstm_ppo_seed2\ppo_return_lstm_ppo_seed2_t000048000.zip,48b86f1b73fbe5be75d06174b9c64adf31c153e5124c4160f5833a29ee0dadbe,trained_this_experiment
return_lstm_ppo,2,64000,C:\Users\conor\OneDrive\Documents\Edinburgh master\Dissertation\Python\mbt_gym\models\final_reduced_exploration_architecture_comparison\return_lstm_ppo_seed2\ppo_return_lstm_ppo_seed2_t000064000.zip,0c1fb3aafe7594d76ea05953923fd4428bf8e162e2b33e8e54f049cfbdf25afa,trained_this_experiment
return_lstm_ppo,2,80000,C:\Users\conor\OneDrive\Documents\Edinburgh master\Dissertation\Python\mbt_gym\models\final_reduced_exploration_architecture_comparison\return_lstm_ppo_seed2\ppo_return_lstm_ppo_seed2_t000080000.zip,22119bcfe26683a2fd16213a0161a10b3c278867dd063ce3a412bb8a31b931f6,trained_this_experiment
return_lstm_ppo,2,96000,C:\Users\conor\OneDrive\Documents\Edinburgh master\Dissertation\Python\mbt_gym\models\final_reduced_exploration_architecture_comparison\return_lstm_ppo_seed2\ppo_return_lstm_ppo_seed2_t000096000.zip,5f29c12e262fe81c07af3f4fc3fb6188de82932e848ddb99de123cd93ff930b2,trained_this_experiment
return_lstm_ppo,2,112000,C:\Users\conor\OneDrive\Documents\Edinburgh master\Dissertation\Python\mbt_gym\models\final_reduced_exploration_architecture_comparison\return_lstm_ppo_seed2\ppo_return_lstm_ppo_seed2_t000112000.zip,20f6342dfd6cf678f3f4612fb66af9d83b7ce8a50365c80429ff4e0118b60d06,trained_this_experiment
return_lstm_ppo,2,128000,C:\Users\conor\OneDrive\Documents\Edinburgh master\Dissertation\Python\mbt_gym\models\final_reduced_exploration_architecture_comparison\return_lstm_ppo_seed2\ppo_return_lstm_ppo_seed2_t000128000.zip,c59acb36cc90e932cd556d32681f8e81604a4d51614e3d160c3cca726e869229,trained_this_experiment
return_lstm_ppo,2,144000,C:\Users\conor\OneDrive\Documents\Edinburgh master\Dissertation\Python\mbt_gym\models\final_reduced_exploration_architecture_comparison\return_lstm_ppo_seed2\ppo_return_lstm_ppo_seed2_t000144000.zip,3301616e73955d38d36012e1e20afb71b16966b75b370101b841738a80ef2701,trained_this_experiment
return_lstm_ppo,2,160000,C:\Users\conor\OneDrive\Documents\Edinburgh master\Dissertation\Python\mbt_gym\models\final_reduced_exploration_architecture_comparison\return_lstm_ppo_seed2\ppo_return_lstm_ppo_seed2_t000160000.zip,86a91a220f73d21bf7c3dd9f846fa454995a603db2fa9bcaa301a0a122f8cdaf,trained_this_experiment
return_lstm_ppo,2,176000,C:\Users\conor\OneDrive\Documents\Edinburgh master\Dissertation\Python\mbt_gym\models\final_reduced_exploration_architecture_comparison\return_lstm_ppo_seed2\ppo_return_lstm_ppo_seed2_t000176000.zip,42d088bfe10ddca83b9c3d7dace80583e9096f830e72a7d17d61ccc9969f18b7,trained_this_experiment
return_lstm_ppo,2,192000,C:\Users\conor\OneDrive\Documents\Edinburgh master\Dissertation\Python\mbt_gym\models\final_reduced_exploration_architecture_comparison\return_lstm_ppo_seed2\ppo_return_lstm_ppo_seed2_t000192000.zip,1080823dfcce283183c6f944e8145dca3a4a4cb907d8184e6f9a3356c9bf06c7,trained_this_experiment
return_lstm_ppo,2,200000,C:\Users\conor\OneDrive\Documents\Edinburgh master\Dissertation\Python\mbt_gym\models\final_reduced_exploration_architecture_comparison\return_lstm_ppo_seed2\ppo_return_lstm_ppo_seed2_t000200000.zip,48dc87a9aad457f35c12ab95f2f55e0abcf988b6aa9518d44fc0dd02e5b28b3f,trained_this_experiment
return_lstm_ppo,2,300000,C:\Users\conor\OneDrive\Documents\Edinburgh master\Dissertation\Python\mbt_gym\models\final_reduced_exploration_architecture_comparison\return_lstm_ppo_seed2\ppo_return_lstm_ppo_seed2_t000300000.zip,d7661dab8b8de26342920bdf7f822d680c99509a6a97e331e64e52e2daf5171e,trained_this_experiment
return_lstm_ppo,2,400000,C:\Users\conor\OneDrive\Documents\Edinburgh master\Dissertation\Python\mbt_gym\models\final_reduced_exploration_architecture_comparison\return_lstm_ppo_seed2\ppo_return_lstm_ppo_seed2_t000400000.zip,f974b351f60cacc5a2ff67bb59d01f3dcf3c293a9c208cf07237f686cdc09fe9,trained_this_experiment
return_lstm_ppo,2,500000,C:\Users\conor\OneDrive\Documents\Edinburgh master\Dissertation\Python\mbt_gym\models\final_reduced_exploration_architecture_comparison\return_lstm_ppo_seed2\ppo_return_lstm_ppo_seed2_t000500000.zip,a129c0483562186001a3494e8777c005852404939fcdeaf9936e08a96f6052fa,trained_this_experiment
return_lstm_ppo,2,600000,C:\Users\conor\OneDrive\Documents\Edinburgh master\Dissertation\Python\mbt_gym\models\final_reduced_exploration_architecture_comparison\return_lstm_ppo_seed2\ppo_return_lstm_ppo_seed2_t000600000.zip,18910a2c63a9f5b109878a9005969d096edbdc3bb37d6ef714581aebab70f241,trained_this_experiment
return_lstm_ppo,2,700000,C:\Users\conor\OneDrive\Documents\Edinburgh master\Dissertation\Python\mbt_gym\models\final_reduced_exploration_architecture_comparison\return_lstm_ppo_seed2\ppo_return_lstm_ppo_seed2_t000700000.zip,b6296d9e42c4609ad9efbdb86ab42e7555d6adaf27aa7894a4f3dcb678e7a792,trained_this_experiment
return_lstm_ppo,2,800000,C:\Users\conor\OneDrive\Documents\Edinburgh master\Dissertation\Python\mbt_gym\models\final_reduced_exploration_architecture_comparison\return_lstm_ppo_seed2\ppo_return_lstm_ppo_seed2_t000800000.zip,294ec1b42ea089ef1c8c3792f0b314fc3e028a6b8d3fd6d223cff20237b08e57,trained_this_experiment
return_lstm_ppo,2,900000,C:\Users\conor\OneDrive\Documents\Edinburgh master\Dissertation\Python\mbt_gym\models\final_reduced_exploration_architecture_comparison\return_lstm_ppo_seed2\ppo_return_lstm_ppo_seed2_t000900000.zip,10975881ea5cea9b46a2817079de13b31e15ce551313df84b6639b87c1f2a049,trained_this_experiment
return_lstm_ppo,2,1000000,C:\Users\conor\OneDrive\Documents\Edinburgh master\Dissertation\Python\mbt_gym\models\final_reduced_exploration_architecture_comparison\return_lstm_ppo_seed2\ppo_return_lstm_ppo_seed2_t001000000.zip,ed485e86fc4552b854ffeaecacc0ea4aebf243cb5c58a2f8642f637cb2ceb343,trained_this_experiment
return_lstm_ppo,3,16000,C:\Users\conor\OneDrive\Documents\Edinburgh master\Dissertation\Python\mbt_gym\models\final_reduced_exploration_architecture_comparison\return_lstm_ppo_seed3\ppo_return_lstm_ppo_seed3_t000016000.zip,f62c46425ed14ed7a48eb74f89fbff5b6ea18c23faec7d517d83020df4f9a2cb,trained_this_experiment
return_lstm_ppo,3,32000,C:\Users\conor\OneDrive\Documents\Edinburgh master\Dissertation\Python\mbt_gym\models\final_reduced_exploration_architecture_comparison\return_lstm_ppo_seed3\ppo_return_lstm_ppo_seed3_t000032000.zip,6412b2c1d25d95d85646e41abc9c8f7ba439095557cb0158b7040c779247cce4,trained_this_experiment
return_lstm_ppo,3,48000,C:\Users\conor\OneDrive\Documents\Edinburgh master\Dissertation\Python\mbt_gym\models\final_reduced_exploration_architecture_comparison\return_lstm_ppo_seed3\ppo_return_lstm_ppo_seed3_t000048000.zip,16c50d1f3dcb169fea5bcaa48a7ac37eb78bb4e035e13e73ac8ecdac3462a0e4,trained_this_experiment
return_lstm_ppo,3,64000,C:\Users\conor\OneDrive\Documents\Edinburgh master\Dissertation\Python\mbt_gym\models\final_reduced_exploration_architecture_comparison\return_lstm_ppo_seed3\ppo_return_lstm_ppo_seed3_t000064000.zip,ef945f4ff9f4905a46ebc3c471150c1bd115264f3895253537a8c1cd82d18931,trained_this_experiment
return_lstm_ppo,3,80000,C:\Users\conor\OneDrive\Documents\Edinburgh master\Dissertation\Python\mbt_gym\models\final_reduced_exploration_architecture_comparison\return_lstm_ppo_seed3\ppo_return_lstm_ppo_seed3_t000080000.zip,94c628433ece23f8d24f12e528856c43d398ee100f7548c8369268f46f1beb1b,trained_this_experiment
return_lstm_ppo,3,96000,C:\Users\conor\OneDrive\Documents\Edinburgh master\Dissertation\Python\mbt_gym\models\final_reduced_exploration_architecture_comparison\return_lstm_ppo_seed3\ppo_return_lstm_ppo_seed3_t000096000.zip,4402a1c1e9811a7173f5e9c0fca6fcd149aa9e2c9aa3eb462c7fe6690c109c6f,trained_this_experiment
return_lstm_ppo,3,112000,C:\Users\conor\OneDrive\Documents\Edinburgh master\Dissertation\Python\mbt_gym\models\final_reduced_exploration_architecture_comparison\return_lstm_ppo_seed3\ppo_return_lstm_ppo_seed3_t000112000.zip,a6e6af5d9e1040ca1fcd99f3ba5b35e767e669d4092fe4b496dd177b7052dfee,trained_this_experiment
return_lstm_ppo,3,128000,C:\Users\conor\OneDrive\Documents\Edinburgh master\Dissertation\Python\mbt_gym\models\final_reduced_exploration_architecture_comparison\return_lstm_ppo_seed3\ppo_return_lstm_ppo_seed3_t000128000.zip,570347b2a56b955a4396dcf0a89081f3b9d98ad7cd49c43157ac9aa22d0bc2ce,trained_this_experiment
return_lstm_ppo,3,144000,C:\Users\conor\OneDrive\Documents\Edinburgh master\Dissertation\Python\mbt_gym\models\final_reduced_exploration_architecture_comparison\return_lstm_ppo_seed3\ppo_return_lstm_ppo_seed3_t000144000.zip,06008b81c9ef2c816f65facbeb821be647fcd373559c8670b002dd4573c48409,trained_this_experiment
return_lstm_ppo,3,160000,C:\Users\conor\OneDrive\Documents\Edinburgh master\Dissertation\Python\mbt_gym\models\final_reduced_exploration_architecture_comparison\return_lstm_ppo_seed3\ppo_return_lstm_ppo_seed3_t000160000.zip,4e85702b9daed3be81be33672e7b13b475f97a4d2e1be0a12fec2ce6f301bc9d,trained_this_experiment
return_lstm_ppo,3,176000,C:\Users\conor\OneDrive\Documents\Edinburgh master\Dissertation\Python\mbt_gym\models\final_reduced_exploration_architecture_comparison\return_lstm_ppo_seed3\ppo_return_lstm_ppo_seed3_t000176000.zip,274141d85225255165d703a4685541a0bfff83d1242f4f6ceddbc9f1857e6e1e,trained_this_experiment
return_lstm_ppo,3,192000,C:\Users\conor\OneDrive\Documents\Edinburgh master\Dissertation\Python\mbt_gym\models\final_reduced_exploration_architecture_comparison\return_lstm_ppo_seed3\ppo_return_lstm_ppo_seed3_t000192000.zip,1aa3484d0e5689cc96196f9b6716757d1ac30ce2f2b6d27a86875270c7de47b4,trained_this_experiment
return_lstm_ppo,3,200000,C:\Users\conor\OneDrive\Documents\Edinburgh master\Dissertation\Python\mbt_gym\models\final_reduced_exploration_architecture_comparison\return_lstm_ppo_seed3\ppo_return_lstm_ppo_seed3_t000200000.zip,490ca8ae5d93fcb3ab3437f8f31b1f53b76c1ceb7a67e83a4d6bfef68ba89fef,trained_this_experiment
return_lstm_ppo,3,300000,C:\Users\conor\OneDrive\Documents\Edinburgh master\Dissertation\Python\mbt_gym\models\final_reduced_exploration_architecture_comparison\return_lstm_ppo_seed3\ppo_return_lstm_ppo_seed3_t000300000.zip,4947bbb640c1177a85338d208d38c3dc2755678eff52a9e5e42c68779348db8e,trained_this_experiment
return_lstm_ppo,3,400000,C:\Users\conor\OneDrive\Documents\Edinburgh master\Dissertation\Python\mbt_gym\models\final_reduced_exploration_architecture_comparison\return_lstm_ppo_seed3\ppo_return_lstm_ppo_seed3_t000400000.zip,8c1524bad639ca16c42a460bac4df17564dbe8ab2222c826a9f6a418e146cfef,trained_this_experiment
return_lstm_ppo,3,500000,C:\Users\conor\OneDrive\Documents\Edinburgh master\Dissertation\Python\mbt_gym\models\final_reduced_exploration_architecture_comparison\return_lstm_ppo_seed3\ppo_return_lstm_ppo_seed3_t000500000.zip,7d32b9feb07dda38ca32f9eb1f61ed48ed9e44424b0f85d4518d8f2b8c5ea843,trained_this_experiment
return_lstm_ppo,3,600000,C:\Users\conor\OneDrive\Documents\Edinburgh master\Dissertation\Python\mbt_gym\models\final_reduced_exploration_architecture_comparison\return_lstm_ppo_seed3\ppo_return_lstm_ppo_seed3_t000600000.zip,c1890c90f1bf8be6e47f1b48c3411d4e1b11a94a713c2701a5b439419ae17600,trained_this_experiment
return_lstm_ppo,3,700000,C:\Users\conor\OneDrive\Documents\Edinburgh master\Dissertation\Python\mbt_gym\models\final_reduced_exploration_architecture_comparison\return_lstm_ppo_seed3\ppo_return_lstm_ppo_seed3_t000700000.zip,e9013b16fa77c9f65f43fbf5bdb2663aca0b5caaefac4523a327d12cb6be86ef,trained_this_experiment
return_lstm_ppo,3,800000,C:\Users\conor\OneDrive\Documents\Edinburgh master\Dissertation\Python\mbt_gym\models\final_reduced_exploration_architecture_comparison\return_lstm_ppo_seed3\ppo_return_lstm_ppo_seed3_t000800000.zip,d0fb3f6e8d1a5ad22ebefe316b2a5308e42046054f4a775fb1019234f4d207f4,trained_this_experiment
return_lstm_ppo,3,900000,C:\Users\conor\OneDrive\Documents\Edinburgh master\Dissertation\Python\mbt_gym\models\final_reduced_exploration_architecture_comparison\return_lstm_ppo_seed3\ppo_return_lstm_ppo_seed3_t000900000.zip,70d806ba0da535581c3d706f44f7e275feae4a4ead39a43f8205cce5e00c778c,trained_this_experiment
return_lstm_ppo,3,1000000,C:\Users\conor\OneDrive\Documents\Edinburgh master\Dissertation\Python\mbt_gym\models\final_reduced_exploration_architecture_comparison\return_lstm_ppo_seed3\ppo_return_lstm_ppo_seed3_t001000000.zip,0f315f2c6b9ecdaa96f07676e096ccebf64813e6877f8940f8a4b82710357c84,trained_this_experiment
return_lstm_ppo,4,16000,C:\Users\conor\OneDrive\Documents\Edinburgh master\Dissertation\Python\mbt_gym\models\final_reduced_exploration_architecture_comparison\return_lstm_ppo_seed4\ppo_return_lstm_ppo_seed4_t000016000.zip,23ab88cb94287142a9b42784accdd871b74d03d3e5ab499e928f9fce102faa4b,trained_this_experiment
return_lstm_ppo,4,32000,C:\Users\conor\OneDrive\Documents\Edinburgh master\Dissertation\Python\mbt_gym\models\final_reduced_exploration_architecture_comparison\return_lstm_ppo_seed4\ppo_return_lstm_ppo_seed4_t000032000.zip,5104d32375d16a06b44e1492501f65e4089acb03bc982acf1df11ebbeaa39e55,trained_this_experiment
return_lstm_ppo,4,48000,C:\Users\conor\OneDrive\Documents\Edinburgh master\Dissertation\Python\mbt_gym\models\final_reduced_exploration_architecture_comparison\return_lstm_ppo_seed4\ppo_return_lstm_ppo_seed4_t000048000.zip,f51903046c2eef9665cb8141ea55f2425137f45b39bb722f0a2ce246f52ff172,trained_this_experiment
return_lstm_ppo,4,64000,C:\Users\conor\OneDrive\Documents\Edinburgh master\Dissertation\Python\mbt_gym\models\final_reduced_exploration_architecture_comparison\return_lstm_ppo_seed4\ppo_return_lstm_ppo_seed4_t000064000.zip,5072bf08263db627f9e12f9fa274b1e6ac048b43a2c796440f1c4025c2069ff6,trained_this_experiment
return_lstm_ppo,4,80000,C:\Users\conor\OneDrive\Documents\Edinburgh master\Dissertation\Python\mbt_gym\models\final_reduced_exploration_architecture_comparison\return_lstm_ppo_seed4\ppo_return_lstm_ppo_seed4_t000080000.zip,a1a11c998fadc05660cbc4b8fbebc2a1ceced3bfb8f4c097d643ef23b94d5c52,trained_this_experiment
return_lstm_ppo,4,96000,C:\Users\conor\OneDrive\Documents\Edinburgh master\Dissertation\Python\mbt_gym\models\final_reduced_exploration_architecture_comparison\return_lstm_ppo_seed4\ppo_return_lstm_ppo_seed4_t000096000.zip,5221d6a18fe2547ae431aaab8f1d9d7f50869926d52ddb5a43fb3c919b061a08,trained_this_experiment
return_lstm_ppo,4,112000,C:\Users\conor\OneDrive\Documents\Edinburgh master\Dissertation\Python\mbt_gym\models\final_reduced_exploration_architecture_comparison\return_lstm_ppo_seed4\ppo_return_lstm_ppo_seed4_t000112000.zip,10ac7dc2066a28bd01b6536a111661a380ed138de29804c08d6143875e02ee51,trained_this_experiment
return_lstm_ppo,4,128000,C:\Users\conor\OneDrive\Documents\Edinburgh master\Dissertation\Python\mbt_gym\models\final_reduced_exploration_architecture_comparison\return_lstm_ppo_seed4\ppo_return_lstm_ppo_seed4_t000128000.zip,28967b867b24216b5a0db526708467c5e82a77ba0b294eb69418025779d464c8,trained_this_experiment
return_lstm_ppo,4,144000,C:\Users\conor\OneDrive\Documents\Edinburgh master\Dissertation\Python\mbt_gym\models\final_reduced_exploration_architecture_comparison\return_lstm_ppo_seed4\ppo_return_lstm_ppo_seed4_t000144000.zip,adff64182efa66e485580676b349808dd0f4e0ba8d9d233baacf940ab9e3cb10,trained_this_experiment
return_lstm_ppo,4,160000,C:\Users\conor\OneDrive\Documents\Edinburgh master\Dissertation\Python\mbt_gym\models\final_reduced_exploration_architecture_comparison\return_lstm_ppo_seed4\ppo_return_lstm_ppo_seed4_t000160000.zip,70c849b5186ac359220cd331e53f5891e2f79dc42c86886637885c053254181e,trained_this_experiment
return_lstm_ppo,4,176000,C:\Users\conor\OneDrive\Documents\Edinburgh master\Dissertation\Python\mbt_gym\models\final_reduced_exploration_architecture_comparison\return_lstm_ppo_seed4\ppo_return_lstm_ppo_seed4_t000176000.zip,b1f39158758357897a0970fed43561739d4fcfd9e5b98ffa37c4940e940ba607,trained_this_experiment
return_lstm_ppo,4,192000,C:\Users\conor\OneDrive\Documents\Edinburgh master\Dissertation\Python\mbt_gym\models\final_reduced_exploration_architecture_comparison\return_lstm_ppo_seed4\ppo_return_lstm_ppo_seed4_t000192000.zip,a31786d67e04d70c748d51e34216cbd1c7a44deff2361382d52d1a8a1b2bbf98,trained_this_experiment
return_lstm_ppo,4,200000,C:\Users\conor\OneDrive\Documents\Edinburgh master\Dissertation\Python\mbt_gym\models\final_reduced_exploration_architecture_comparison\return_lstm_ppo_seed4\ppo_return_lstm_ppo_seed4_t000200000.zip,a74c23e4bab63db24d64db016a0ebb3a15fd117874b864fa9d4f7d9303403b66,trained_this_experiment
return_lstm_ppo,4,300000,C:\Users\conor\OneDrive\Documents\Edinburgh master\Dissertation\Python\mbt_gym\models\final_reduced_exploration_architecture_comparison\return_lstm_ppo_seed4\ppo_return_lstm_ppo_seed4_t000300000.zip,9890c7b91d86b0c1d43b8cd3a641ffde4d3067dfa794faf02cef4cf6aec8b838,trained_this_experiment
return_lstm_ppo,4,400000,C:\Users\conor\OneDrive\Documents\Edinburgh master\Dissertation\Python\mbt_gym\models\final_reduced_exploration_architecture_comparison\return_lstm_ppo_seed4\ppo_return_lstm_ppo_seed4_t000400000.zip,7911e35a502952a4fd17aec18cf3e925fa5bdc253d182a86505042375a25c614,trained_this_experiment
return_lstm_ppo,4,500000,C:\Users\conor\OneDrive\Documents\Edinburgh master\Dissertation\Python\mbt_gym\models\final_reduced_exploration_architecture_comparison\return_lstm_ppo_seed4\ppo_return_lstm_ppo_seed4_t000500000.zip,9b878fd63a3fe6a901ac92c3aeb7d1a11b5c6971ac95adec86d2ea5b037b3f14,trained_this_experiment
return_lstm_ppo,4,600000,C:\Users\conor\OneDrive\Documents\Edinburgh master\Dissertation\Python\mbt_gym\models\final_reduced_exploration_architecture_comparison\return_lstm_ppo_seed4\ppo_return_lstm_ppo_seed4_t000600000.zip,f6710d9180faa1a68fa054241fa41e89a7b5c1e84ce05059587945b600cef975,trained_this_experiment
return_lstm_ppo,4,700000,C:\Users\conor\OneDrive\Documents\Edinburgh master\Dissertation\Python\mbt_gym\models\final_reduced_exploration_architecture_comparison\return_lstm_ppo_seed4\ppo_return_lstm_ppo_seed4_t000700000.zip,62b5e1d00033b265419f369c544a89865630a602aeea9178672f3d08dc7e0ec2,trained_this_experiment
return_lstm_ppo,4,800000,C:\Users\conor\OneDrive\Documents\Edinburgh master\Dissertation\Python\mbt_gym\models\final_reduced_exploration_architecture_comparison\return_lstm_ppo_seed4\ppo_return_lstm_ppo_seed4_t000800000.zip,954b446ee0cfc5dc601eb4553718c6eab177786f4fd904dadccc77ab8b48ef9a,trained_this_experiment
return_lstm_ppo,4,900000,C:\Users\conor\OneDrive\Documents\Edinburgh master\Dissertation\Python\mbt_gym\models\final_reduced_exploration_architecture_comparison\return_lstm_ppo_seed4\ppo_return_lstm_ppo_seed4_t000900000.zip,466ef6baab00210b34c997b234da85629e3c3db87233b84984bb041b41f5a84e,trained_this_experiment
return_lstm_ppo,4,1000000,C:\Users\conor\OneDrive\Documents\Edinburgh master\Dissertation\Python\mbt_gym\models\final_reduced_exploration_architecture_comparison\return_lstm_ppo_seed4\ppo_return_lstm_ppo_seed4_t001000000.zip,e4613fa687b7a64c5e37651b05ce8136f1f7814c6562a37c1aca0e2d5ed5421f,trained_this_experiment
