metric,n,mean,std,se,median,iqr_low,iqr_high,iqr,ci_lo,ci_hi,loss_rate,max_abs,agent_type,training_seed,level
full_objective,100,25.865402170924767,109.28938965061712,10.928938965061713,37.08084324548901,-26.99961015701855,91.98104259328943,118.98065275030798,4.44468179940381,47.286122542445725,0.36,386.6082831178976,hamilton_ppo,0.0,within_training_seed
full_objective,100,21.12643074473005,42.98941409295588,4.298941409295589,25.16614660315488,3.4501076388557177,43.71774672701235,40.26763908815663,12.700505582510697,29.552355906949405,0.24,183.1976873208286,hamilton_ppo,1.0,within_training_seed
full_objective,100,24.911639701713696,40.319237423269286,4.031923742326929,30.18209783895776,-1.476163856870886,46.871879895616985,48.34804375248787,17.009069166752916,32.81421023667448,0.28,140.58806653747934,hamilton_ppo,2.0,within_training_seed
full_objective,100,23.322151061865902,105.47200033418007,10.547200033418006,34.6176395218028,-23.750510471259428,83.28097345743801,107.03148392869744,2.649638996366612,43.99466312736519,0.38,466.93323124666654,hamilton_ppo,3.0,within_training_seed
full_objective,100,30.4418353041831,177.04900262734188,17.70490026273419,35.18911810146065,-76.72764272780867,124.20607858227261,200.9337213100813,-4.259769210775907,65.14343981914212,0.39,559.0552585680788,hamilton_ppo,4.0,within_training_seed
full_objective,5,25.133491796683504,3.467741176662032,1.550820999878282,24.911639701713696,23.322151061865902,25.865402170924767,2.5432511090588648,22.09388263692207,28.173100956444937,0.0,30.4418353041831,hamilton_ppo,ALL,between_training_seeds
raw_pnl,100,27.993981345924748,109.19032003965519,10.919032003965519,38.359873245488984,-25.741367657018543,93.13851821828946,118.879885875308,6.5926786181523305,49.39528407369717,0.34,374.0113581178976,hamilton_ppo,0.0,within_training_seed
raw_pnl,100,21.392257194730064,43.028088878272456,4.302808887827245,25.25909889483041,3.5445057638557174,43.776987352012334,40.23248158815662,12.958751774588663,29.825762614871465,0.24,184.89127482082856,hamilton_ppo,1.0,within_training_seed
raw_pnl,100,25.1206903517137,40.31557148294908,4.031557148294908,30.324492838957767,-1.4135263568708822,46.99122364561698,48.40475000248786,17.21883834105568,33.02254236237172,0.28,141.19659903747936,hamilton_ppo,2.0,within_training_seed
raw_pnl,100,24.620489111865886,105.40484000027233,10.540484000027233,35.66916809814518,-21.65604340677738,84.228911582438,105.88495498921537,3.9611404718125094,45.27983775191926,0.38,470.9308112466665,hamilton_ppo,3.0,within_training_seed
raw_pnl,100,34.689901079183066,176.89466302977937,17.689466302977937,39.02655185146068,-69.76790772780873,129.64350108227256,199.4114088100813,0.0185471253463092,69.36125503301983,0.36,565.3914160680788,hamilton_ppo,4.0,within_training_seed
raw_pnl,5,26.763463816683497,5.012072597352443,2.241467007168799,25.1206903517137,24.620489111865886,27.993981345924748,3.373492234058862,22.370188482632653,31.156739150734342,0.0,34.689901079183066,hamilton_ppo,ALL,between_training_seeds
mean_abs_inventory,100,9.7214175,5.7617393514115856,0.5761739351411586,8.561250000000001,6.9319375,10.9285,3.9965624999999996,8.592116587123328,10.85071841287667,0.0,44.68525,hamilton_ppo,0.0,within_training_seed
mean_abs_inventory,100,3.598155,1.8135671653838978,0.18135671653838978,3.573875,2.4554375000000004,4.4288125,1.9733749999999999,3.2426958355847564,3.953614164415244,0.0,11.0975,hamilton_ppo,1.0,within_training_seed
mean_abs_inventory,100,3.708215,1.388994280000367,0.13889942800003668,3.6723749999999997,2.8722499999999997,4.426375,1.5541250000000004,3.4359721211199283,3.9804578788800717,0.0,7.7735,hamilton_ppo,2.0,within_training_seed
mean_abs_inventory,100,9.078285,3.3997599495658095,0.33997599495658093,9.05125,6.312625,11.1926875,4.8800625,8.4119320498851,9.744637950114898,0.0,19.01775,hamilton_ppo,3.0,within_training_seed
mean_abs_inventory,100,14.5807825,4.712609825322484,0.47126098253224835,14.051124999999999,11.9195,17.6688125,5.749312500000002,13.657110974236794,15.504454025763206,0.0,25.727,hamilton_ppo,4.0,within_training_seed
mean_abs_inventory,5,8.137370999999998,4.613403813749738,2.0631769070402384,9.078285,3.708215,9.7214175,6.013202499999999,4.093544262201131,12.181197737798865,0.0,14.5807825,hamilton_ppo,ALL,between_training_seeds
mean_signed_inventory,100,5.2643025,9.985204293007719,0.9985204293007719,7.93975,5.0493125,9.929437499999999,4.880124999999999,3.3072024585704876,7.221402541429513,0.13,44.68525,hamilton_ppo,0.0,within_training_seed
mean_signed_inventory,100,-3.4901900000000006,1.973191745445163,0.1973191745445163,-3.573875,-4.4288125,-2.3466875,2.0821250000000004,-3.8769355821072526,-3.1034444178927485,0.97,11.0975,hamilton_ppo,1.0,within_training_seed
mean_signed_inventory,100,-3.6950050000000005,1.4010005587548184,0.14010005587548185,-3.6723749999999997,-4.4085624999999995,-2.8722499999999997,1.5363124999999997,-3.969601109515945,-3.420408890484056,1.0,7.7735,hamilton_ppo,2.0,within_training_seed
mean_signed_inventory,100,9.069009999999999,3.4074169011188373,0.3407416901118837,8.986,6.3065,11.1926875,4.8861875,8.401156287380706,9.736863712619291,0.0,19.01775,hamilton_ppo,3.0,within_training_seed
mean_signed_inventory,100,14.558847499999999,4.719980024366944,0.4719980024366944,14.051124999999999,11.881375,17.6688125,5.787437500000001,13.633731415224078,15.48396358477592,0.0,25.727,hamilton_ppo,4.0,within_training_seed
mean_signed_inventory,5,4.341392999999999,7.961091099901798,3.560308174889798,5.2643025,-3.4901900000000006,9.069009999999999,12.559199999999999,-2.6368110227840047,11.319597022784002,0.4,14.558847499999999,hamilton_ppo,ALL,between_training_seeds
terminal_abs_inventory,100,18.2,11.075498483890767,1.1075498483890767,16.0,13.0,20.0,7.0,16.029202297157408,20.37079770284259,0.0,81.0,hamilton_ppo,0.0,within_training_seed
terminal_abs_inventory,100,6.47,3.217549729627541,0.3217549729627541,6.0,4.0,9.0,5.0,5.839360252993002,7.100639747006998,0.0,17.0,hamilton_ppo,1.0,within_training_seed
terminal_abs_inventory,100,3.7,2.139102048934921,0.21391020489349208,3.0,2.0,5.0,3.0,3.2807359984087556,4.119264001591245,0.0,9.0,hamilton_ppo,2.0,within_training_seed
terminal_abs_inventory,100,13.18,4.910059762231706,0.49100597622317055,13.0,9.0,16.0,7.0,12.217628286602585,14.142371713397415,0.0,28.0,hamilton_ppo,3.0,within_training_seed
terminal_abs_inventory,100,30.58,7.885775456190378,0.7885775456190378,31.0,26.0,36.25,10.25,29.034388010586685,32.125611989413315,0.0,51.0,hamilton_ppo,4.0,within_training_seed
terminal_abs_inventory,5,14.425999999999998,10.666446456060237,4.770179870822482,13.18,6.47,18.2,11.73,5.076447453187933,23.775552546812065,0.0,30.58,hamilton_ppo,ALL,between_training_seeds
terminal_signed_inventory,100,9.86,18.948638713398626,1.8948638713398627,15.0,11.0,19.0,8.0,6.146066812173869,13.57393318782613,0.12,81.0,hamilton_ppo,0.0,within_training_seed
terminal_signed_inventory,100,-6.47,3.217549729627541,0.3217549729627541,-6.0,-9.0,-4.0,5.0,-7.100639747006998,-5.839360252993002,0.97,17.0,hamilton_ppo,1.0,within_training_seed
terminal_signed_inventory,100,-3.68,2.173671659853089,0.21736716598530892,-3.0,-5.0,-2.0,3.0,-4.106039645331205,-3.2539603546687945,0.94,9.0,hamilton_ppo,2.0,within_training_seed
terminal_signed_inventory,100,13.18,4.910059762231706,0.49100597622317055,13.0,9.0,16.0,7.0,12.217628286602585,14.142371713397415,0.0,28.0,hamilton_ppo,3.0,within_training_seed
terminal_signed_inventory,100,30.58,7.885775456190378,0.7885775456190378,31.0,26.0,36.25,10.25,29.034388010586685,32.125611989413315,0.0,51.0,hamilton_ppo,4.0,within_training_seed
terminal_signed_inventory,5,8.693999999999999,14.86222998072631,6.646591306827883,9.86,-3.68,13.18,16.86,-4.333318961382652,21.72131896138265,0.4,30.58,hamilton_ppo,ALL,between_training_seeds
fills,100,30.6,21.044445511076955,2.1044445511076955,24.0,20.0,30.25,10.25,26.475288679828918,34.72471132017108,0.0,127.0,hamilton_ppo,0.0,within_training_seed
fills,100,11.95,3.1378272093854367,0.31378272093854365,12.0,9.0,14.0,5.0,11.334985866960453,12.565014133039545,0.0,19.0,hamilton_ppo,1.0,within_training_seed
fills,100,16.7,4.513727658348183,0.45137276583481833,16.0,14.0,20.0,6.0,15.815309378963756,17.584690621036245,0.0,27.0,hamilton_ppo,2.0,within_training_seed
fills,100,23.78,5.689934405189003,0.5689934405189003,23.0,19.0,27.0,8.0,22.664772856582957,24.895227143417046,0.0,40.0,hamilton_ppo,3.0,within_training_seed
fills,100,45.16,7.851809287731656,0.7851809287731656,46.0,40.0,49.25,9.25,43.621045379604595,46.6989546203954,0.0,66.0,hamilton_ppo,4.0,within_training_seed
fills,5,25.637999999999998,13.004146261865866,5.815631006176371,23.78,16.7,30.6,13.900000000000002,14.23936322789431,37.03663677210569,0.0,45.16,hamilton_ppo,ALL,between_training_seeds
mean_quoted_spread,100,4.180752099174074,0.5795834382766984,0.057958343827669845,4.419967897940426,4.14778712149926,4.516847889553471,0.3690607680542115,4.067153745271842,4.294350453076307,0.0,4.651609136470323,hamilton_ppo,0.0,within_training_seed
mean_quoted_spread,100,2.1051309984975837,0.10059771323322915,0.010059771323322916,2.08762570424442,2.0223022370626316,2.154723610489526,0.13242137342689464,2.085413846703871,2.1248481502912964,0.0,2.348584767750421,hamilton_ppo,1.0,within_training_seed
mean_quoted_spread,100,2.6162762226855807,0.16560382297252754,0.016560382297252756,2.6208732381966415,2.5207575983341357,2.717921420459343,0.19716382212520722,2.5838178733829653,2.648734571988196,0.0,3.034760652488456,hamilton_ppo,2.0,within_training_seed
mean_quoted_spread,100,3.7809557459352,0.010511810412421652,0.0010511810412421653,3.782937006118673,3.773985159711728,3.789135694545892,0.015150534834163842,3.7788954310943654,3.7830160607760344,0.0,3.800107112604302,hamilton_ppo,3.0,within_training_seed
mean_quoted_spread,100,4.109907501734127,0.17394768843435482,0.017394768843435483,4.142976064699109,4.035137956939664,4.25359043533749,0.21845247839782544,4.075813754800993,4.14400124866726,0.0,4.369318670548856,hamilton_ppo,4.0,within_training_seed
mean_quoted_spread,5,3.358604513605313,0.9408786505781099,0.4207737242541851,3.7809557459352,2.6162762226855807,4.109907501734127,1.4936312790485462,2.5338880140671103,4.183321013143516,0.0,4.180752099174074,hamilton_ppo,ALL,between_training_seeds
full_objective,100,24.634604508381216,41.03760321905788,4.103760321905788,25.17068644607579,7.56781615092336,45.800877414709184,38.23306126378583,16.59123427744587,32.67797473931656,0.16,179.4482643532842,return_lstm_ppo,0.0,within_training_seed
full_objective,100,27.742052760631818,41.674684486415146,4.1674684486415146,28.233316250181126,10.412426080176012,46.18046648068561,35.7680404005096,19.57381460129445,35.910290919969185,0.15,204.38560796973968,return_lstm_ppo,1.0,within_training_seed
full_objective,100,30.779048704448652,53.78387153588241,5.378387153588241,37.51540858422845,11.257998417589132,52.16722639760875,40.90922798001962,20.2374098834157,41.3206875254816,0.2,195.51467892211207,return_lstm_ppo,2.0,within_training_seed
full_objective,100,33.61183208658327,87.05041672391978,8.705041672391978,41.08684407466832,2.9034222637794143,69.5900621934091,66.68663992962968,16.549950408694993,50.67371376447154,0.24,367.9607994331752,return_lstm_ppo,3.0,within_training_seed
full_objective,100,24.14062469510477,268.4028772981648,26.84028772981648,43.351119837910346,-128.32393201118006,185.42567151660202,313.7496035277821,-28.466339255335534,76.74758864554508,0.46,877.435147655055,return_lstm_ppo,4.0,within_training_seed
full_objective,5,28.181632551029946,4.041596853011069,1.807457060196395,27.742052760631818,24.634604508381216,30.779048704448652,6.144444196067436,24.63901671304501,31.724248389014882,0.0,33.61183208658327,return_lstm_ppo,ALL,between_training_seeds
raw_pnl,100,24.828385583381213,41.030457885818535,4.103045788581854,25.18738644607579,7.61128865092336,45.89622257571096,38.284933924787595,16.786415837760778,32.87035532900165,0.16,179.8463293532842,return_lstm_ppo,0.0,within_training_seed
raw_pnl,100,27.980889110631814,41.677268496352205,4.167726849635221,28.32015278703321,10.593309830176013,46.29042710568561,35.6971172755096,19.81214448534678,36.14963373591685,0.15,204.9357554697397,return_lstm_ppo,1.0,within_training_seed
raw_pnl,100,31.21859205444865,53.7353798419101,5.37353798419101,37.77225940116719,11.448452167589124,52.331006397608746,40.88255423001962,20.68645760543427,41.75072650346303,0.2,194.4529089221121,return_lstm_ppo,2.0,within_training_seed
raw_pnl,100,34.48650141158327,86.8777849678896,8.68777849678896,41.98633907466831,3.9713816387794054,69.9990615684091,66.0276799296297,17.45845555787691,51.51454726528963,0.24,369.9691919331751,return_lstm_ppo,3.0,within_training_seed
raw_pnl,100,33.41469692010469,267.6494665717831,26.764946657178307,52.56467983791026,-118.13487076118008,194.55369792865133,312.6885686898314,-19.044598527964794,85.87399236817417,0.44,859.2474201550549,return_lstm_ppo,4.0,within_training_seed
raw_pnl,5,30.385813016029925,3.979697306596647,1.7797747414845848,31.21859205444865,27.980889110631814,33.41469692010469,5.433807809472874,26.89745452272014,33.87417150933971,0.0,34.48650141158327,return_lstm_ppo,ALL,between_training_seeds
mean_abs_inventory,100,3.0340774999999995,1.8963757804361985,0.18963757804361986,2.749625,1.4423125,4.1359375,2.693625,2.6623878470345046,3.4057671529654945,0.0,8.86725,return_lstm_ppo,0.0,within_training_seed
mean_abs_inventory,100,3.16594,2.1092733543770112,0.21092733543770112,2.59225,1.535375,4.172750000000001,2.6373750000000005,2.7525224225421057,3.5793575774578943,0.0,11.02625,return_lstm_ppo,1.0,within_training_seed
mean_abs_inventory,100,4.40837,2.0585198576632533,0.20585198576632532,4.2625,2.91725,5.843375,2.926125,4.004900107898002,4.811839892101998,0.0,11.6055,return_lstm_ppo,2.0,within_training_seed
mean_abs_inventory,100,6.391982499999999,3.4009834321674557,0.3400983432167456,5.825,3.899375,8.24525,4.345875,5.725389747295178,7.058575252704821,0.0,19.149,return_lstm_ppo,3.0,within_training_seed
mean_abs_inventory,100,22.906097500000005,4.563416499327239,0.4563416499327239,22.808500000000002,20.763562500000003,25.816375,5.052812499999998,22.011667866131866,23.800527133868144,0.0,35.95225,return_lstm_ppo,4.0,within_training_seed
mean_abs_inventory,5,7.981293500000001,8.45139103506943,3.7795769717695102,4.40837,3.16594,6.391982499999999,3.2260424999999993,0.5733226353317615,15.389264364668241,0.0,22.906097500000005,return_lstm_ppo,ALL,between_training_seeds
mean_signed_inventory,100,2.7147674999999993,2.261723883639871,0.2261723883639871,2.6712499999999997,0.8890625000000001,4.1359375,3.2468749999999997,2.271469618806585,3.158065381193414,0.14,8.86725,return_lstm_ppo,0.0,within_training_seed
mean_signed_inventory,100,2.2611499999999993,2.9622267459112446,0.29622267459112445,2.1781249999999996,0.309875,4.0545625,3.7446875000000004,1.6805535578013955,2.841746442198603,0.24,11.02625,return_lstm_ppo,1.0,within_training_seed
mean_signed_inventory,100,-4.01994,2.6174635087902343,0.2617463508790234,-4.255625,-5.843375,-2.3365625,3.5068125,-4.532962847722886,-3.506917152277114,0.94,11.6055,return_lstm_ppo,2.0,within_training_seed
mean_signed_inventory,100,6.0627525,3.851970338902756,0.3851970338902756,5.825,3.626875,8.24525,4.618375,5.30776631357506,6.81773868642494,0.03,19.149,return_lstm_ppo,3.0,within_training_seed
mean_signed_inventory,100,22.899147500000005,4.567167940318096,0.4567167940318096,22.80225,20.763562500000003,25.816375,5.052812499999998,22.00398258369766,23.79431241630235,0.0,35.95225,return_lstm_ppo,4.0,within_training_seed
mean_signed_inventory,5,5.983575500000001,10.133542381457332,4.53185792356274,2.7147674999999993,2.2611499999999993,6.0627525,3.801602500000001,-2.898866030182969,14.86601703018297,0.2,22.899147500000005,return_lstm_ppo,ALL,between_training_seeds
terminal_abs_inventory,100,4.44,3.2076927735200775,0.3207692773520078,4.0,2.0,6.0,4.0,3.8112922163900653,5.068707783609936,0.0,14.0,return_lstm_ppo,0.0,within_training_seed
terminal_abs_inventory,100,5.64,3.849491636383414,0.3849491636383414,5.0,3.0,8.0,5.0,4.885499639268851,6.394500360731149,0.0,19.0,return_lstm_ppo,1.0,within_training_seed
terminal_abs_inventory,100,9.01,4.663407953136176,0.46634079531361755,9.0,6.0,12.0,6.0,8.095972041185309,9.92402795881469,0.0,19.0,return_lstm_ppo,2.0,within_training_seed
terminal_abs_inventory,100,12.14,6.008445234951729,0.6008445234951729,13.0,7.75,16.0,8.25,10.962344733949461,13.31765526605054,0.0,30.0,return_lstm_ppo,3.0,within_training_seed
terminal_abs_inventory,100,44.64,7.508271533058818,0.7508271533058818,45.0,39.0,49.0,10.0,43.168378779520474,46.11162122047953,0.0,66.0,return_lstm_ppo,4.0,within_training_seed
terminal_abs_inventory,5,15.174000000000001,16.74485831531578,7.488528293329739,9.01,5.64,12.14,6.500000000000001,0.496484545073713,29.85151545492629,0.0,44.64,return_lstm_ppo,ALL,between_training_seeds
terminal_signed_inventory,100,4.0,3.7470527138544556,0.37470527138544557,4.0,1.0,6.0,5.0,3.2655776680845268,4.734422331915473,0.14,14.0,return_lstm_ppo,0.0,within_training_seed
terminal_signed_inventory,100,4.64,5.020201613722724,0.5020201613722725,5.0,1.0,8.0,7.0,3.6560404837103455,5.623959516289654,0.17,19.0,return_lstm_ppo,1.0,within_training_seed
terminal_signed_inventory,100,-8.97,4.740658011693987,0.47406580116939867,-9.0,-12.0,-6.0,6.0,-9.899168970292022,-8.040831029707979,0.94,19.0,return_lstm_ppo,2.0,within_training_seed
terminal_signed_inventory,100,11.94,6.400473467335101,0.6400473467335102,13.0,7.75,16.0,8.25,10.68550720040232,13.194492799597679,0.03,30.0,return_lstm_ppo,3.0,within_training_seed
terminal_signed_inventory,100,44.64,7.508271533058818,0.7508271533058818,45.0,39.0,49.0,10.0,43.168378779520474,46.11162122047953,0.0,66.0,return_lstm_ppo,4.0,within_training_seed
terminal_signed_inventory,5,11.25,20.127538349236847,9.001308793725498,4.64,4.0,11.94,7.9399999999999995,-6.392565235701976,28.892565235701976,0.2,44.64,return_lstm_ppo,ALL,between_training_seeds
fills,100,18.76,4.5618532473661455,0.45618532473661455,18.0,16.0,22.0,6.0,17.865876763516237,19.654123236483766,0.0,32.0,return_lstm_ppo,0.0,within_training_seed
fills,100,21.66,4.944581770876975,0.4944581770876975,21.0,18.0,24.25,6.25,20.690861972908113,22.629138027091887,0.0,37.0,return_lstm_ppo,1.0,within_training_seed
fills,100,24.39,4.802976770564881,0.4802976770564881,24.5,21.0,28.0,7.0,23.448616552969284,25.331383447030717,0.0,35.0,return_lstm_ppo,2.0,within_training_seed
fills,100,35.66,6.205601900661607,0.6205601900661607,35.0,31.0,40.0,9.0,34.44370202747032,36.87629797252967,0.0,54.0,return_lstm_ppo,3.0,within_training_seed
fills,100,67.1,8.746139119345719,0.8746139119345718,69.0,61.75,72.25,10.5,65.38575673260823,68.81424326739176,0.0,86.0,return_lstm_ppo,4.0,within_training_seed
fills,5,33.513999999999996,19.83727501447716,8.87149908414581,24.39,21.66,35.66,13.999999999999996,16.125861795074208,50.902138204925784,0.0,67.1,return_lstm_ppo,ALL,between_training_seeds
mean_quoted_spread,100,3.351162756699345,0.046867711657621866,0.004686771165762186,3.3489942991665833,3.3172495386404623,3.3887093512111517,0.07145981257068934,3.3419766852144512,3.3603488281842386,0.0,3.451467093927659,return_lstm_ppo,0.0,within_training_seed
mean_quoted_spread,100,3.3168458485706327,0.013062706161089309,0.0013062706161089308,3.317928755085571,3.308240361733983,3.326462036635179,0.018221674901196305,3.3142855581630593,3.319406138978206,0.0,3.345469646678576,return_lstm_ppo,1.0,within_training_seed
mean_quoted_spread,100,2.537016405357572,0.01557956513252317,0.001557956513252317,2.540437431352026,2.5282688464076726,2.547682986027863,0.01941413962019034,2.5339628105915972,2.5400700001235466,0.0,2.569751088177339,return_lstm_ppo,2.0,within_training_seed
mean_quoted_spread,100,3.5048373935330726,0.01158258157733963,0.0011582581577339632,3.5062117630255463,3.4986523875959317,3.51315665226789,0.0145042646719582,3.502567207543914,3.507107579522231,0.0,3.5258102661675483,return_lstm_ppo,3.0,within_training_seed
mean_quoted_spread,100,4.1118390248541115,0.002760781316465886,0.0002760781316465886,4.111633358088733,4.109697398598296,4.113138512064909,0.0034411134666125776,4.111297911716084,4.1123801379921385,0.0,4.1211884278852455,return_lstm_ppo,4.0,within_training_seed
mean_quoted_spread,5,3.364340285802947,0.5624473251247835,0.2515340905483882,3.351162756699345,3.3168458485706327,3.5048373935330726,0.18799154496243986,2.871333468328106,3.857347103277788,0.0,4.1118390248541115,return_lstm_ppo,ALL,between_training_seeds
full_objective,100,-2.863097697803779,175.94091920549124,17.594091920549126,27.09698504601653,-25.833478994263622,60.37809934316415,86.21157833742777,-37.34751786208007,31.621322466472506,0.31,867.9300102274224,return_mlp_ppo,0.0,within_training_seed
full_objective,100,20.239784285858764,32.772693785729146,3.277269378572915,20.43305680936433,5.1906729155659015,37.90660784174851,32.71593492618261,13.816336303855852,26.663232267861677,0.22,146.51906464281078,return_mlp_ppo,1.0,within_training_seed
full_objective,100,26.393671745315125,41.18478708631736,4.118478708631736,26.796375426395393,2.9354126745887807,52.06445012738788,49.129037452799096,18.321453476396922,34.465890014233324,0.25,170.07493649386333,return_mlp_ppo,2.0,within_training_seed
full_objective,100,25.77651722656303,122.82993074018069,12.28299307401807,36.82986786611486,-40.61696489886624,97.25531516836682,137.87228006723308,1.7018508014876161,49.85118365163844,0.37,411.8678775457574,return_mlp_ppo,3.0,within_training_seed
full_objective,100,16.472496266467832,278.5005957973269,27.850059579732694,24.769332526290096,-126.49189158458329,165.45423383809342,291.9461254226767,-38.11362050980824,71.05861304274391,0.45,1047.1036668415636,return_mlp_ppo,4.0,within_training_seed
full_objective,5,17.203874365280193,11.941289840958168,5.340307164682023,20.239784285858764,16.472496266467832,25.77651722656303,9.304020960095198,6.736872322503428,27.670876408056955,0.2,26.393671745315125,return_mlp_ppo,ALL,between_training_seeds
raw_pnl,100,2.0589580771962086,174.36095021991395,17.436095021991395,27.87531679752567,-22.5662614323559,62.44593964745653,85.01220107981243,-32.11578816590693,36.233704320299346,0.31,852.6256252274225,return_mlp_ppo,0.0,within_training_seed
raw_pnl,100,20.370892460858766,32.789134652332535,3.2789134652332534,20.50779082059818,5.2555585405659,38.02943096674851,32.773872426182606,13.94422206900159,26.79756285271594,0.22,147.33527464281076,return_mlp_ppo,1.0,within_training_seed
raw_pnl,100,26.58185912031512,41.17067631120641,4.117067631120641,26.905486676395384,3.151758299588785,52.21766200238788,49.0659037027991,18.512406563318663,34.651311677311575,0.25,170.25694149386334,return_mlp_ppo,2.0,within_training_seed
raw_pnl,100,27.651018701563004,122.63775728879064,12.263775728879065,38.692331634923335,-39.095889273866256,98.13041579336681,137.22630506723306,3.6140182729600383,51.68801913016597,0.37,414.6636600457573,return_mlp_ppo,3.0,within_training_seed
raw_pnl,100,26.9955235914678,277.51887713530306,27.751887713530305,31.36606909765715,-113.6575680720655,172.77481068871145,286.43237876077694,-27.398176327051594,81.3892235099872,0.42,1064.4794293415634,return_mlp_ppo,4.0,within_training_seed
raw_pnl,5,20.73165039028018,10.841336310569192,4.848392991473896,26.58185912031512,20.370892460858766,26.9955235914678,6.6246311306090355,11.228800126991343,30.234500653569015,0.0,27.651018701563004,return_mlp_ppo,ALL,between_training_seeds
mean_abs_inventory,100,9.4952275,9.034677831852802,0.9034677831852802,7.50675,2.0040625,14.3040625,12.3,7.724430644956851,11.26602435504315,0.0,41.54725,return_mlp_ppo,0.0,within_training_seed
mean_abs_inventory,100,2.4834024999999995,1.420318650624524,0.1420318650624524,2.298375,1.471625,3.2475,1.775875,2.205020044477593,2.761784955522406,0.0,8.16875,return_mlp_ppo,1.0,within_training_seed
mean_abs_inventory,100,3.8047224999999996,0.8960121512122196,0.08960121512122196,3.748125,3.3023749999999996,4.3865,1.0841250000000002,3.6291041183624047,3.9803408816375945,0.0,6.09575,return_mlp_ppo,2.0,within_training_seed
mean_abs_inventory,100,11.067962499999998,2.9831331430156336,0.2983133143015634,10.874125,8.827125,12.763124999999999,3.935999999999998,10.483268403968934,11.652656596031063,0.0,20.53425,return_mlp_ppo,3.0,within_training_seed
mean_abs_inventory,100,21.080492500000002,8.003387358340541,0.8003387358340541,21.823749999999997,16.086375,26.2753125,10.188937499999998,19.511828577765257,22.649156422234746,0.0,39.11475,return_mlp_ppo,4.0,within_training_seed
mean_abs_inventory,5,9.5863615,7.385761139793245,3.3030127948308046,9.4952275,3.8047224999999996,11.067962499999998,7.263239999999999,3.1124564221316238,16.060266577868376,0.0,21.080492500000002,return_mlp_ppo,ALL,between_training_seeds
mean_signed_inventory,100,-8.7115225,9.75576014355905,0.9755760143559049,-7.422124999999999,-14.3040625,-1.366875,12.9371875,-10.623651488137572,-6.799393511862426,0.79,41.54725,return_mlp_ppo,0.0,within_training_seed
mean_signed_inventory,100,-2.3126374999999997,1.6191834593301755,0.16191834593301754,-2.222625,-3.2189375,-1.4066874999999999,1.8122500000000001,-2.629997458028714,-1.9952775419712854,0.93,8.16875,return_mlp_ppo,1.0,within_training_seed
mean_signed_inventory,100,-3.8025824999999998,0.8971348502111507,0.08971348502111506,-3.7352499999999997,-4.384874999999999,-3.3023749999999996,1.0824999999999996,-3.978420930641385,-3.6267440693586144,1.0,6.09575,return_mlp_ppo,2.0,within_training_seed
mean_signed_inventory,100,11.0641625,2.9850005059757536,0.29850005059757534,10.84375,8.827125,12.763124999999999,3.935999999999998,10.479102400828753,11.649222599171248,0.0,20.53425,return_mlp_ppo,3.0,within_training_seed
mean_signed_inventory,100,20.996132499999998,8.164360296346205,0.8164360296346205,21.80725,16.086375,26.2753125,10.188937499999998,19.39591788191614,22.596347118083855,0.01,39.11475,return_mlp_ppo,4.0,within_training_seed
mean_signed_inventory,5,3.4467105000000005,12.242883193652036,5.475183812319134,-2.3126374999999997,-3.8025824999999998,11.0641625,14.866745,-7.284649772145503,14.178070772145503,0.6,20.996132499999998,return_mlp_ppo,ALL,between_training_seeds
terminal_abs_inventory,100,31.09,25.80035823101077,2.5800358231010767,29.0,5.0,46.75,41.75,26.03312978672189,36.146870213278106,0.0,92.0,return_mlp_ppo,0.0,within_training_seed
terminal_abs_inventory,100,4.12,2.5157283018817607,0.25157283018817606,4.0,2.0,6.0,4.0,3.6269172528311753,4.613082747168825,0.0,11.0,return_mlp_ppo,1.0,within_training_seed
terminal_abs_inventory,100,2.62,1.3467506724473441,0.1346750672447344,3.0,2.0,4.0,2.0,2.3560368682003205,2.8839631317996797,0.0,6.0,return_mlp_ppo,2.0,within_training_seed
terminal_abs_inventory,100,16.6,4.572645941803379,0.4572645941803379,16.0,13.0,19.0,6.0,15.70376139540654,17.496238604593465,0.0,30.0,return_mlp_ppo,3.0,within_training_seed
terminal_abs_inventory,100,50.78,14.183914633958933,1.4183914633958934,52.0,44.0,60.25,16.25,47.99995273174405,53.56004726825595,0.0,77.0,return_mlp_ppo,4.0,within_training_seed
terminal_abs_inventory,5,21.042,20.191374891274737,9.029857363214548,16.6,4.12,31.09,26.97,3.3434795680994895,38.740520431900514,0.0,50.78,return_mlp_ppo,ALL,between_training_seeds
terminal_signed_inventory,100,-29.75,27.349727160569184,2.7349727160569186,-29.0,-46.75,-2.0,44.75,-35.11054652347156,-24.389453476528438,0.77,92.0,return_mlp_ppo,0.0,within_training_seed
terminal_signed_inventory,100,-4.08,2.5807367204350817,0.2580736720435082,-4.0,-6.0,-2.0,4.0,-4.585824397205276,-3.574175602794724,0.92,11.0,return_mlp_ppo,1.0,within_training_seed
terminal_signed_inventory,100,-2.62,1.3467506724473441,0.1346750672447344,-3.0,-4.0,-2.0,2.0,-2.8839631317996797,-2.3560368682003205,0.97,6.0,return_mlp_ppo,2.0,within_training_seed
terminal_signed_inventory,100,16.6,4.572645941803379,0.4572645941803379,16.0,13.0,19.0,6.0,15.70376139540654,17.496238604593465,0.0,30.0,return_mlp_ppo,3.0,within_training_seed
terminal_signed_inventory,100,50.78,14.183914633958933,1.4183914633958934,52.0,44.0,60.25,16.25,47.99995273174405,53.56004726825595,0.0,77.0,return_mlp_ppo,4.0,within_training_seed
terminal_signed_inventory,5,6.186000000000002,29.880632188760668,13.363024956947436,-2.62,-4.08,16.6,20.68,-20.00552891561697,32.37752891561698,0.6,50.78,return_mlp_ppo,ALL,between_training_seeds
fills,100,59.83,37.84499353089567,3.784499353089567,64.0,22.75,87.25,64.5,52.41238126794445,67.24761873205554,0.0,136.0,return_mlp_ppo,0.0,within_training_seed
fills,100,11.68,3.4315235006267315,0.34315235006267314,12.0,9.0,14.0,5.0,11.007421393877161,12.352578606122838,0.0,22.0,return_mlp_ppo,1.0,within_training_seed
fills,100,18.92,4.31740662898458,0.431740662898458,19.0,16.0,22.0,6.0,18.073788300719023,19.76621169928098,0.0,29.0,return_mlp_ppo,2.0,within_training_seed
fills,100,29.46,5.356804414513706,0.5356804414513706,29.0,26.0,32.25,6.25,28.410066334755314,30.509933665244688,0.0,46.0,return_mlp_ppo,3.0,within_training_seed
fills,100,64.5,13.073606691314831,1.3073606691314832,65.5,56.75,74.0,17.25,61.93757308850229,67.06242691149771,0.0,88.0,return_mlp_ppo,4.0,within_training_seed
fills,5,36.878,23.990752801860967,10.728990819270933,29.46,18.92,59.83,40.91,15.84917799422897,57.90682200577103,0.0,64.5,return_mlp_ppo,ALL,between_training_seeds
mean_quoted_spread,100,2.502534900261451,0.21762061902945445,0.021762061902945447,2.4307665418543367,2.3335147900879254,2.623938098308563,0.29042330822063755,2.459881258931678,2.545188541591224,0.0,2.969191789594533,return_mlp_ppo,0.0,within_training_seed
mean_quoted_spread,100,2.503808195157441,0.07117708799877832,0.007117708799877833,2.504362320366958,2.4646432375811993,2.54713531853272,0.08249208095152083,2.4898574859096807,2.5177589044052016,0.0,2.720255743636556,return_mlp_ppo,1.0,within_training_seed
mean_quoted_spread,100,2.737997218158007,0.23999167208553038,0.023999167208553038,2.7339865522076154,2.6102949091050025,2.8984504155350628,0.28815550643006027,2.6909588504292428,2.785035585886771,0.0,3.288044866430964,return_mlp_ppo,2.0,within_training_seed
mean_quoted_spread,100,3.87410819248683,0.0312668980492333,0.00312668980492333,3.870683958894837,3.849277369765325,3.896259474734344,0.04698210496901911,3.8679798804691803,3.88023650450448,0.0,3.967279568588991,return_mlp_ppo,3.0,within_training_seed
mean_quoted_spread,100,4.391156578423528,0.14162335077110644,0.014162335077110644,4.422831715424176,4.353357171428038,4.4724668882595005,0.11910971683146254,4.3633984016723915,4.418914755174665,0.0,4.55500536201138,return_mlp_ppo,4.0,within_training_seed
mean_quoted_spread,5,3.201921016897451,0.8743346846149492,0.3910143579769732,2.737997218158007,2.503808195157441,3.87410819248683,1.370299997329389,2.4355328752625836,3.9683091585323185,0.0,4.391156578423528,return_mlp_ppo,ALL,between_training_seeds
