seed,cumulative_objective,raw_pnl,running_inventory_penalty,terminal_inventory_penalty,full_objective,reconciliation_abs_diff,mean_signed_inventory,mean_abs_inventory,terminal_signed_inventory,terminal_abs_inventory,total_fills,bid_action_mean,bid_action_std,ask_action_mean,ask_action_std,frac_bid_near_low,frac_bid_near_high,frac_ask_near_low,frac_ask_near_high,mean_belief,episode_length,treatment
100000,93.44594510401932,96.08479760401997,1.9628524999999335,0.676,93.44594510402003,7.105427357601002e-13,11.58775,11.67475,26.0,26.0,30.0,-0.14184485662262886,0.0839131657561257,0.8290180397657677,0.2675201820391934,0.0,0.0,0.0,0.58325,0.9413689459856924,4000,correct
100000,92.27336086393532,94.68622336393719,1.7878624999999628,0.625,92.27336086393723,1.9042545318370685e-12,11.09325,11.18025,25.0,25.0,29.0,-0.1304005306214094,0.08341472532657426,0.7816696361107752,0.31546736704397965,0.0,0.0,0.0,0.4975,0.9413689459856924,4000,stationary
100000,93.47899885977951,96.11785135978016,1.9628524999999335,0.676,93.47899885978022,7.105427357601002e-13,11.58775,11.67475,26.0,26.0,30.0,-0.14187229081848637,0.08338234284509649,0.8269578634616919,0.27486507466840804,0.0,0.0,0.0,0.5955,0.9413689459856924,4000,shuffled
100000,82.26781717142586,83.75415467142625,1.045337499999989,0.441,82.26781717142626,3.979039320256561e-13,7.70525,7.79225,21.0,21.0,33.0,-0.09914616976166143,0.090271196662044,0.4097150346674025,0.490282663128295,0.0,0.0,0.0,0.17075,0.9413689459856924,4000,complement
100001,-2.006018568401224,-1.3512160684019818,0.5108025000000093,0.14400000000000002,-2.0060185684019913,7.673861546209082e-13,4.87725,5.66125,12.0,12.0,22.0,-0.1545520667564124,0.08913884759342228,0.4967068389970809,0.5464046356755912,0.0,0.0,0.0,0.324,0.632555439676933,4000,correct
100001,4.716707019099553,5.654624519098888,0.7419174999999906,0.196,4.716707019098898,6.545874953189923e-13,6.64425,6.64675,14.0,14.0,20.0,-0.1519204428968951,0.09166681138286335,0.6496791982534341,0.39301442618161353,0.0,0.0,0.0,0.42025,0.632555439676933,4000,stationary
100001,7.934435940846499,8.367270940846765,0.3328349999999884,0.1,7.934435940846777,2.779998453661392e-13,3.699,4.597,10.0,10.0,24.0,-0.16209733209665864,0.09567161094269129,0.47186118896631524,0.4827139618377653,0.0,0.0,0.0,0.22925,0.632555439676933,4000,shuffled
100001,29.764272847284204,29.913475347283907,0.11320250000000397,0.036000000000000004,29.7642728472839,3.019806626980426e-13,1.45525,2.66825,6.0,6.0,28.0,-0.16150992912147194,0.09454855301325996,0.22490390760637818,0.4315287597614897,0.0,0.0,0.0,0.0315,0.632555439676933,4000,complement
100002,-41.559234356456734,-40.64191935645863,0.7483149999999812,0.169,-41.55923435645861,1.8758328224066645e-12,7.8445,7.8445,13.0,13.0,21.0,-0.12160559928463772,0.10193429829466287,0.7718476462089456,0.23630935959039767,0.0,0.0,0.0,0.1785,0.5728042179429199,4000,correct
100002,-48.074118298021126,-46.91645329802191,0.9326649999999984,0.225,-48.07411829802191,7.815970093361102e-13,8.604,8.604,15.0,15.0,21.0,-0.1337976457150653,0.07854825844335306,0.7812582445694134,0.2900862093722934,0.0,0.0,0.0,0.45625,0.5728042179429199,4000,stationary
100002,-47.53631929728106,-46.378654297281855,0.9326649999999984,0.225,-47.53631929728186,7.958078640513122e-13,8.604,8.604,15.0,15.0,21.0,-0.12068550785118715,0.08405608471892026,0.7098704061885365,0.35058893399515095,0.0,0.0,0.0,0.35375,0.5728042179429199,4000,shuffled
100002,72.99500627512722,73.22670377512594,0.2066974999999945,0.025,72.99500627512595,1.2789769243681803e-12,-3.43675,3.63575,-5.0,5.0,45.0,-0.21665806115791203,0.025330099120191674,-0.1955130883208476,0.20612543930072127,0.0,0.0,0.0,0.0,0.5728042179429199,4000,complement
100003,65.03804926739501,65.65604426739696,0.4739949999999917,0.14400000000000002,65.03804926739697,1.9610979506978765e-12,5.3465,5.5995,12.0,12.0,22.0,-0.15236833292944357,0.10201775461418691,0.6247619347940199,0.31701023975233267,0.0,0.0,0.0,0.1905,0.7010911084753166,4000,correct
100003,17.670271673720638,17.775431673719766,0.08016000000000274,0.025,17.670271673719764,8.739675649849232e-13,-0.214,2.3855,5.0,5.0,31.0,-0.20760046512447297,0.0765730546795812,0.2757844603089616,0.404726513069398,0.0,0.0,0.0,0.0185,0.7010911084753166,4000,stationary
100003,35.854583670475385,36.086096170476026,0.16751249999999784,0.064,35.854583670476025,6.394884621840902e-13,2.53775,3.08175,8.0,8.0,26.0,-0.1759669238324277,0.08758571864824354,0.46341308023547756,0.4319210472775146,0.0,0.0,0.0,0.19625,0.7010911084753166,4000,shuffled
100003,-285.7298833434133,-267.7970483433983,13.963835000000097,3.969,-285.72988334339834,1.4949819160392508e-11,-30.6095,30.6095,-63.0,63.0,101.0,-0.23682780295610428,0.03718441231870667,-0.6931973995128646,0.24430006407035165,0.0,0.0,0.16825,0.0,0.7010911084753166,4000,complement
100004,-62.69525807832517,-61.236668078325465,1.1695899999999948,0.289,-62.69525807832546,2.913225216616411e-13,9.819,9.819,17.0,17.0,19.0,-0.13867013378767296,0.07460554251469438,0.861306909239851,0.2189566291110501,0.0,0.0,0.0,0.526,0.9318456740434454,4000,correct
100004,-62.76273137067598,-61.304141370676234,1.1695899999999948,0.289,-62.76273137067623,2.4868995751603507e-13,9.819,9.819,17.0,17.0,19.0,-0.12712126501090826,0.07485357740053775,0.8177228601127863,0.25210919564833684,0.0,0.0,0.0,0.46,0.9318456740434454,4000,stationary
100004,-62.93815427755155,-61.479564277551844,1.1695899999999948,0.289,-62.93815427755184,2.913225216616411e-13,9.819,9.819,17.0,17.0,19.0,-0.13868684493098407,0.07449130639982722,0.8618962044874207,0.22441657110426072,0.0,0.0,0.0,0.54025,0.9318456740434454,4000,shuffled
100004,-40.407728474368916,-39.337855974369404,0.844872500000015,0.225,-40.40772847436942,5.044853423896711e-13,8.31575,8.31575,15.0,15.0,21.0,-0.08567756866430863,0.07761224378103453,0.5443560934672133,0.3678943011193002,0.0,0.0,0.0,0.06175,0.9318456740434454,4000,complement
100005,24.020429692427932,24.51227219242776,0.41084249999999767,0.081,24.02042969242776,1.7053025658242404e-13,5.98375,5.98375,9.0,9.0,19.0,-0.1390704431948252,0.08563244204337392,0.7205864284015261,0.23008359191818414,0.0,0.0,0.0,0.274,0.6687506056361391,4000,correct
100005,28.813140904221715,29.21044840422121,0.3333075000000003,0.064,28.81314090422121,5.044853423896711e-13,5.45025,5.45025,8.0,8.0,20.0,-0.15002654625754802,0.06657866602072146,0.7417411318160594,0.2602561234741139,0.0,0.0,0.0,0.1985,0.6687506056361391,4000,stationary
100005,24.287274799506527,24.77911729950631,0.41084249999999767,0.081,24.287274799506314,2.1316282072803006e-13,5.98375,5.98375,9.0,9.0,19.0,-0.1398038042522967,0.074430414687584,0.7029197976458817,0.3204611791944458,0.0,0.0,0.0,0.359,0.6687506056361391,4000,shuffled
100005,38.40408260421775,38.4372126042183,0.024129999999999867,0.009000000000000001,38.4040826042183,5.542233338928781e-13,1.1865,1.229,3.0,3.0,27.0,-0.16367316417442634,0.05387621235481317,0.19033783322479575,0.3565609646841446,0.0,0.0,0.0,0.0,0.6687506056361391,4000,complement
100006,72.2168479883201,75.52318298832142,2.681334999999909,0.625,72.21684798832152,1.4210854715202004e-12,14.3435,14.3435,25.0,25.0,27.0,-0.10653692353144288,0.0899054737460307,0.766429566251114,0.34867247872472906,0.0,0.0,0.0,0.443,0.5679254705577521,4000,correct
100006,71.9457697593696,75.25210475937092,2.681334999999909,0.625,71.94576975937102,1.4210854715202004e-12,14.3435,14.3435,25.0,25.0,27.0,-0.11979669915838168,0.08290117758287287,0.8218531748503447,0.3241937904952902,0.0,0.0,0.0,0.6285,0.5679254705577521,4000,stationary
100006,69.7460072229255,72.7257572229255,2.4037500000000085,0.5760000000000001,69.7460072229255,0.0,13.415,13.4935,24.0,24.0,28.0,-0.10923212886974215,0.09022063154061323,0.7446738684517331,0.39736256673247333,0.0,0.0,0.0,0.48275,0.5679254705577521,4000,shuffled
100006,70.9405277668215,73.67394276682217,2.204414999999944,0.529,70.94052776682223,7.247535904753022e-13,12.888,12.9795,23.0,23.0,29.0,-0.1002317180102691,0.08962766428189606,0.702382705675438,0.4339299726740756,0.0,0.0,0.0,0.451,0.5679254705577521,4000,complement
100007,22.476823623463492,23.270376123463393,0.5975524999999796,0.196,22.47682362346341,8.171241461241152e-14,7.03125,7.03125,14.0,14.0,20.0,-0.11402602619258687,0.09678972376492861,0.6685472014229744,0.25857342549500634,0.0,0.0,0.0,0.07725,0.39979368863502734,4000,correct
100007,22.575478510477573,23.53922351047686,0.7077449999999714,0.256,22.575478510476888,6.856737400084967e-13,7.3865,7.398,16.0,16.0,22.0,-0.14047074058558792,0.07737156105615604,0.7583156550819986,0.290793895280998,0.0,0.0,0.0,0.342,0.39979368863502734,4000,stationary
100007,16.26800886024752,16.42710136024766,0.09509249999999835,0.064,16.26800886024766,1.4210854715202004e-13,1.83025,2.31625,8.0,8.0,26.0,-0.16148217472573742,0.07997280012212706,0.26666924842307344,0.41021437490495977,0.0,0.0,0.0,0.04325,0.39979368863502734,4000,shuffled
100007,24.23386915590835,24.63096665590865,0.2530975000000004,0.14400000000000002,24.233869155908653,3.019806626980426e-13,3.68175,3.69325,12.0,12.0,28.0,-0.15992693876009434,0.058343553546272374,0.4497466835482046,0.5168106163131456,0.0,0.0,0.0,0.30175,0.39979368863502734,4000,complement
100008,51.2862695568827,51.636807056882844,0.20653749999999907,0.14400000000000002,51.28626955688285,1.4921397450962104e-13,2.61325,3.03675,12.0,12.0,38.0,-0.1611407908354886,0.09643982943697822,0.34894943484244867,0.39644056659353316,0.0,0.0,0.0,0.0815,0.4741864703478916,4000,correct
100008,64.54382193700515,66.63926443700439,1.566442499999951,0.529,64.54382193700444,7.105427357601002e-13,10.76525,10.76525,23.0,23.0,27.0,-0.12841005186736584,0.08010263891791343,0.7965371492477133,0.28456175799430555,0.0,0.0,0.0,0.48675,0.4741864703478916,4000,stationary
100008,58.860581987703995,59.640051987704055,0.5234700000000021,0.256,58.86058198770405,5.684341886080802e-14,5.708,5.708,16.0,16.0,34.0,-0.1355891854688525,0.08773907886879553,0.5295789036541246,0.4008177441907502,0.0,0.0,0.0,0.2155,0.4741864703478916,4000,shuffled
100008,66.63449595410194,68.59041095410294,1.4719149999999757,0.484,66.63449595410296,1.0231815394945443e-12,10.431,10.431,22.0,22.0,28.0,-0.11350643329368905,0.0781898232742978,0.6853421405497938,0.37161376158024706,0.0,0.0,0.0,0.4565,0.4741864703478916,4000,complement
100009,50.50162119915411,50.6364886991546,0.08586750000000026,0.049,50.5016211991546,4.902744876744691e-13,1.98775,2.44375,7.0,7.0,29.0,-0.16796274888841436,0.08374433365346018,0.3618393494472839,0.34950725709838415,0.0,0.0,0.0,0.07825,0.5275356341340987,4000,correct
100009,68.576385689443,68.96573318944218,0.2893474999999961,0.1,68.57638568944219,8.100187187665142e-13,4.53175,4.76625,10.0,10.0,24.0,-0.15993071051780133,0.07767321163057116,0.6520419085440226,0.34776474648401423,0.0,0.0,0.0,0.25025,0.5275356341340987,4000,stationary
100009,-35.91714740794323,-31.725484907944065,3.0356624999999733,1.156,-35.917147407944036,8.029132914089132e-13,-12.42575,12.47475,-34.0,34.0,74.0,-0.24218543418869376,0.0410088683687126,-0.38749185236403716,0.3502280142868692,0.0,0.0,0.0,0.0,0.5275356341340987,4000,shuffled
100009,-133.66210750267155,-123.70180250266458,7.4603050000000355,2.5,-133.6621075026646,6.934897101018578e-12,-21.013,21.013,-50.0,50.0,92.0,-0.25059401360154154,0.04306270306208282,-0.589480768606998,0.27956931770974996,0.0,0.0,0.0,0.0,0.5275356341340987,4000,complement
100010,12.497953171114283,14.316483171114442,1.4575299999999645,0.361,12.497953171114476,1.936228954946273e-13,10.3075,10.409,19.0,19.0,25.0,-0.13337473208736628,0.0842722922531536,0.7767700656591915,0.365504623511384,0.0,0.0,0.0,0.5935,0.8002050322740215,4000,correct
100010,14.282321539208901,16.093591539209,1.4502699999999653,0.361,14.282321539209034,1.3322676295501878e-13,10.27,10.27,19.0,19.0,25.0,-0.13115758286602794,0.08411696442457493,0.7765278861280531,0.32465949611527267,0.0,0.0,0.0,0.5425,0.8002050322740215,4000,stationary
100010,5.801496769492064,7.645791769492234,1.4832949999999618,0.361,5.801496769492273,2.0872192862952943e-13,10.548,10.548,19.0,19.0,23.0,-0.13133497518626974,0.08511738890350434,0.7952711552651599,0.3158632376268799,0.0,0.0,0.0,0.53375,0.8002050322740215,4000,shuffled
100010,6.598913769883949,7.684906269883641,0.8609924999999792,0.225,6.598913769883662,2.8688162956314045e-13,7.72775,7.91375,15.0,15.0,29.0,-0.10189280376536772,0.09159698369211763,0.5186035853903741,0.42525233723959677,0.0,0.0,0.0,0.143,0.8002050322740215,4000,complement
100011,10.205550887036605,11.274593387037157,0.9000424999999652,0.169,10.205550887037191,5.861977570020827e-13,8.74075,8.74075,13.0,13.0,21.0,-0.1058150804778561,0.10043712495840591,0.7519540997026488,0.25378210880058294,0.0,0.0,0.0,0.0775,0.4303982944926192,4000,correct
100011,22.29559436776033,23.505534367761356,0.9849400000000142,0.225,22.29559436776134,1.0089706847793423e-12,8.9815,8.9815,15.0,15.0,25.0,-0.1307039322243072,0.07701353337105135,0.8027386910850182,0.28770309132944705,0.0,0.0,0.0,0.47475,0.4303982944926192,4000,stationary
100011,49.98882821532686,50.36794821532794,0.29811999999999483,0.081,49.98882821532794,1.0800249583553523e-12,4.3935,4.651,9.0,9.0,29.0,-0.1384341805567965,0.08727574210068942,0.4721928264233284,0.43649272988512633,0.0,0.0,0.0,0.1505,0.4303982944926192,4000,shuffled
100011,31.800105668497967,32.6331756684981,0.6640699999999816,0.169,31.800105668498116,1.4921397450962104e-13,7.146,7.146,13.0,13.0,25.0,-0.129246296975296,0.059641729585234234,0.6058983364827,0.4809026035102808,0.0,0.0,0.0,0.456,0.4303982944926192,4000,complement
100012,88.44433175322727,89.91789175322788,1.1125599999999811,0.361,88.44433175322789,6.110667527536862e-13,8.9855,8.9855,19.0,19.0,21.0,-0.1382551503572613,0.09746006719292043,0.8171068990048952,0.26491480418657193,0.0,0.0,0.0,0.47575,0.8160585990500389,4000,correct
100012,88.35363589522558,89.82719589522617,1.1125599999999811,0.361,88.35363589522618,5.968558980384842e-13,8.9855,8.9855,19.0,19.0,21.0,-0.1354927465179935,0.08280175027850131,0.7592481949198991,0.3139334828161871,0.0,0.0,0.0,0.45725,0.8160585990500389,4000,stationary
100012,95.98034025036912,97.66254775036964,1.2822074999999915,0.4,95.98034025036964,5.115907697472721e-13,9.66775,9.66775,20.0,20.0,22.0,-0.13643840250745415,0.08614381110787207,0.7789423266076483,0.3166069893140381,0.0,0.0,0.0,0.50925,0.8160585990500389,4000,shuffled
100012,-422.49611150625753,-375.47820400625824,37.99290750000018,9.025,-422.4961115062584,8.526512829121202e-13,-52.07325,52.07325,-95.0,95.0,141.0,-0.23259067588672042,0.024542965740953177,-0.8279977859593928,0.2404344265552539,0.0,0.0,0.44475,0.0,0.8160585990500389,4000,complement
100013,65.67851925361443,67.58621425361389,1.5466949999999837,0.361,65.6785192536139,5.258016244624741e-13,11.3125,11.3125,19.0,19.0,23.0,-0.13262922424823045,0.07150454614314686,0.8565984476339072,0.25433018646512123,0.0,0.0,0.0,0.63425,0.9141628009608589,4000,correct
100013,65.06483531947838,66.96727031947785,1.5414349999999837,0.361,65.06483531947787,5.115907697472721e-13,11.252,11.252,19.0,19.0,25.0,-0.1226568316211924,0.07597298649522204,0.8317050543939695,0.2565240363473916,0.0,0.0,0.0,0.549,0.9141628009608589,4000,stationary
100013,66.22484840285293,68.39658590285399,1.7717374999999396,0.4,66.22484840285404,1.1084466677857563e-12,12.15725,12.15725,20.0,20.0,24.0,-0.12962650238675996,0.07440257270884111,0.8783100044392049,0.22249920338523108,0.0,0.0,0.0,0.65025,0.9141628009608589,4000,shuffled
100013,61.978715899251554,63.195073399251214,0.9603575000000037,0.256,61.97871589925121,3.410605131648481e-13,8.58775,8.58775,16.0,16.0,28.0,-0.08798697059601546,0.08764964027880784,0.5430010132431052,0.3961476035007914,0.0,0.0,0.0,0.06875,0.9141628009608589,4000,complement
100014,22.06671477632535,22.49889727632649,0.3111824999999949,0.121,22.066714776326496,1.1439738045737613e-12,3.52525,3.86725,11.0,11.0,27.0,-0.16758009743317961,0.07851751750853905,0.45136116463504733,0.5216939504537123,0.0,0.0,0.0,0.28675,0.6671160784089533,4000,correct
100014,28.24737220878372,28.68981470878498,0.32144249999999386,0.121,28.247372208784988,1.2683187833317788e-12,4.21375,4.22325,11.0,11.0,23.0,-0.16695918148104102,0.08257273861844437,0.5842122307317331,0.3473881619354865,0.0,0.0,0.0,0.2825,0.6671160784089533,4000,stationary
100014,25.616994014371958,25.926434014373854,0.2284399999999965,0.081,25.61699401437386,1.900701818158268e-12,3.41,3.542,9.0,9.0,25.0,-0.1658539305734448,0.08686323919860826,0.5011070340387523,0.4105832484807936,0.0,0.0,0.0,0.23325,0.6671160784089533,4000,shuffled
100014,30.959244121351194,31.01777912135225,0.042534999999999316,0.016,30.95924412135225,1.0551559626037488e-12,1.2595,1.62,4.0,4.0,26.0,-0.16131109483353795,0.08635829274261744,0.19761782860429958,0.29080441066142865,0.0,0.0,0.0,0.0,0.6671160784089533,4000,complement
100015,44.297353523883594,46.20353352388338,1.4221799999999716,0.484,44.29735352388341,1.8474111129762605e-13,10.0135,10.104,22.0,22.0,26.0,-0.14373073415644466,0.08577776907142082,0.8057022542967461,0.3089822498522571,0.0,0.0,0.0,0.5715,0.9203287825857546,4000,correct
100015,44.86709197154968,46.77327197154955,1.4221799999999716,0.484,44.86709197154958,9.947598300641403e-14,10.0135,10.104,22.0,22.0,26.0,-0.13272047489695252,0.08579225741140004,0.7672413606448099,0.35136012225501895,0.0,0.0,0.0,0.48675,0.9203287825857546,4000,stationary
100015,35.604762914251324,37.766295414249726,1.6325324999999535,0.529,35.60476291424977,1.5560885913146194e-12,10.96225,11.03475,23.0,23.0,25.0,-0.1391604809029959,0.08281372292428256,0.8276293058195151,0.29466126902279594,0.0,0.0,0.0,0.62575,0.9203287825857546,4000,shuffled
100015,-36.10840212246299,-13.083434622467394,17.840967499999994,5.184,-36.10840212246739,4.39825953435502e-12,-35.20175,35.20175,-72.0,72.0,126.0,-0.22324622133746744,0.034241527539448646,-0.8716633985750377,0.15608307297783436,0.0,0.0,0.25675,0.0,0.9203287825857546,4000,complement
100016,60.337779254794924,62.32209675479339,1.6233175000000297,0.361,60.33777925479337,1.5560885913146194e-12,10.67425,10.71175,19.0,19.0,23.0,-0.13491844725748525,0.09077259277652239,0.7595482796384022,0.3467681364685369,0.0,0.0,0.0,0.608,0.8038467470140375,4000,correct
100016,59.963336439014284,61.94765393901275,1.6233175000000297,0.361,59.96333643901273,1.5560885913146194e-12,10.67425,10.71175,19.0,19.0,23.0,-0.13200661175558343,0.0874981062342106,0.7594303043643013,0.35030534280315634,0.0,0.0,0.0,0.5425,0.8038467470140375,4000,stationary
100016,57.28938680061127,59.032944300611916,1.419557499999976,0.324,57.28938680061194,6.750155989720952e-13,9.70525,9.99125,18.0,18.0,24.0,-0.13964957262109964,0.09241323337793134,0.7308944824947976,0.38650483832209215,0.0,0.0,0.0,0.48875,0.8038467470140375,4000,shuffled
100016,51.89130823284471,52.064488232845065,0.13718000000000527,0.036000000000000004,51.891308232845056,3.481659405224491e-13,1.5035,2.998,6.0,6.0,38.0,-0.14841457824083046,0.0873662997727588,0.11936689510010183,0.47772131851441396,0.0,0.0,0.0,0.0675,0.8038467470140375,4000,complement
100017,43.33062690746368,45.99043440746618,2.1308074999999507,0.529,43.330626907466225,2.5437429940211587e-12,13.24275,13.26425,23.0,23.0,27.0,-0.12546005428535864,0.07144613407712816,0.8950624356078916,0.215591664323628,0.0,0.0,0.0,0.6395,0.899728510678988,4000,correct
100017,16.986386550411986,20.115914050421907,2.55352749999998,0.5760000000000001,16.986386550421926,9.940492873283802e-12,14.90525,14.90525,24.0,24.0,24.0,-0.10923446987755597,0.06530383788686225,0.9084106051377021,0.1797704603344473,0.0,0.0,0.0,0.6285,0.899728510678988,4000,stationary
100017,16.63974012230377,19.76926762231369,2.55352749999998,0.5760000000000001,16.63974012231371,9.940492873283802e-12,14.90525,14.90525,24.0,24.0,24.0,-0.118897909370251,0.06583591846110567,0.9266458452120423,0.16447461811274333,0.0,0.0,0.0,0.69275,0.899728510678988,4000,shuffled
100017,14.239032240484189,14.932487240481123,0.5244549999999976,0.169,14.239032240481125,3.064215547965432e-12,6.4015,6.423,13.0,13.0,31.0,-0.10017264054622502,0.07503282856656736,0.4593847681954503,0.33288143753060323,0.0,0.0,0.0,0.05675,0.899728510678988,4000,complement
100018,-78.75177280237997,-73.21328530237679,4.242487499999972,1.296,-78.75177280237676,3.211653165635653e-12,-16.16325,16.16325,-36.0,36.0,72.0,-0.24652769815921782,0.034244392731617584,-0.5350256875995547,0.3035408428045134,0.0,0.0,0.0,0.0,0.472930638264479,4000,correct
100018,64.8338843440331,65.3256893440323,0.34780499999999454,0.14400000000000002,64.8338843440323,7.958078640513122e-13,4.6115,4.826,12.0,12.0,24.0,-0.1615800799075514,0.08376521994411087,0.626394115710631,0.3790961731204334,0.0,0.0,0.0,0.25025,0.472930638264479,4000,stationary
100018,51.98208430869504,52.04171430869667,0.03463000000000053,0.025,51.98208430869667,1.6271428648906294e-12,0.3625,1.453,5.0,5.0,31.0,-0.1809666407252662,0.07468288829275116,0.18489701912552117,0.4075179931213619,0.0,0.0,0.0,0.01775,0.472930638264479,4000,shuffled
100018,46.65695041823055,46.68486291823319,0.018912500000000807,0.009000000000000001,46.656950418233194,2.6432189770275727e-12,-0.75625,1.09775,3.0,3.0,31.0,-0.19782726774225012,0.07392351287082806,0.1054263456040062,0.30758426143673306,0.0,0.0,0.0,0.0,0.472930638264479,4000,complement
100019,-94.2216852834891,-93.6803327834889,0.39735249999999295,0.14400000000000002,-94.2216852834889,1.9895196601282805e-13,4.40025,4.67175,12.0,12.0,24.0,-0.16403957045730203,0.08000810853963757,0.5249184450036846,0.49904521287796555,0.0,0.0,0.0,0.35325,0.7252663076381208,4000,correct
100019,-126.85745339514149,-126.05684839513924,0.6046050000000014,0.196,-126.85745339513925,2.2453150450019166e-12,6.0875,6.229,14.0,14.0,22.0,-0.15395011900318786,0.08698935231765663,0.6488613545768894,0.3551347963652076,0.0,0.0,0.0,0.40575,0.7252663076381208,4000,stationary
100019,-145.2915155352416,-144.34323803523876,0.7232775000000055,0.225,-145.29151553523874,2.8421709430404007e-12,6.67075,6.81225,15.0,15.0,23.0,-0.1480735672726296,0.09313198920859914,0.6460217948402278,0.38793545563735676,0.0,0.0,0.0,0.35025,0.7252663076381208,4000,shuffled
100019,238.77062737014495,240.7550323701421,1.2554050000000083,0.729,238.77062737014208,2.8705926524708048e-12,-8.527,8.581,-27.0,27.0,67.0,-0.22175914330035448,0.04612940573725467,-0.5201940084542148,0.3332973469564246,0.0,0.0,0.0,0.0,0.7252663076381208,4000,complement
100020,56.42108341117766,57.825513411176644,1.080429999999999,0.324,56.421083411176646,1.0160761121369433e-12,8.5455,8.6175,18.0,18.0,28.0,-0.13327452578675003,0.08087856733029454,0.639849907479249,0.43642394634477927,0.0,0.0,0.0,0.41525,0.6578341154968775,4000,correct
100020,67.19845056212881,68.98706556212665,1.4276149999999683,0.361,67.19845056212667,2.1458390619955026e-12,10.3115,10.3115,19.0,19.0,25.0,-0.13039120975974947,0.08314192684329286,0.7802820228850469,0.3100355001886647,0.0,0.0,0.0,0.522,0.6578341154968775,4000,stationary
100020,56.56734148502238,57.91005898502044,1.0537174999999999,0.289,56.56734148502044,1.9397816686250735e-12,8.46625,8.53825,17.0,17.0,27.0,-0.13272669443255292,0.09274690228158497,0.6808682904853486,0.3995414934170824,0.0,0.0,0.0,0.39875,0.6578341154968775,4000,shuffled
100020,54.220390039949564,55.1664250399499,0.7500350000000057,0.196,54.2203900399499,3.339550858072471e-13,7.384,7.384,14.0,14.0,24.0,-0.11232812629360706,0.10047636141773753,0.6037748605599627,0.3938610331201775,0.0,0.0,0.0,0.15575,0.6578341154968775,4000,complement
100021,187.942507084129,189.35169708413173,1.184189999999997,0.225,187.94250708413173,2.7284841053187847e-12,9.4425,9.4425,15.0,15.0,25.0,-0.1430318082468584,0.07945427683626127,0.808831728334073,0.27912532586797967,0.0,0.0,0.0,0.5325,0.9080381152160393,4000,correct
100021,168.00445571141742,169.27599571141832,1.0755400000000075,0.196,168.0044557114183,8.810729923425242e-13,9.172,9.172,14.0,14.0,22.0,-0.13204201771551743,0.0793248307970636,0.7856845474615693,0.2893805917370599,0.0,0.0,0.0,0.4775,0.9080381152160393,4000,stationary
100021,194.36042315714042,195.76102065714326,1.1755974999999965,0.225,194.36042315714326,2.8421709430404007e-12,9.25325,9.29475,15.0,15.0,27.0,-0.144950846393127,0.08392597059658231,0.7971929754484445,0.2929260683282,0.0,0.0,0.0,0.54575,0.9080381152160393,4000,shuffled
100021,128.64832836911748,129.2122683691133,0.48293999999997517,0.081,128.64832836911333,4.149569576838985e-12,5.942,6.0025,9.0,9.0,25.0,-0.1029971544118598,0.08486417032111081,0.4266337480954826,0.41546380268514393,0.0,0.0,0.0,0.01825,0.9080381152160393,4000,complement
100022,-98.48523582865269,-97.95231582865267,0.3369199999999967,0.196,-98.48523582865266,2.842170943040401e-14,4.1455,4.1455,14.0,14.0,26.0,-0.16353890848997982,0.07422237612301168,0.5036926935100928,0.4472001500421308,0.0,0.0,0.0,0.304,0.6884685956442845,4000,correct
100022,-148.12612489453326,-147.2993073945329,0.5708175000000038,0.256,-148.1261248945329,3.694822225952521e-13,5.79725,5.79725,16.0,16.0,24.0,-0.1562761232033372,0.08666950849837582,0.6387483498007059,0.3558169082484618,0.0,0.0,0.0,0.311,0.6884685956442845,4000,stationary
100022,-39.343691144522246,-39.05143364452215,0.17125749999999834,0.121,-39.34369114452215,9.947598300641403e-14,1.52975,2.92525,11.0,11.0,33.0,-0.1868053393708542,0.08945911092978844,0.35548809010675175,0.452816343112567,0.0,0.0,0.0,0.151,0.6884685956442845,4000,shuffled
100022,622.8286040393411,631.0907465393393,6.237142499999941,2.025,622.8286040393394,1.7053025658242404e-12,-19.24025,19.24025,-45.0,45.0,95.0,-0.23616692081466317,0.051164229006897606,-0.6541670562536456,0.27733249592111253,0.0,0.0,0.00325,0.0,0.6884685956442845,4000,complement
100023,74.41197838379354,74.93060588379126,0.37462750000000133,0.14400000000000002,74.41197838379125,2.2879476091475226e-12,4.48025,4.73675,12.0,12.0,30.0,-0.15767838766332715,0.10573037165978603,0.5992427945490927,0.3561706182621851,0.0,0.0,0.0,0.1375,0.6740998734169551,4000,correct
100023,78.59213019681434,79.2839001968166,0.49576999999999355,0.196,78.59213019681661,2.2737367544323206e-12,5.032,5.363,14.0,14.0,28.0,-0.1622576005249284,0.0907939407433297,0.5903615015470423,0.4046322675500591,0.0,0.0,0.0,0.333,0.6740998734169551,4000,stationary
100023,12.496117004180762,12.839254504180076,0.3181374999999932,0.025,12.496117004180082,6.803446694902959e-13,-5.11725,5.11725,-5.0,5.0,49.0,-0.24597949943505226,0.04788395218125661,-0.1958768382561393,0.27957335539969963,0.0,0.0,0.0,0.0,0.6740998734169551,4000,shuffled
100023,-291.27445455716725,-265.1392270571587,21.094227499999885,5.041,-291.27445455715855,8.697043085703626e-12,-38.21775,38.21775,-71.0,71.0,119.0,-0.24126153550297022,0.028151036939295562,-0.7141654209820554,0.28607795696134847,0.0,0.0,0.2685,0.0,0.6740998734169551,4000,complement
100024,209.4299352985337,211.5866902985333,1.832754999999971,0.324,209.42993529853334,3.694822225952521e-13,12.717,12.717,18.0,18.0,20.0,-0.1204808337111026,0.06832790124875042,0.8830061341500841,0.2207388260327077,0.0,0.0,0.0,0.62725,0.8431899148151072,4000,correct
100024,209.48810156402138,211.64485656402098,1.832754999999971,0.324,209.488101564021,3.694822225952521e-13,12.717,12.717,18.0,18.0,20.0,-0.11454368875734508,0.06919211642479178,0.8816108702379278,0.21177061114880052,0.0,0.0,0.0,0.58925,0.8431899148151072,4000,stationary
100024,209.2393209558442,211.3960759558438,1.832754999999971,0.324,209.23932095584382,3.694822225952521e-13,12.717,12.717,18.0,18.0,20.0,-0.12028649797709659,0.0715005806411811,0.8896629096530377,0.20784400528840255,0.0,0.0,0.0,0.651,0.8431899148151072,4000,shuffled
100024,199.1382919879686,201.01614198797188,1.5888499999999757,0.289,199.1382919879719,3.296918293926865e-12,11.734,11.734,17.0,17.0,21.0,-0.07638267881749197,0.07948100725582762,0.6938835905534215,0.3339564987777994,0.0,0.0,0.0,0.233,0.8431899148151072,4000,complement
100025,25.445891639403833,27.399724139405862,1.5128324999999831,0.441,25.44589163940588,2.0463630789890885e-12,10.08825,10.08825,21.0,21.0,27.0,-0.13424667678168042,0.09895378341426522,0.753099837097805,0.28849785390594196,0.0,0.0,0.0,0.41275,0.7433325630290575,4000,correct
100025,23.617335581846056,25.140418081846974,1.1620824999999597,0.361,23.617335581847012,9.556799795973347e-13,8.73775,8.73775,19.0,19.0,29.0,-0.1410825403816998,0.08781065623108393,0.7129934571422637,0.33719124183535026,0.0,0.0,0.0,0.43075,0.7433325630290575,4000,stationary
100025,26.29512262394033,27.441885123939528,0.8577624999999953,0.289,26.29512262393953,7.993605777301127e-13,7.18075,7.20725,17.0,17.0,29.0,-0.14802284603612498,0.09373322652075682,0.6535317359184847,0.3900899431891807,0.0,0.0,0.0,0.366,0.7433325630290575,4000,shuffled
100025,97.81802199739134,114.7234969973897,12.144474999999916,4.761,97.81802199738979,1.5489831639570184e-12,-27.0545,27.0815,-69.0,69.0,129.0,-0.2331817567013204,0.03704087796845176,-0.7078627147488296,0.22289475637921954,0.0,0.0,0.12525,0.0,0.7433325630290575,4000,complement
100026,-162.7853997505909,-160.29495725059178,1.9144424999999652,0.5760000000000001,-162.78539975059175,8.526512829121202e-13,11.89725,11.89725,24.0,24.0,28.0,-0.11822809935454279,0.09683228587579859,0.7937093623965047,0.24309556768651666,0.0,0.0,0.0,0.29275,0.6535448697854871,4000,correct
100026,-162.88649065864143,-160.39604815864232,1.9144424999999652,0.5760000000000001,-162.8864906586423,8.526512829121202e-13,11.89725,11.89725,24.0,24.0,28.0,-0.1262143384483643,0.08263612947886843,0.7984728831779212,0.3027194022614215,0.0,0.0,0.0,0.58925,0.6535448697854871,4000,stationary
100026,-177.42711444593627,-174.78102944593775,2.021084999999965,0.625,-177.42711444593772,1.4495071809506044e-12,12.064,12.064,25.0,25.0,31.0,-0.11957103151828051,0.08924684574750626,0.7493804452768527,0.3539926479394392,0.0,0.0,0.0,0.4815,0.6535448697854871,4000,shuffled
100026,-155.30496404843544,-153.43813654843393,1.3828274999999757,0.484,-155.3049640484339,1.5347723092418164e-12,9.53575,9.53575,22.0,22.0,32.0,-0.10896493637934328,0.08337852506608666,0.5625525686340407,0.523553921754979,0.0,0.0,0.0,0.473,0.6535448697854871,4000,complement
100027,-86.02176596592005,-84.27231096592004,1.4254549999999506,0.324,-86.02176596592,5.684341886080802e-14,11.123,11.123,18.0,18.0,20.0,-0.10524051416106522,0.05645346510677349,0.7175737707950175,0.3361922363016759,0.0,0.0,0.0,0.503,0.532891790106961,4000,correct
100027,-103.79918901256949,-101.68351401256928,1.7546749999999962,0.361,-103.79918901256927,2.1316282072803006e-13,12.236,12.236,19.0,19.0,19.0,-0.11727526691183447,0.07186038657690637,0.8672456514891237,0.24035307526419486,0.0,0.0,0.0,0.5425,0.532891790106961,4000,stationary
100027,-68.9316035470708,-67.5426185470717,1.1329849999999813,0.256,-68.93160354707167,8.810729923425242e-13,9.9865,9.9865,16.0,16.0,22.0,-0.10721773762209341,0.07650953756575089,0.7731377464639955,0.30265153423675556,0.0,0.0,0.0,0.40375,0.532891790106961,4000,shuffled
100027,-84.75940162038687,-83.02196162038763,1.4484399999999529,0.289,-84.75940162038758,7.105427357601002e-13,11.235,11.235,17.0,17.0,19.0,-0.0974152786526829,0.09469146674411082,0.8334956999318675,0.2626576440818293,0.0,0.0,0.0,0.35225,0.532891790106961,4000,complement
100028,74.10449529962652,75.10968529962861,0.7491899999999894,0.256,74.10449529962862,2.1032064978498966e-12,6.9295,7.02,16.0,16.0,20.0,-0.14405987523589284,0.08944028233446216,0.633209869142156,0.34596379941136074,0.0,0.0,0.0,0.37475,0.7016239014784371,4000,correct
100028,96.62399901198363,98.01269901198475,1.0646999999999807,0.324,96.62399901198476,1.1368683772161603e-12,8.8615,8.8615,18.0,18.0,18.0,-0.13552407444594428,0.08134264428783466,0.7664865588592366,0.30012361252731456,0.0,0.0,0.0,0.42025,0.7016239014784371,4000,stationary
100028,90.66948005826362,91.86899755826403,0.910517499999985,0.289,90.66948005826404,4.263256414560601e-13,8.17075,8.17075,17.0,17.0,19.0,-0.13422550565144048,0.08490754648229629,0.7252161970213056,0.3390522293791672,0.0,0.0,0.0,0.41575,0.7016239014784371,4000,shuffled
100028,71.0304150489927,71.77300754899261,0.5465925000000026,0.196,71.03041504899261,8.526512829121202e-14,6.08325,6.09575,14.0,14.0,20.0,-0.11827560283569619,0.09067737200950876,0.5183431719755753,0.4608239372282287,0.0,0.0,0.0,0.08675,0.7016239014784371,4000,complement
100029,59.51748827788964,60.919258277891686,1.112770000000035,0.289,59.51748827789165,2.0108359422010835e-12,9.3115,9.3255,17.0,17.0,21.0,-0.13914581580646337,0.0867719967920508,0.820951719480101,0.27894352705062697,0.0,0.0,0.0,0.54725,0.8733013164710739,4000,correct
100029,59.496076739765556,60.8978467397676,1.112770000000035,0.289,59.49607673976757,2.0108359422010835e-12,9.3115,9.3255,17.0,17.0,21.0,-0.1315304241566919,0.08216981416127092,0.7839105033883825,0.32872741357294183,0.0,0.0,0.0,0.51475,0.8733013164710739,4000,stationary
100029,59.52856246326107,60.930332463263085,1.112770000000035,0.289,59.52856246326305,1.9824142327706795e-12,9.3115,9.3255,17.0,17.0,21.0,-0.13933940944215284,0.08290924160263301,0.8080438769608737,0.31128533166382344,0.0,0.0,0.0,0.56975,0.8733013164710739,4000,shuffled
100029,-29.7083483685169,-19.792628368518308,7.706719999999974,2.209,-29.708348368518283,1.3820056210533949e-12,-22.3705,22.3705,-47.0,47.0,95.0,-0.22291799801215528,0.03128115947187483,-0.7825800498612225,0.1920955722731048,0.0,0.0,0.1235,0.0,0.8733013164710739,4000,complement
100030,-194.9114686934212,-192.98856619342314,1.5619024999999949,0.361,-194.91146869342313,1.9326762412674725e-12,11.12725,11.12725,19.0,19.0,23.0,-0.11546223641419784,0.0668265392771175,0.7249916556640528,0.4195332273210534,0.0,0.0,0.0,0.54375,0.6154902626116826,4000,correct
100030,-222.9078775863609,-220.59048258636108,1.9173949999999402,0.4,-222.90787758636102,1.1368683772161603e-13,12.554,12.554,20.0,20.0,24.0,-0.119223381891381,0.07607139997611925,0.845147079396993,0.25827084993700816,0.0,0.0,0.0,0.61475,0.6154902626116826,4000,stationary
100030,-195.67451896335277,-193.75373396335476,1.5597849999999949,0.361,-195.67451896335476,1.9895196601282805e-12,11.08,11.0835,19.0,19.0,23.0,-0.11532227160548791,0.08416454569934635,0.7609463289361447,0.3317040568114236,0.0,0.0,0.0,0.47325,0.6154902626116826,4000,shuffled
100030,-238.33440241163328,-235.81061241162934,2.123789999999894,0.4,-238.33440241162924,4.035882739117369e-12,13.3775,13.3775,20.0,20.0,22.0,-0.08921104008052498,0.09379819586628313,0.8016903903428465,0.20805817387645734,0.0,0.0,0.0,0.31825,0.6154902626116826,4000,complement
100031,140.74053066478012,142.1665131647792,1.2569825000000348,0.169,140.74053066477916,9.663381206337363e-13,10.61875,10.61875,13.0,13.0,21.0,-0.10825260695628822,0.08382817297354925,0.8261108752354048,0.24158053410518077,0.0,0.0,0.0,0.44875,0.5957452210986438,4000,correct
100031,154.7479557692244,156.43001076922496,1.4570549999999995,0.225,154.74795576922497,5.684341886080801e-13,11.359,11.359,15.0,15.0,21.0,-0.11836995719559491,0.07049458628057746,0.8687866737730802,0.23652537310365185,0.0,0.0,0.0,0.6285,0.5957452210986438,4000,stationary
100031,149.08662809374283,150.18311059374378,0.927482499999978,0.169,149.0866280937438,9.663381206337363e-13,8.79025,8.79025,13.0,13.0,23.0,-0.11920023546507583,0.08198314695765085,0.7389348111273721,0.3390740883048247,0.0,0.0,0.0,0.39225,0.5957452210986438,4000,shuffled
100031,136.8238508471834,137.65127584718448,0.7064249999999829,0.121,136.82385084718447,1.0800249583553523e-12,7.6275,7.6275,11.0,11.0,23.0,-0.11204652962088585,0.07475885395499779,0.6135377161703073,0.4058656296117494,0.0,0.0,0.0,0.26575,0.5957452210986438,4000,complement
100032,30.32168082191392,31.093505821915414,0.6028249999999922,0.169,30.32168082191542,1.5027978861326119e-12,7.067,7.095,13.0,13.0,19.0,-0.15334911670256407,0.07232301759293375,0.8288082278105431,0.24073634953838338,0.0,0.0,0.0,0.45525,0.9550958286656753,4000,correct
100032,33.1189491494887,33.73398414948906,0.47103499999999116,0.14400000000000002,33.11894914948907,3.694822225952521e-13,6.0965,6.1245,12.0,12.0,20.0,-0.14762617086526006,0.07581797411359788,0.7248980814306997,0.2971539594673466,0.0,0.0,0.0,0.335,0.9550958286656753,4000,stationary
100032,29.009485185568227,30.156762685568538,0.9222774999999777,0.225,29.009485185568558,3.304023721284466e-13,8.99625,8.99625,15.0,15.0,19.0,-0.1409798901313916,0.0689839287299821,0.8845875615393743,0.19448286385861432,0.0,0.0,0.0,0.55325,0.9550958286656753,4000,shuffled
100032,-17.147286113242387,12.596768886754944,22.348054999999608,7.396,-17.147286113244665,2.277289468111121e-12,-36.7075,36.7075,-86.0,86.0,122.0,-0.21531268941238524,0.027206146391232984,-0.8097960313241929,0.21839469461542516,0.0,0.0,0.24375,0.0,0.9550958286656753,4000,complement
100033,6.044114158857539,6.4703616588560635,0.3052474999999859,0.121,6.044114158856077,1.4619416788264061e-12,4.84275,4.84275,11.0,11.0,17.0,-0.15751812397362663,0.08348604058335941,0.6696505967951379,0.25144359384099857,0.0,0.0,0.0,0.23025,0.7763258694797538,4000,correct
100033,3.529997784798779,3.8479177847978008,0.21791999999999861,0.1,3.529997784797802,9.769962616701378e-13,3.89,3.9065,10.0,10.0,18.0,-0.16635495957080274,0.07445191828734449,0.6116634652018547,0.3112589276007784,0.0,0.0,0.0,0.18725,0.7763258694797538,4000,stationary
100033,6.098975466001718,6.5252229660002286,0.3052474999999859,0.121,6.098975466000242,1.4761525335416081e-12,4.84275,4.84275,11.0,11.0,17.0,-0.1578723398791626,0.07738611098807008,0.6737751151295379,0.3263130172479351,0.0,0.0,0.0,0.21125,0.7763258694797538,4000,shuffled
100033,10.791845371524081,41.751547871521325,24.55970250000042,6.4,10.791845371520905,3.176126028847648e-12,-41.41725,41.41725,-80.0,80.0,114.0,-0.23275943883508443,0.03623166941585489,-0.7625953127890825,0.2273247678562732,0.0,0.0,0.28975,0.0,0.7763258694797538,4000,complement
100034,24.749592370603597,25.883327370605002,0.9087349999999936,0.225,24.749592370605008,1.4104273304837989e-12,7.9325,7.9735,15.0,15.0,25.0,-0.14162570142466574,0.07266925029170157,0.6716610092534684,0.4328143420034108,0.0,0.0,0.0,0.5165,0.7514452821704382,4000,correct
100034,20.107023318625316,21.257855818626467,0.925832499999992,0.225,20.107023318626474,1.1581846592889633e-12,8.19825,8.23925,15.0,15.0,23.0,-0.1388257158161141,0.08234389006603655,0.7472437124988064,0.3135541687287033,0.0,0.0,0.0,0.47025,0.7514452821704382,4000,stationary
100034,20.09139462313734,21.24222712313849,0.925832499999992,0.225,20.0913946231385,1.1581846592889633e-12,8.19825,8.23925,15.0,15.0,23.0,-0.13799555023154245,0.08604777610543932,0.7372152621140704,0.33328949565198396,0.0,0.0,0.0,0.43,0.7514452821704382,4000,shuffled
100034,22.655995408904687,23.496987908904657,0.6719924999999924,0.169,22.655995408904666,2.1316282072803006e-14,7.01475,7.05575,13.0,13.0,23.0,-0.10747358607314526,0.09786861925298758,0.5633127022748813,0.3443723060853913,0.0,0.0,0.0,0.041,0.7514452821704382,4000,complement
100035,116.26019450618762,118.01362200618769,1.3124274999999759,0.441,116.26019450618772,9.947598300641403e-14,9.50725,9.50725,21.0,21.0,29.0,-0.13557787911174818,0.07344338137742283,0.6891948332451284,0.43450456958459377,0.0,0.0,0.0,0.53925,0.7481263267497544,4000,correct
100035,112.50494283451181,114.31746783451194,1.3715249999999797,0.441,112.50494283451197,1.5631940186722204e-13,9.9665,9.9665,21.0,21.0,27.0,-0.13223417698126286,0.08389386366946174,0.7719837064845487,0.3226018970117353,0.0,0.0,0.0,0.4865,0.7481263267497544,4000,stationary
100035,113.63123174730137,115.38438924730144,1.3121574999999759,0.441,113.63123174730147,9.947598300641403e-14,9.48025,9.48025,21.0,21.0,27.0,-0.13503862232714892,0.0903287518366124,0.7369739903910085,0.36154999723618636,0.0,0.0,0.0,0.44775,0.7481263267497544,4000,shuffled
100035,96.02308907570183,97.34049907570238,0.993410000000001,0.324,96.02308907570239,5.542233338928781e-13,8.644,8.644,18.0,18.0,26.0,-0.09869840790564194,0.0997534006852976,0.6303032086370512,0.36637838051974725,0.0,0.0,0.0,0.096,0.7481263267497544,4000,complement
100036,35.507089471804136,35.90737197180397,0.2042824999999972,0.196,35.50708947180397,1.6342482922482304e-13,-2.49225,2.89375,-14.0,14.0,34.0,-0.21097587342560292,0.05822926058240677,-0.037287843166384844,0.379808972658212,0.0,0.0,0.0,0.0,0.5297427824871479,4000,correct
100036,17.635137200939685,17.648264700940373,0.012127500000000423,0.001,17.63513720094037,6.856737400084967e-13,-0.27625,0.85575,1.0,1.0,23.0,-0.21082162567973137,0.05594145254602945,0.27564027887629344,0.22081481830029034,0.0,0.0,0.0,0.0,0.5297427824871479,4000,stationary
100036,29.10705798095785,37.46005048095685,6.236992499999937,2.116,29.107057980956917,9.343636975245317e-13,-20.31775,20.35475,-46.0,46.0,78.0,-0.25440330170467496,0.043930091440127605,-0.5630115233948454,0.31321158201881044,0.0,0.0,0.02375,0.0,0.5297427824871479,4000,shuffled
100036,-15.800646167524526,-0.12290616752125061,12.973739999999873,2.704,-15.800646167521124,3.4017233474514796e-12,-30.619,30.7135,-52.0,52.0,82.0,-0.2503189170472324,0.026186662709560517,-0.6001661242377013,0.2608815118928681,0.0,0.0,0.21725,0.0,0.5297427824871479,4000,complement
100037,-43.99291957296225,-37.4285495729614,5.268369999999932,1.296,-43.992919572961334,9.166001291305292e-13,-19.7715,19.7715,-36.0,36.0,86.0,-0.26404974235594275,0.04320688341390168,-0.4938002471965738,0.3270975066922412,0.0,0.0,0.07525,0.0,0.6587348255489087,4000,correct
100037,33.21278092113771,33.47723342113693,0.24845250000000313,0.016,33.212780921136925,7.815970093361102e-13,-3.25175,4.09725,4.0,4.0,40.0,-0.23293485530279576,0.07098627881776678,0.010975096867419779,0.41947755467979103,0.0,0.0,0.0,0.0,0.6587348255489087,4000,stationary
100037,-75.41283329206338,-66.48198079206486,6.814852499999965,2.116,-75.41283329206483,1.4495071809506044e-12,-21.15525,21.15525,-46.0,46.0,94.0,-0.26374159075692294,0.04157474467560132,-0.4819056914979592,0.3155199977951672,0.0,0.0,0.05625,0.0,0.6587348255489087,4000,shuffled
100037,-260.865185126747,-224.33574512674932,28.608439999999955,7.921,-260.8651851267493,2.2737367544323206e-12,-44.4025,44.4025,-89.0,89.0,133.0,-0.2457856047973037,0.04547573448804011,-0.7749593417234719,0.2516154739852211,0.0,0.0,0.262,0.0,0.6587348255489087,4000,complement
100038,-72.39435367537239,-71.81214117537183,0.5012124999999913,0.081,-72.39435367537183,5.542233338928781e-13,6.51275,6.51275,9.0,9.0,17.0,-0.1513921918803826,0.07354512673772648,0.805256717457436,0.2780111778470636,0.0,0.0,0.0,0.4665,0.8887645466743955,4000,correct
100038,-31.290722361466962,-31.084377361468796,0.17034500000000247,0.036000000000000004,-31.2907223614688,1.836752971939859e-12,3.2625,3.679,6.0,6.0,22.0,-0.17115156320203095,0.07534322921749859,0.5839735351917333,0.36079891094212424,0.0,0.0,0.0,0.143,0.8887645466743955,4000,stationary
100038,-74.18341300983924,-73.59004300983861,0.512369999999992,0.081,-74.1834130098386,6.394884621840902e-13,6.5905,6.5905,9.0,9.0,17.0,-0.15085074912244453,0.07294117123399602,0.8078384075239301,0.2888428213042346,0.0,0.0,0.0,0.486,0.8887645466743955,4000,shuffled
100038,800.5011310963845,829.0194185963828,21.794287500000028,6.724,800.5011310963828,1.7053025658242404e-12,-38.07875,38.07875,-82.0,82.0,114.0,-0.2249148481413722,0.035441490865374056,-0.8416307335859164,0.17807294414375655,0.0,0.0,0.2195,0.0,0.8887645466743955,4000,complement
100039,111.17767039830007,112.83695539829932,1.2982849999999881,0.361,111.17767039829933,7.389644451905042e-13,9.7565,9.7565,19.0,19.0,23.0,-0.14387292511109262,0.07852371692856945,0.8169894386585802,0.25938447899163886,0.0,0.0,0.0,0.55925,0.9302630704784237,4000,correct
100039,103.65035905896133,104.70683905896226,0.8004799999999956,0.256,103.65035905896227,9.379164112033322e-13,7.0415,7.052,16.0,16.0,26.0,-0.14912022186582907,0.08724587790626541,0.6769699948402121,0.3476619426024967,0.0,0.0,0.0,0.34225,0.9302630704784237,4000,stationary
100039,111.20906881386556,112.86835381386481,1.2982849999999881,0.361,111.20906881386482,7.389644451905042e-13,9.7565,9.7565,19.0,19.0,23.0,-0.1437522527053952,0.08037620477121975,0.8253709922311827,0.25222770111070064,0.0,0.0,0.0,0.54775,0.9302630704784237,4000,shuffled
100039,-480.0542339053118,-444.9988964053118,26.030337499999856,9.025,-480.05423390531166,1.1368683772161603e-13,-40.65525,40.67825,-95.0,95.0,141.0,-0.21934061337634922,0.033221819019188616,-0.8344102945332416,0.22401909622897256,0.0,0.0,0.274,0.0,0.9302630704784237,4000,complement
100040,-0.031930199460964204,2.0779823005391336,1.5809124999999538,0.529,-0.03193019946082021,1.439959262938828e-13,10.02375,10.12425,23.0,23.0,33.0,-0.1268322832756676,0.10078315688008704,0.6964078677771613,0.46730205210764186,0.0,0.0,0.0,0.44325,0.6121223159206185,4000,correct
100040,-20.516373195888058,-17.1094406958905,2.5659324999999478,0.841,-20.51637319589045,2.390976305832737e-12,13.41125,13.42325,29.0,29.0,31.0,-0.12526126434234902,0.08441955878811569,0.7962582228155807,0.31638292700153353,0.0,0.0,0.0,0.5425,0.6121223159206185,4000,stationary
100040,-15.604106252212775,-12.927398752212412,2.00070749999997,0.676,-15.604106252212382,3.9257486150745535e-13,11.90475,11.91675,26.0,26.0,30.0,-0.11714538592938334,0.09008667490081562,0.7409856262905523,0.35685302613417214,0.0,0.0,0.0,0.46125,0.6121223159206185,4000,shuffled
100040,-13.223250265074798,-10.354702765074308,2.1395474999999564,0.729,-13.223250265074263,5.346834086594754e-13,12.40875,12.40875,27.0,27.0,31.0,-0.09968728569429368,0.08273292616774612,0.665676382380072,0.3382462789020964,0.0,0.0,0.0,0.29075,0.6121223159206185,4000,complement
100041,32.67164589009047,33.39249089009081,0.5768449999999777,0.14400000000000002,32.671645890090836,3.694822225952521e-13,7.087,7.087,12.0,12.0,18.0,-0.13489860273851081,0.07378757563006823,0.7357915274165571,0.2705443862654394,0.0,0.0,0.0,0.3425,0.7041154258689671,4000,correct
100041,31.09253549577273,31.932197995773095,0.695662499999975,0.14400000000000002,31.09253549577312,3.907985046680551e-13,7.81675,7.81675,12.0,12.0,16.0,-0.13412135330121963,0.07080992514618173,0.8067547052828595,0.24947919307217806,0.0,0.0,0.0,0.42025,0.7041154258689671,4000,stationary
100041,31.22747623921908,32.067138739219445,0.695662499999975,0.14400000000000002,31.22747623921947,3.907985046680551e-13,7.81675,7.81675,12.0,12.0,16.0,-0.13004611215554177,0.07503985010962323,0.7701312433574349,0.29240460535793555,0.0,0.0,0.0,0.40275,0.7041154258689671,4000,shuffled
100041,26.55781530998027,27.163787809980363,0.5059724999999844,0.1,26.557815309980377,1.0658141036401503e-13,6.63825,6.63825,10.0,10.0,16.0,-0.10891525400662795,0.07975009039105932,0.5872118122768588,0.37018048055708586,0.0,0.0,0.0,0.1935,0.7041154258689671,4000,complement
100042,142.89356092360327,144.63078842360596,1.4812274999999615,0.256,142.893560923606,2.7284841053187847e-12,11.21775,11.21775,16.0,16.0,18.0,-0.133401750783436,0.07358606946045275,0.8798607563786208,0.22713406315835247,0.0,0.0,0.0,0.652,0.9402510074599595,4000,correct
100042,142.99631003287146,144.73353753287415,1.4812274999999615,0.256,142.9963100328742,2.7284841053187847e-12,11.21775,11.21775,16.0,16.0,18.0,-0.1210288471817039,0.07451417451112757,0.8448643428878859,0.2598852886813999,0.0,0.0,0.0,0.58925,0.9402510074599595,4000,stationary
100042,142.84023205187628,144.57745955187897,1.4812274999999615,0.256,142.840232051879,2.7284841053187847e-12,11.21775,11.21775,16.0,16.0,18.0,-0.13343055584467947,0.07359486592381714,0.8797912603714504,0.22350042888371538,0.0,0.0,0.0,0.64825,0.9402510074599595,4000,shuffled
100042,84.91903050645588,85.27473050645244,0.2916999999999969,0.064,84.91903050645246,3.424815986363683e-12,4.792,4.792,8.0,8.0,26.0,-0.10791706369491294,0.07631456340668696,0.3517171327252872,0.36079443459352945,0.0,0.0,0.0,0.00975,0.9402510074599595,4000,complement
100043,-64.36603205854394,-63.57188455854339,0.6501474999999932,0.14400000000000002,-64.36603205854338,5.542233338928781e-13,7.55575,7.55575,12.0,12.0,16.0,-0.1140711472327821,0.056473394194615355,0.623055458471179,0.3738802583831183,0.0,0.0,0.0,0.30575,0.4332436785313421,4000,correct
100043,-97.29318034849359,-95.7337428484916,1.3034374999999985,0.256,-97.2931803484916,1.9895196601282805e-12,10.76275,10.76275,16.0,16.0,18.0,-0.11996792359789833,0.06803207409419217,0.8676244921325706,0.20052251212442168,0.0,0.0,0.0,0.5425,0.4332436785313421,4000,stationary
100043,-62.1048242814902,-61.34109928148996,0.6197249999999923,0.14400000000000002,-62.104824281489954,2.4868995751603507e-13,7.197,7.1975,12.0,12.0,18.0,-0.11651290880981832,0.07987157045726169,0.6378808843847364,0.3485012450388998,0.0,0.0,0.0,0.202,0.4332436785313421,4000,shuffled
100043,-97.03318894109918,-95.47375144109719,1.3034374999999985,0.256,-97.0331889410972,1.9895196601282805e-12,10.76275,10.76275,16.0,16.0,18.0,-0.1053259661598131,0.09121231522078928,0.8517620592676103,0.17356044100521228,0.0,0.0,0.0,0.3255,0.4332436785313421,4000,complement
100044,179.97150127737083,181.3022687773714,1.074767499999999,0.256,179.9715012773714,5.684341886080801e-13,8.82125,8.82125,16.0,16.0,28.0,-0.14760857848078013,0.08252370107488041,0.7995748606747948,0.2495900478479103,0.0,0.0,0.0,0.4605,0.922486416201995,4000,correct
100044,173.9352227511096,175.07094525110915,0.9107224999999962,0.225,173.93522275110917,4.263256414560601e-13,7.91725,7.91725,15.0,15.0,29.0,-0.14236597851477564,0.08420595301091172,0.7173826287765988,0.3137394066961927,0.0,0.0,0.0,0.42925,0.922486416201995,4000,stationary
100044,185.03297478069354,186.41302978069348,1.0910549999999986,0.289,185.03297478069348,5.684341886080802e-14,8.8695,8.8695,17.0,17.0,29.0,-0.1475653074691072,0.08212894601681058,0.8025946457870304,0.2608391082426787,0.0,0.0,0.0,0.44425,0.922486416201995,4000,shuffled
100044,-878.5054624077577,-850.3274824077562,20.95297999999979,7.2250000000000005,-878.505462407756,1.7053025658242404e-12,-36.7405,37.0205,-85.0,85.0,133.0,-0.21884067204594612,0.031081815907587393,-0.8173343367837369,0.2537474618398492,0.0,0.0,0.28475,0.0,0.922486416201995,4000,complement
100045,-16.536441960072413,-15.375126960071611,0.9053150000000152,0.256,-16.536441960071627,7.851497230149107e-13,8.1855,8.2365,16.0,16.0,22.0,-0.14120380636444316,0.08098745969580612,0.7396592819183133,0.3895884201063926,0.0,0.0,0.0,0.50625,0.8075724142837708,4000,correct
100045,-27.423482566933256,-25.98481506693338,1.1496675000000105,0.289,-27.42348256693339,1.3500311979441904e-13,9.69675,9.69675,17.0,17.0,19.0,-0.128217592604924,0.07771526373021484,0.8093694358058274,0.2829791810565134,0.0,0.0,0.0,0.5425,0.8075724142837708,4000,stationary
100045,-21.386278402474932,-19.94091340247519,1.1563650000000119,0.289,-21.386278402475202,2.7000623958883807e-13,9.732,9.732,17.0,17.0,21.0,-0.13116376664536072,0.0804585406350528,0.8129344451543875,0.28561805145134944,0.0,0.0,0.0,0.55875,0.8075724142837708,4000,shuffled
100045,21.887235441025958,22.046722941024314,0.1104875000000013,0.049,21.887235441024313,1.644906433284632e-12,2.65675,2.73175,7.0,7.0,33.0,-0.1369653315562755,0.08075439476672494,0.24952502533979715,0.35531408224393446,0.0,0.0,0.0,0.0,0.8075724142837708,4000,complement
100046,125.58164831597857,125.95945331597625,0.2778049999999926,0.1,125.58164831597627,2.3021584638627246e-12,3.973,4.38,10.0,10.0,22.0,-0.16976580414688214,0.08864790164572847,0.6130764515525662,0.35570176207852583,0.0,0.0,0.0,0.25775,0.810343334927049,4000,correct
100046,115.24836862156464,115.53387362156343,0.20450499999999608,0.081,115.24836862156343,1.2079226507921703e-12,3.2785,3.6855,9.0,9.0,23.0,-0.17290818582847714,0.08056805877157248,0.5528729085261003,0.3688456008415837,0.0,0.0,0.0,0.1685,0.810343334927049,4000,stationary
100046,114.00903754477169,114.29260754477048,0.20256999999999586,0.081,114.00903754477048,1.2079226507921703e-12,3.1935,3.6005,9.0,9.0,23.0,-0.17672685799282045,0.08447646386236461,0.5680074349511415,0.39041212392057095,0.0,0.0,0.0,0.21775,0.810343334927049,4000,shuffled
100046,-1165.4353693329244,-1120.357781832905,34.67358749999948,10.404,-1165.4353693329044,2.000888343900442e-11,-50.41975,50.41975,-102.0,102.0,142.0,-0.23509013506025075,0.04174341363148806,-0.866037985868752,0.1835032670252808,0.0,0.0,0.3795,0.0,0.810343334927049,4000,complement
100047,25.892293996523176,28.0112464965257,1.7579524999999723,0.361,25.892293996525726,2.5508484213787597e-12,12.09275,12.09275,19.0,19.0,23.0,-0.12562736449809744,0.07600361973407883,0.8635375029724092,0.29739890395054686,0.0,0.0,0.0,0.6515,0.854653515124991,4000,correct
100047,26.41088134736849,28.529833847371037,1.7579524999999723,0.361,26.410881347371063,2.5721647034515627e-12,12.09275,12.09275,19.0,19.0,23.0,-0.11944288630317897,0.0749591222862513,0.8481230118945241,0.25657330153368824,0.0,0.0,0.0,0.607,0.854653515124991,4000,stationary
100047,30.526910408837146,32.93308040883721,2.006170000000004,0.4,30.52691040883721,6.394884621840902e-14,13.0015,13.0015,20.0,20.0,24.0,-0.1228892824514769,0.07530725135276985,0.8730682580284774,0.2392739645812738,0.0,0.0,0.0,0.61675,0.854653515124991,4000,shuffled
100047,31.827109197630786,32.89134169762883,0.8682324999999801,0.196,31.827109197628847,1.9397816686250735e-12,8.48425,8.48425,14.0,14.0,24.0,-0.09004893095139414,0.0792561820102397,0.5722541552833281,0.3343088283183604,0.0,0.0,0.0,0.097,0.854653515124991,4000,complement
100048,56.143814147030575,56.92276414703042,0.6349500000000058,0.14400000000000002,56.14381414703042,1.5631940186722204e-13,6.23,6.725,12.0,12.0,20.0,-0.15614764443272725,0.0850652478546544,0.6631096365246921,0.4676986704907174,0.0,0.0,0.0,0.42475,0.8286960555938202,4000,correct
100048,63.963850170956526,65.27456767095669,1.0857175000000014,0.225,63.96385017095668,1.5631940186722204e-13,8.92825,8.92825,15.0,15.0,17.0,-0.13583524539554492,0.08550768053776545,0.7523394750021398,0.3407804799012296,0.0,0.0,0.0,0.48675,0.8286960555938202,4000,stationary
100048,55.72283493411353,56.50171993411345,0.6348850000000059,0.14400000000000002,55.72283493411345,7.815970093361102e-14,6.11,6.713,12.0,12.0,20.0,-0.1573046221002005,0.09410735740005534,0.6626205019936897,0.4216953606123396,0.0,0.0,0.0,0.39075,0.8286960555938202,4000,shuffled
100048,59.99591667411782,60.629666674117516,0.5127499999999794,0.121,59.99591667411753,2.913225216616411e-13,5.448,5.9725,11.0,11.0,21.0,-0.11452681199274957,0.10088632082262758,0.3972683763643727,0.4530145829824984,0.0,0.0,0.0,0.051,0.8286960555938202,4000,complement
100049,36.7411133020668,39.19245580206734,2.0103424999999824,0.441,36.74111330206736,5.613287612504791e-13,12.27225,12.27225,21.0,21.0,31.0,-0.11837398967472837,0.06853787630632119,0.7218656680234707,0.3914035893688406,0.0,0.0,0.0,0.55425,0.6556511982247483,4000,correct
100049,25.243904657152754,29.01991215715225,3.1510074999999427,0.625,25.243904657152306,4.476419235288631e-13,15.89925,15.89925,25.0,25.0,29.0,-0.11380440105404704,0.07383987153219154,0.86467897648504,0.23069592018663584,0.0,0.0,0.0,0.64025,0.6556511982247483,4000,stationary
100049,25.585594444682933,29.627214444682977,3.3656199999999443,0.676,25.585594444683036,1.0302869668521453e-13,16.35,16.35,26.0,26.0,30.0,-0.10646176012745127,0.07948619786289077,0.830893161488697,0.27103241605874134,0.0,0.0,0.0,0.54425,0.6556511982247483,4000,shuffled
100049,25.721801824358565,29.49780932435806,3.1510074999999427,0.625,25.721801824358117,4.476419235288631e-13,15.89925,15.89925,25.0,25.0,29.0,-0.08432779623009265,0.09400053436064568,0.8050630124835297,0.24785935572423679,0.0,0.0,0.0,0.357,0.6556511982247483,4000,complement
