q,tau,b,bid_action,ask_action_mirror,symmetry_error
-20,1.0,0.0,-0.27656322717666626,0.5505442023277283,-0.8271074295043945
-20,1.0,0.1,-0.2856332063674927,0.6007451415061951,-0.8863783478736877
-20,1.0,0.2,-0.29458746314048767,0.6494508385658264,-0.9440383017063141
-20,1.0,0.3,-0.303367018699646,0.696510910987854,-0.9998779296875
-20,1.0,0.4,-0.31191763281822205,0.7418026328086853,-1.0537202656269073
-20,1.0,0.5,-0.3201911151409149,0.7852327823638916,-1.1054238975048065
-20,1.0,0.6,-0.32814571261405945,0.8267383575439453,-1.1548840701580048
-20,1.0,0.7,-0.33574631810188293,0.8662846684455872,-1.20203098654747
-20,1.0,0.8,-0.3429644703865051,0.9038642644882202,-1.2468287348747253
-20,1.0,0.9,-0.3497777581214905,0.9394927024841309,-1.2892704606056213
-20,1.0,1.0,-0.35616928339004517,0.9732059836387634,-1.3293752670288086
-20,0.75,0.0,-0.2514289617538452,0.6903896331787109,-0.9418185949325562
-20,0.75,0.1,-0.2605591118335724,0.7394928336143494,-1.0000519454479218
-20,0.75,0.2,-0.26957154273986816,0.786834180355072,-1.0564057230949402
-20,0.75,0.3,-0.27840656042099,0.8322875499725342,-1.1106941103935242
-20,0.75,0.4,-0.2870091497898102,0.8757566213607788,-1.162765771150589
-20,0.75,0.5,-0.295330286026001,0.9171756505966187,-1.2125059366226196
-20,0.75,0.6,-0.30332741141319275,0.956508994102478,-1.2598364055156708
-20,0.75,0.7,-0.31096455454826355,0.9937490820884705,-1.304713636636734
-20,0.75,0.8,-0.3182121813297272,1.0,-1.3182121813297272
-20,0.75,0.9,-0.3250470459461212,1.0,-1.3250470459461212
-20,0.75,1.0,-0.3314513564109802,1.0,-1.3314513564109802
-20,0.5,0.0,-0.222370445728302,0.8243137001991272,-1.0466841459274292
-20,0.5,0.1,-0.2315213978290558,0.8717066645622253,-1.1032280623912811
-20,0.5,0.2,-0.2405550479888916,0.9171293377876282,-1.1576843857765198
-20,0.5,0.3,-0.24941140413284302,0.9604820609092712,-1.2098934650421143
-20,0.5,0.4,-0.2580353319644928,1.0,-1.2580353319644928
-20,0.5,0.5,-0.2663775384426117,1.0,-1.2663775384426117
-20,0.5,0.6,-0.27439525723457336,1.0,-1.2743952572345734
-20,0.5,0.7,-0.2820521593093872,1.0,-1.2820521593093872
-20,0.5,0.8,-0.2893182933330536,1.0,-1.2893182933330536
-20,0.5,0.9,-0.2961699664592743,1.0,-1.2961699664592743
-20,0.5,1.0,-0.3025889992713928,1.0,-1.3025889992713928
-20,0.25,0.0,-0.18916431069374084,0.9485757350921631,-1.137740045785904
-20,0.25,0.1,-0.19829493761062622,0.9938226342201233,-1.1921175718307495
-20,0.25,0.2,-0.20731306076049805,1.0,-1.207313060760498
-20,0.25,0.3,-0.21615886688232422,1.0,-1.2161588668823242
-20,0.25,0.4,-0.22477760910987854,1.0,-1.2247776091098785
-20,0.25,0.5,-0.2331203818321228,1.0,-1.2331203818321228
-20,0.25,0.6,-0.24114468693733215,1.0,-1.2411446869373322
-20,0.25,0.7,-0.24881446361541748,1.0,-1.2488144636154175
-20,0.25,0.8,-0.2561000883579254,1.0,-1.2561000883579254
-20,0.25,0.9,-0.2629779279232025,1.0,-1.2629779279232025
-20,0.25,1.0,-0.2694302499294281,1.0,-1.269430249929428
-20,0.05,0.0,-0.15964794158935547,1.0,-1.1596479415893555
-20,0.05,0.1,-0.16872993111610413,1.0,-1.1687299311161041
-20,0.05,0.2,-0.17770785093307495,1.0,-1.177707850933075
-20,0.05,0.3,-0.18652251362800598,1.0,-1.186522513628006
-20,0.05,0.4,-0.19511979818344116,1.0,-1.1951197981834412
-20,0.05,0.5,-0.20345163345336914,1.0,-1.2034516334533691
-20,0.05,0.6,-0.21147608757019043,1.0,-1.2114760875701904
-20,0.05,0.7,-0.219157874584198,1.0,-1.219157874584198
-20,0.05,0.8,-0.22646793723106384,1.0,-1.2264679372310638
-20,0.05,0.9,-0.2333834171295166,1.0,-1.2333834171295166
-20,0.05,1.0,-0.23988699913024902,1.0,-1.239886999130249
-15,1.0,0.0,-0.27571335434913635,0.4995434880256653,-0.7752568423748016
-15,1.0,0.1,-0.2848716378211975,0.5509456396102905,-0.835817277431488
-15,1.0,0.2,-0.2939041554927826,0.6008968949317932,-0.8948010504245758
-15,1.0,0.3,-0.3027494549751282,0.6492329835891724,-0.9519824385643005
-15,1.0,0.4,-0.3113510310649872,0.695818305015564,-1.0071693360805511
-15,1.0,0.5,-0.3196587860584259,0.7405475378036499,-1.0602063238620758
-15,1.0,0.6,-0.32762953639030457,0.783346951007843,-1.1109764873981476
-15,1.0,0.7,-0.3352271020412445,0.8241727948188782,-1.1593998968601227
-15,1.0,0.8,-0.3424225449562073,0.8630096912384033,-1.2054322361946106
-15,1.0,0.9,-0.3491933345794678,0.8998672962188721,-1.2490606307983398
-15,1.0,1.0,-0.3555229604244232,0.9347766637802124,-1.2902996242046356
-15,0.75,0.0,-0.24987933039665222,0.6409473419189453,-0.8908266723155975
-15,0.75,0.1,-0.259098619222641,0.6914345026016235,-0.9505331218242645
-15,0.75,0.2,-0.2681903839111328,0.7401816844940186,-1.0083720684051514
-15,0.75,0.3,-0.27709200978279114,0.7870485782623291,-1.0641405880451202
-15,0.75,0.4,-0.2857459783554077,0.8319256901741028,-1.1176716685295105
-15,0.75,0.5,-0.2941010892391205,0.8747363686561584,-1.168837457895279
-15,0.75,0.6,-0.3021131455898285,0.9154353141784668,-1.2175484597682953
-15,0.75,0.7,-0.3097449839115143,0.9540073871612549,-1.2637523710727692
-15,0.75,0.8,-0.31696656346321106,0.9904648065567017,-1.3074313700199127
-15,0.75,0.9,-0.32375437021255493,1.0,-1.323754370212555
-15,0.75,1.0,-0.3300911486148834,1.0,-1.3300911486148834
-15,0.5,0.0,-0.2199924886226654,0.777244508266449,-0.9972369968891144
-15,0.5,0.1,-0.22922852635383606,0.8261398673057556,-1.0553683936595917
-15,0.5,0.2,-0.23833802342414856,0.8730635046958923,-1.111401528120041
-15,0.5,0.3,-0.24725806713104248,0.9179020524024963,-1.1651601195335388
-15,0.5,0.4,-0.2559308409690857,0.9605743885040283,-1.216505229473114
-15,0.5,0.5,-0.2643048167228699,1.0,-1.2643048167228699
-15,0.5,0.6,-0.2723354399204254,1.0,-1.2723354399204254
-15,0.5,0.7,-0.2799852192401886,1.0,-1.2799852192401886
-15,0.5,0.8,-0.28722360730171204,1.0,-1.287223607301712
-15,0.5,0.9,-0.2940267324447632,1.0,-1.2940267324447632
-15,0.5,1.0,-0.3003770709037781,1.0,-1.300377070903778
-15,0.25,0.0,-0.1858530044555664,0.9044268131256104,-1.0902798175811768
-15,0.25,0.1,-0.19506019353866577,0.9512284398078918,-1.1462886333465576
-15,0.25,0.2,-0.20414695143699646,0.9958977699279785,-1.200044721364975
-15,0.25,0.3,-0.21305057406425476,1.0,-1.2130505740642548
-15,0.25,0.4,-0.22171378135681152,1.0,-1.2217137813568115
-15,0.25,0.5,-0.23008552193641663,1.0,-1.2300855219364166
-15,0.25,0.6,-0.23812153935432434,1.0,-1.2381215393543243
-15,0.25,0.7,-0.245784729719162,1.0,-1.245784729719162
-15,0.25,0.8,-0.25304481387138367,1.0,-1.2530448138713837
-15,0.25,0.9,-0.2598781883716583,1.0,-1.2598781883716583
-15,0.25,1.0,-0.26626765727996826,1.0,-1.2662676572799683
-15,0.05,0.0,-0.1555483490228653,0.997471034526825,-1.1530193835496902
-15,0.05,0.1,-0.16469785571098328,1.0,-1.1646978557109833
-15,0.05,0.2,-0.17373692989349365,1.0,-1.1737369298934937
-15,0.05,0.3,-0.18260374665260315,1.0,-1.1826037466526031
-15,0.05,0.4,-0.19124189019203186,1.0,-1.1912418901920319
-15,0.05,0.5,-0.1996012032032013,1.0,-1.1996012032032013
-15,0.05,0.6,-0.20763835310935974,1.0,-1.2076383531093597
-15,0.05,0.7,-0.21531692147254944,1.0,-1.2153169214725494
-15,0.05,0.8,-0.22260740399360657,1.0,-1.2226074039936066
-15,0.05,0.9,-0.22948694229125977,1.0,-1.2294869422912598
-15,0.05,1.0,-0.23593869805335999,1.0,-1.23593869805336
-10,1.0,0.0,-0.27308574318885803,0.369363009929657,-0.642448753118515
-10,1.0,0.1,-0.2824220359325409,0.4235113263130188,-0.7059333622455597
-10,1.0,0.2,-0.29160359501838684,0.4763617515563965,-0.7679653465747833
-10,1.0,0.3,-0.30056339502334595,0.527714729309082,-0.828278124332428
-10,1.0,0.4,-0.3092401623725891,0.5773999691009521,-0.8866401314735413
-10,1.0,0.5,-0.3175797760486603,0.62527996301651,-0.9428597390651703
-10,1.0,0.6,-0.32553619146347046,0.6712508201599121,-0.9967870116233826
-10,1.0,0.7,-0.33307182788848877,0.7152424454689026,-1.0483142733573914
-10,1.0,0.8,-0.34015709161758423,0.7572171092033386,-1.0973742008209229
-10,1.0,0.9,-0.34677040576934814,0.7971649169921875,-1.1439353227615356
-10,1.0,1.0,-0.35289710760116577,0.8351015448570251,-1.187998652458191
-10,0.75,0.0,-0.24544522166252136,0.5134025812149048,-0.7588478028774261
-10,0.75,0.1,-0.2548466622829437,0.5671755075454712,-0.8220221698284149
-10,0.75,0.2,-0.26409170031547546,0.6193097233772278,-0.8834014236927032
-10,0.75,0.3,-0.2731111943721771,0.6696258783340454,-0.9427370727062225
-10,0.75,0.4,-0.281841903924942,0.7179785370826721,-0.9998204410076141
-10,0.75,0.5,-0.2902280390262604,0.7642584443092346,-1.054486483335495
-10,0.75,0.6,-0.29822206497192383,0.8083924055099487,-1.1066144704818726
-10,0.75,0.7,-0.30578505992889404,0.8503416776657104,-1.1561267375946045
-10,0.75,0.8,-0.312886506319046,0.8900995254516602,-1.2029860317707062
-10,0.75,0.9,-0.3195040225982666,0.9276866316795349,-1.2471906542778015
-10,0.75,1.0,-0.32562267780303955,0.9631468653678894,-1.288769543170929
-10,0.5,0.0,-0.21343377232551575,0.6546739935874939,-0.8681077659130096
-10,0.5,0.1,-0.22284460067749023,0.7072397470474243,-0.9300843477249146
-10,0.5,0.2,-0.2321019172668457,0.7578761577606201,-0.9899780750274658
-10,0.5,0.3,-0.24113571643829346,0.8064306378364563,-1.0475663542747498
-10,0.5,0.4,-0.24988210201263428,0.8527877926826477,-1.102669894695282
-10,0.5,0.5,-0.25828465819358826,0.8968700170516968,-1.155154675245285
-10,0.5,0.6,-0.26629528403282166,0.9386356472969055,-1.2049309313297272
-10,0.5,0.7,-0.2738746106624603,0.9780776500701904,-1.2519522607326508
-10,0.5,0.8,-0.2809918522834778,1.0,-1.2809918522834778
-10,0.5,0.9,-0.28762438893318176,1.0,-1.2876243889331818
-10,0.5,1.0,-0.29375728964805603,1.0,-1.293757289648056
-10,0.25,0.0,-0.17693057656288147,0.788555920124054,-0.9654864966869354
-10,0.25,0.1,-0.18629544973373413,0.8392364382743835,-1.0255318880081177
-10,0.25,0.2,-0.19551700353622437,0.8877711892127991,-1.0832881927490234
-10,0.25,0.3,-0.2045256793498993,0.9340370297431946,-1.1385627090930939
-10,0.25,0.4,-0.21325808763504028,0.9779484272003174,-1.1912065148353577
-10,0.25,0.5,-0.22165843844413757,1.0,-1.2216584384441376
-10,0.25,0.6,-0.22967907786369324,1.0,-1.2296790778636932
-10,0.25,0.7,-0.23728114366531372,1.0,-1.2372811436653137
-10,0.25,0.8,-0.2444341480731964,1.0,-1.2444341480731964
-10,0.25,0.9,-0.25111591815948486,1.0,-1.2511159181594849
-10,0.25,1.0,-0.2573118209838867,1.0,-1.2573118209838867
-10,0.05,0.0,-0.1446658968925476,0.8876934051513672,-1.0323593020439148
-10,0.05,0.1,-0.1539553701877594,0.9365187287330627,-1.0904740989208221
-10,0.05,0.2,-0.16311654448509216,0.983087420463562,-1.1462039649486542
-10,0.05,0.3,-0.1720811426639557,1.0,-1.1720811426639557
-10,0.05,0.4,-0.18078723549842834,1.0,-1.1807872354984283
-10,0.05,0.5,-0.18918025493621826,1.0,-1.1891802549362183
-10,0.05,0.6,-0.19721373915672302,1.0,-1.197213739156723
-10,0.05,0.7,-0.2048497200012207,1.0,-1.2048497200012207
-10,0.05,0.8,-0.21205836534500122,1.0,-1.2120583653450012
-10,0.05,0.9,-0.2188180685043335,1.0,-1.2188180685043335
-10,0.05,1.0,-0.22511446475982666,1.0,-1.2251144647598267
-5,1.0,0.0,-0.26419225335121155,0.07655619084835052,-0.3407484441995621
-5,1.0,0.1,-0.27366551756858826,0.13496138155460358,-0.40862689912319183
-5,1.0,0.2,-0.2829091250896454,0.19259744882583618,-0.47550657391548157
-5,1.0,0.3,-0.2918491065502167,0.24919483065605164,-0.5410439372062683
-5,1.0,0.4,-0.30041879415512085,0.3045095205307007,-0.6049283146858215
-5,1.0,0.5,-0.3085605800151825,0.35832905769348145,-0.6668896377086639
-5,1.0,0.6,-0.31622743606567383,0.41047677397727966,-0.7267042100429535
-5,1.0,0.7,-0.3233829140663147,0.4608132839202881,-0.7841961979866028
-5,1.0,0.8,-0.33000117540359497,0.5092365741729736,-0.8392377495765686
-5,1.0,0.9,-0.3360663056373596,0.5556798577308655,-0.8917461633682251
-5,1.0,1.0,-0.34157124161720276,0.6001079082489014,-0.9416791498661041
-5,0.75,0.0,-0.23235014081001282,0.2192605435848236,-0.4516106843948364
-5,0.75,0.1,-0.24190160632133484,0.27875158190727234,-0.5206531882286072
-5,0.75,0.2,-0.25121989846229553,0.3370758295059204,-0.5882957279682159
-5,0.75,0.3,-0.26022669672966003,0.39396265149116516,-0.6541893482208252
-5,0.75,0.4,-0.2688518762588501,0.4491763710975647,-0.7180282473564148
-5,0.75,0.5,-0.2770354151725769,0.5025212168693542,-0.7795566320419312
-5,0.75,0.6,-0.28472861647605896,0.5538439154624939,-0.8385725319385529
-5,0.75,0.7,-0.29189473390579224,0.6030334234237671,-0.8949281573295593
-5,0.75,0.8,-0.2985081970691681,0.6500195860862732,-0.9485277831554413
-5,0.75,0.9,-0.3045543134212494,0.6947687864303589,-0.9993230998516083
-5,0.75,1.0,-0.3100281357765198,0.7372796535491943,-1.0473077893257141
-5,0.5,0.0,-0.19553253054618835,0.36535805463790894,-0.5608905851840973
-5,0.5,0.1,-0.2050950825214386,0.4248879849910736,-0.6299830675125122
-5,0.5,0.2,-0.21443232893943787,0.4828581213951111,-0.697290450334549
-5,0.5,0.3,-0.2234637439250946,0.5390121936798096,-0.7624759376049042
-5,0.5,0.4,-0.23211735486984253,0.593136727809906,-0.8252540826797485
-5,0.5,0.5,-0.24033209681510925,0.6450647115707397,-0.885396808385849
-5,0.5,0.6,-0.24805888533592224,0.6946758031845093,-0.9427346885204315
-5,0.5,0.7,-0.2552609443664551,0.7418947219848633,-0.9971556663513184
-5,0.5,0.8,-0.26191356778144836,0.7866880893707275,-1.048601657152176
-5,0.5,0.9,-0.2680031657218933,0.8290581107139587,-1.097061276435852
-5,0.5,1.0,-0.27352628111839294,0.8690382242202759,-1.1425645053386688
-5,0.25,0.0,-0.15391583740711212,0.5095377564430237,-0.6634535938501358
-5,0.25,0.1,-0.16342997550964355,0.5680627822875977,-0.7314927577972412
-5,0.25,0.2,-0.1727418601512909,0.6246887445449829,-0.7974306046962738
-5,0.25,0.3,-0.18177086114883423,0.6791855692863464,-0.8609564304351807
-5,0.25,0.4,-0.19044530391693115,0.7313715815544128,-0.921816885471344
-5,0.25,0.5,-0.19870442152023315,0.7811145186424255,-0.9798189401626587
-5,0.25,0.6,-0.20649954676628113,0.8283308148384094,-1.0348303616046906
-5,0.25,0.7,-0.21379432082176208,0.8729821443557739,-1.086776465177536
-5,0.25,0.8,-0.22056439518928528,0.9150702953338623,-1.1356346905231476
-5,0.25,0.9,-0.22679653763771057,0.9546311497688293,-1.18142768740654
-5,0.25,1.0,-0.2324874997138977,0.9917281270027161,-1.2242156267166138
-5,0.05,0.0,-0.11766305565834045,0.6199074387550354,-0.7375704944133759
-5,0.05,0.1,-0.12710481882095337,0.6769733428955078,-0.8040781617164612
-5,0.05,0.2,-0.13637462258338928,0.7319344282150269,-0.8683090507984161
-5,0.05,0.3,-0.14539344608783722,0.7845864295959473,-0.9299798756837845
-5,0.05,0.4,-0.15409108996391296,0.8347748517990112,-0.9888659417629242
-5,0.05,0.5,-0.16240793466567993,0.8823955059051514,-1.0448034405708313
-5,0.05,0.6,-0.17029595375061035,0.9273922443389893,-1.0976881980895996
-5,0.05,0.7,-0.17771896719932556,0.9697529077529907,-1.1474718749523163
-5,0.05,0.8,-0.18465229868888855,1.0,-1.1846522986888885
-5,0.05,0.9,-0.19108203053474426,1.0,-1.1910820305347443
-5,0.05,1.0,-0.19700366258621216,1.0,-1.1970036625862122
0,1.0,0.0,-0.23690664768218994,-0.39136627316474915,0.1544596254825592
0,1.0,0.1,-0.24585694074630737,-0.3325030505657196,0.08664610981941223
0,1.0,0.2,-0.25448372960090637,-0.2732677459716797,0.018784016370773315
0,1.0,0.3,-0.26271870732307434,-0.21397051215171814,-0.0487481951713562
0,1.0,0.4,-0.27050188183784485,-0.15491408109664917,-0.11558780074119568
0,1.0,0.5,-0.27778375148773193,-0.09638524055480957,-0.18139851093292236
0,1.0,0.6,-0.2845265567302704,-0.03864777460694313,-0.24587878212332726
0,1.0,0.7,-0.29070475697517395,0.01806281879544258,-0.30876757577061653
0,1.0,0.8,-0.2963046729564667,0.07354281842708588,-0.36984749138355255
0,1.0,0.9,-0.30132365226745605,0.12762144207954407,-0.4289450943470001
0,1.0,1.0,-0.3057687282562256,0.18016107380390167,-0.48592980206012726
0,0.75,0.0,-0.197963684797287,-0.26995423436164856,0.07199054956436157
0,0.75,0.1,-0.20702603459358215,-0.20803484320640564,0.0010088086128234863
0,0.75,0.2,-0.21576368808746338,-0.1459895223379135,-0.06977416574954987
0,0.75,0.3,-0.22410371899604797,-0.08417107164859772,-0.13993264734745026
0,0.75,0.4,-0.23198357224464417,-0.022916827350854874,-0.2090667448937893
0,0.75,0.5,-0.2393530011177063,0.03746085613965988,-0.2768138572573662
0,0.75,0.6,-0.24617522954940796,0.09668222069740295,-0.3428574502468109
0,0.75,0.7,-0.2524271011352539,0.15450486540794373,-0.40693196654319763
0,0.75,0.8,-0.2580984830856323,0.21072663366794586,-0.4688251167535782
0,0.75,0.9,-0.2631908059120178,0.2651855945587158,-0.5283764004707336
0,0.75,1.0,-0.26771536469459534,0.3177590072154999,-0.5854743719100952
0,0.5,0.0,-0.1540091633796692,-0.13637541234493256,-0.017633751034736633
0,0.5,0.1,-0.16317278146743774,-0.07218588888645172,-0.09098689258098602
0,0.5,0.2,-0.17203232645988464,-0.008195504546165466,-0.16383682191371918
0,0.5,0.3,-0.18051138520240784,0.05521208047866821,-0.23572346568107605
0,0.5,0.4,-0.1885451078414917,0.11767837405204773,-0.30622348189353943
0,0.5,0.5,-0.1960824728012085,0.17888009548187256,-0.37496256828308105
0,0.5,0.6,-0.20308709144592285,0.23853643238544464,-0.4416235238313675
0,0.5,0.7,-0.20953699946403503,0.2964129149913788,-0.5059499144554138
0,0.5,0.8,-0.21542373299598694,0.3523227870464325,-0.5677465200424194
0,0.5,0.9,-0.22075065970420837,0.4061257243156433,-0.6268763840198517
0,0.5,1.0,-0.22553080320358276,0.4577248692512512,-0.683255672454834
0,0.25,0.0,-0.10610825568437576,0.005946595221757889,-0.11205485090613365
0,0.25,0.1,-0.11537953466176987,0.07131446152925491,-0.18669399619102478
0,0.25,0.2,-0.12438972294330597,0.13610795140266418,-0.26049767434597015
0,0.25,0.3,-0.13305959105491638,0.1999317854642868,-0.3329913765192032
0,0.25,0.4,-0.14132218062877655,0.26242586970329285,-0.4037480503320694
0,0.25,0.5,-0.1491248607635498,0.3232746422290802,-0.47239950299263
0,0.25,0.6,-0.15643003582954407,0.38221341371536255,-0.5386434495449066
0,0.25,0.7,-0.163214772939682,0.43903064727783203,-0.602245420217514
0,0.25,0.8,-0.16946959495544434,0.49356770515441895,-0.6630373001098633
0,0.25,0.9,-0.1751967966556549,0.5457157492637634,-0.7209125459194183
0,0.25,1.0,-0.1804080605506897,0.5954114198684692,-0.7758194804191589
0,0.05,0.0,-0.066118523478508,0.12276902794837952,-0.1888875514268875
0,0.05,0.1,-0.07548446953296661,0.18816141784191132,-0.26364588737487793
0,0.05,0.2,-0.08463562279939651,0.2526766359806061,-0.3373122587800026
0,0.05,0.3,-0.09349118173122406,0.3159267008304596,-0.40941788256168365
0,0.05,0.4,-0.10198253393173218,0.3775654435157776,-0.47954797744750977
0,0.05,0.5,-0.11005520820617676,0.43729668855667114,-0.5473518967628479
0,0.05,0.6,-0.11766952276229858,0.49487924575805664,-0.6125487685203552
0,0.05,0.7,-0.12480022013187408,0.5501278042793274,-0.6749280244112015
0,0.05,0.8,-0.13143524527549744,0.6029118299484253,-0.7343470752239227
0,0.05,0.9,-0.13757389783859253,0.6531503796577454,-0.7907242774963379
0,0.05,1.0,-0.14322486519813538,0.7008077502250671,-0.8440326154232025
5,1.0,0.0,-0.19007357954978943,-0.8090188503265381,0.6189452707767487
5,1.0,0.1,-0.19813501834869385,-0.7568985819816589,0.5587635636329651
5,1.0,0.2,-0.20589208602905273,-0.7034723162651062,0.49758023023605347
5,1.0,0.3,-0.21329066157341003,-0.6489850878715515,0.4356944262981415
5,1.0,0.4,-0.22028321027755737,-0.5936911702156067,0.3734079599380493
5,1.0,0.5,-0.22683066129684448,-0.5378475189208984,0.31101685762405396
5,1.0,0.6,-0.2329035997390747,-0.4817084074020386,0.24880480766296387
5,1.0,0.7,-0.23848310112953186,-0.42552000284194946,0.1870369017124176
5,1.0,0.8,-0.24356040358543396,-0.36951592564582825,0.1259555220603943
5,1.0,0.9,-0.24813640117645264,-0.3139144480228424,0.06577804684638977
5,1.0,1.0,-0.2522202730178833,-0.2589152157306671,0.0066949427127838135
5,0.75,0.0,-0.14605090022087097,-0.7185876965522766,0.5725367963314056
5,0.75,0.1,-0.15436884760856628,-0.6631951332092285,0.5088262856006622
5,0.75,0.2,-0.16239628195762634,-0.6064964532852173,0.44410017132759094
5,0.75,0.3,-0.17007452249526978,-0.5487765073776245,0.37870198488235474
5,0.75,0.4,-0.17735296487808228,-0.4903300404548645,0.3129770755767822
5,0.75,0.5,-0.1841908097267151,-0.43145373463630676,0.24726292490959167
5,0.75,0.6,-0.19055843353271484,-0.37243908643722534,0.1818806529045105
5,0.75,0.7,-0.19643759727478027,-0.31356602907180786,0.11712843179702759
5,0.75,0.8,-0.20182102918624878,-0.25509750843048096,0.05327647924423218
5,0.75,0.9,-0.20671144127845764,-0.19727560877799988,-0.009435832500457764
5,0.75,1.0,-0.21111992001533508,-0.1403181254863739,-0.07080179452896118
5,0.5,0.0,-0.0990704745054245,-0.6130545139312744,0.5139840394258499
5,0.5,0.1,-0.10768580436706543,-0.5546659827232361,0.44698017835617065
5,0.5,0.2,-0.1160358414053917,-0.4950515627861023,0.3790157213807106
5,0.5,0.3,-0.12405717372894287,-0.4345337748527527,0.3104766011238098
5,0.5,0.4,-0.1316957175731659,-0.37344449758529663,0.24174878001213074
5,0.5,0.5,-0.1389085054397583,-0.31211498379707336,0.17320647835731506
5,0.5,0.6,-0.14566479623317719,-0.25086772441864014,0.10520292818546295
5,0.5,0.7,-0.1519460678100586,-0.1900092363357544,0.0380631685256958
5,0.5,0.8,-0.1577453315258026,-0.12982331216335297,-0.027922019362449646
5,0.5,0.9,-0.16306576132774353,-0.07056713104248047,-0.09249863028526306
5,0.5,1.0,-0.16791892051696777,-0.012467656284570694,-0.15545126423239708
5,0.25,0.0,-0.05087502300739288,-0.4929240942001343,0.4420490711927414
5,0.25,0.1,-0.05980301275849342,-0.43206632137298584,0.3722633086144924
5,0.25,0.2,-0.06849779188632965,-0.37015748023986816,0.3016596883535385
5,0.25,0.3,-0.07689164578914642,-0.3075508773326874,0.23065923154354095
5,0.25,0.4,-0.08492720872163773,-0.2446058839559555,0.15967867523431778
5,0.25,0.5,-0.09255924820899963,-0.18167755007743835,0.08911830186843872
5,0.25,0.6,-0.09975548088550568,-0.11910729110240936,0.019351810216903687
5,0.25,0.7,-0.1064964234828949,-0.057214830070734024,-0.04928159341216087
5,0.25,0.8,-0.11277436465024948,0.0037082359194755554,-0.11648260056972504
5,0.25,0.9,-0.11859180778265,0.06340266764163971,-0.1819944754242897
5,0.25,1.0,-0.12395959347486496,0.12164463102817535,-0.2456042245030403
5,0.05,0.0,-0.012760153040289879,-0.38764023780822754,0.37488008476793766
5,0.05,0.1,-0.021923838183283806,-0.3253675699234009,0.3034437317401171
5,0.05,0.2,-0.030881080776453018,-0.2622513175010681,0.2313702367246151
5,0.05,0.3,-0.03956165909767151,-0.19866037368774414,0.15909871459007263
5,0.05,0.4,-0.0479063019156456,-0.13496556878089905,0.08705926686525345
5,0.05,0.5,-0.055868349969387054,-0.07152904570102692,0.015660695731639862
5,0.05,0.6,-0.06341446191072464,-0.008694756776094437,-0.0547197051346302
5,0.05,0.7,-0.07052414119243622,0.053219325840473175,-0.1237434670329094
5,0.05,0.8,-0.07718878239393234,0.11392742395401001,-0.19111620634794235
5,0.05,0.9,-0.08340979367494583,0.17317959666252136,-0.2565893903374672
5,0.05,1.0,-0.08919680118560791,0.23076428472995758,-0.3199610859155655
10,1.0,0.0,-0.15323948860168457,-1.0,0.8467605113983154
10,1.0,0.1,-0.16096344590187073,-0.9838016033172607,0.82283815741539
10,1.0,0.2,-0.16843503713607788,-0.9365400671958923,0.7681050300598145
10,1.0,0.3,-0.17560535669326782,-0.8878603577613831,0.7122550010681152
10,1.0,0.4,-0.18243050575256348,-0.8379493951797485,0.6555188894271851
10,1.0,0.5,-0.188873291015625,-0.7870029211044312,0.5981296300888062
10,1.0,0.6,-0.1949046552181244,-0.7352217435836792,0.5403170883655548
10,1.0,0.7,-0.200504332780838,-0.6828088760375977,0.48230454325675964
10,1.0,0.8,-0.20566105842590332,-0.6299660205841064,0.4243049621582031
10,1.0,0.9,-0.21037209033966064,-0.5768917798995972,0.3665196895599365
10,1.0,1.0,-0.21464243531227112,-0.5237781405448914,0.30913570523262024
10,0.75,0.0,-0.10875768959522247,-0.9563642144203186,0.8476065248250961
10,0.75,0.1,-0.11682645976543427,-0.9079005718231201,0.7910741120576859
10,0.75,0.2,-0.12465714663267136,-0.8577703237533569,0.7331131771206856
10,0.75,0.3,-0.13219614326953888,-0.8061701059341431,0.6739739626646042
10,0.75,0.4,-0.13939592242240906,-0.7533125877380371,0.613916665315628
10,0.75,0.5,-0.14621680974960327,-0.6994214057922363,0.5532045960426331
10,0.75,0.6,-0.15262851119041443,-0.6447266936302185,0.4920981824398041
10,0.75,0.7,-0.15861037373542786,-0.5894611477851868,0.4308507740497589
10,0.75,0.8,-0.16415166854858398,-0.5338559746742249,0.36970430612564087
10,0.75,0.9,-0.1692506968975067,-0.4781376123428345,0.30888691544532776
10,0.75,1.0,-0.17391368746757507,-0.4225238263607025,0.24861013889312744
10,0.5,0.0,-0.0630839616060257,-0.8686541318893433,0.8055701702833176
10,0.5,0.1,-0.0714978277683258,-0.8174485564231873,0.7459507286548615
10,0.5,0.2,-0.07969194650650024,-0.7645649313926697,0.6848729848861694
10,0.5,0.3,-0.08760857582092285,-0.7102236747741699,0.6226150989532471
10,0.5,0.4,-0.09519709646701813,-0.6546631455421448,0.5594660490751266
10,0.5,0.5,-0.10241585224866867,-0.5981336832046509,0.4957178309559822
10,0.5,0.6,-0.10923336446285248,-0.5408926606178284,0.4316592961549759
10,0.5,0.7,-0.11562879383563995,-0.48319923877716064,0.3675704449415207
10,0.5,0.8,-0.12159163504838943,-0.42530983686447144,0.303718201816082
10,0.5,0.9,-0.12712079286575317,-0.3674735426902771,0.24035274982452393
10,0.5,1.0,-0.1322232484817505,-0.3099282681941986,0.17770501971244812
10,0.25,0.0,-0.017856210470199585,-0.7658756971359253,0.7480194866657257
10,0.25,0.1,-0.02658054418861866,-0.7121326327323914,0.6855520885437727
10,0.25,0.2,-0.03510468825697899,-0.6567794680595398,0.6216747798025608
10,0.25,0.3,-0.043368078768253326,-0.6000603437423706,0.5566922649741173
10,0.25,0.4,-0.051318101584911346,-0.5422371625900269,0.4909190610051155
10,0.25,0.5,-0.058911923319101334,-0.48358309268951416,0.4246711693704128
10,0.25,0.6,-0.06611757725477219,-0.4243772625923157,0.3582596853375435
10,0.25,0.7,-0.07291417568922043,-0.36489859223365784,0.2919844165444374
10,0.25,0.8,-0.0792914628982544,-0.3054203987121582,0.2261289358139038
10,0.25,0.9,-0.08524854481220245,-0.24620594084262848,0.16095739603042603
10,0.25,1.0,-0.09079259634017944,-0.18750359117984772,0.09671099483966827
10,0.05,0.0,0.016943126916885376,-0.6731837391853333,0.6901268661022186
10,0.05,0.1,0.008014172315597534,-0.6176849007606506,0.6256990730762482
10,0.05,0.2,-0.0007291994988918304,-0.5606946349143982,0.5599654354155064
10,0.05,0.3,-0.00922529585659504,-0.5024740695953369,0.4932487737387419
10,0.05,0.4,-0.01742096059024334,-0.4433003067970276,0.42587934620678425
10,0.05,0.5,-0.025273213163018227,-0.38346022367477417,0.35818701051175594
10,0.05,0.6,-0.03275027871131897,-0.323243647813797,0.290493369102478
10,0.05,0.7,-0.039831556379795074,-0.2629377841949463,0.22310622781515121
10,0.05,0.8,-0.04650703817605972,-0.202821284532547,0.15631424635648727
10,0.05,0.9,-0.05277598649263382,-0.14315977692604065,0.09038379043340683
10,0.05,1.0,-0.05864540860056877,-0.08420142531394958,0.025556016713380814
15,1.0,0.0,-0.135326087474823,-1.0,0.864673912525177
15,1.0,0.1,-0.1429680585861206,-1.0,0.8570319414138794
15,1.0,0.2,-0.15038132667541504,-1.0,0.849618673324585
15,1.0,0.3,-0.15751859545707703,-0.987701416015625,0.830182820558548
15,1.0,0.4,-0.16433700919151306,-0.9407852292060852,0.7764482200145721
15,1.0,0.5,-0.17079976201057434,-0.89268958568573,0.7218898236751556
15,1.0,0.6,-0.17687749862670898,-0.8435843586921692,0.6667068600654602
15,1.0,0.7,-0.18254902958869934,-0.7936438322067261,0.6110948026180267
15,1.0,0.8,-0.1878015697002411,-0.7430447340011597,0.5552431643009186
15,1.0,0.9,-0.1926305890083313,-0.6919643878936768,0.49933379888534546
15,1.0,1.0,-0.19703888893127441,-0.6405786871910095,0.4435397982597351
15,0.75,0.0,-0.0914003998041153,-1.0,0.9085996001958847
15,0.75,0.1,-0.09939949214458466,-1.0,0.9006005078554153
15,0.75,0.2,-0.1071828082203865,-0.9619646072387695,0.854781799018383
15,0.75,0.3,-0.11469870805740356,-0.9137044548988342,0.7990057468414307
15,0.75,0.4,-0.12190084904432297,-0.8640507459640503,0.7421498969197273
15,0.75,0.5,-0.1287500262260437,-0.8131874799728394,0.6844374537467957
15,0.75,0.6,-0.1352154016494751,-0.7613075375556946,0.6260921359062195
15,0.75,0.7,-0.1412753462791443,-0.7086097598075867,0.5673344135284424
15,0.75,0.8,-0.14691734313964844,-0.6552962064743042,0.5083788633346558
15,0.75,0.9,-0.1521376222372055,-0.6015692353248596,0.4494316130876541
15,0.75,1.0,-0.15694019198417664,-0.547629177570343,0.3906889855861664
15,0.5,0.0,-0.04701146110892296,-0.9734609127044678,0.9264494515955448
15,0.5,0.1,-0.055342815816402435,-0.9259365200996399,0.8705937042832375
15,0.5,0.2,-0.06347399204969406,-0.8766575455665588,0.8131835535168648
15,0.5,0.3,-0.07134991884231567,-0.8257984519004822,0.7544485330581665
15,0.5,0.4,-0.07892155647277832,-0.7735510468482971,0.6946294903755188
15,0.5,0.5,-0.0861479640007019,-0.7201207280158997,0.6339727640151978
15,0.5,0.6,-0.09299734234809875,-0.6657227873802185,0.5727254450321198
15,0.5,0.7,-0.09944780170917511,-0.6105789542198181,0.511131152510643
15,0.5,0.8,-0.10548710823059082,-0.5549139380455017,0.4494268298149109
15,0.5,0.9,-0.11111216247081757,-0.49895143508911133,0.38783927261829376
15,0.5,1.0,-0.1163276731967926,-0.44291219115257263,0.32658451795578003
15,0.25,0.0,-0.003660723567008972,-0.8785777688026428,0.8749170452356339
15,0.25,0.1,-0.012269951403141022,-0.8285954594612122,0.8163255080580711
15,0.25,0.2,-0.02069503627717495,-0.7768939137458801,0.7561988774687052
15,0.25,0.3,-0.02887876331806183,-0.7236670851707458,0.694788321852684
15,0.25,0.4,-0.0367707759141922,-0.6691266298294067,0.6323558539152145
15,0.25,0.5,-0.04432927817106247,-0.6134980916976929,0.5691688135266304
15,0.25,0.6,-0.05152233690023422,-0.5570167303085327,0.5054943934082985
15,0.25,0.7,-0.058328211307525635,-0.4999227523803711,0.44159454107284546
15,0.25,0.8,-0.06473518908023834,-0.4424579441547394,0.37772275507450104
15,0.25,0.9,-0.07074060291051865,-0.38486161828041077,0.3141210153698921
15,0.25,1.0,-0.07634954154491425,-0.3273669183254242,0.25101737678050995
15,0.05,0.0,0.02935463935136795,-0.7921598553657532,0.8215144947171211
15,0.05,0.1,0.02057410404086113,-0.7403810620307922,0.7609551660716534
15,0.05,0.2,0.011966247111558914,-0.6869674324989319,0.6989336796104908
15,0.05,0.3,0.003588832914829254,-0.6321285963058472,0.6357174292206764
15,0.05,0.4,-0.004507612437009811,-0.5760912299156189,0.5715836174786091
15,0.05,0.5,-0.012281559407711029,-0.5190945863723755,0.5068130269646645
15,0.05,0.6,-0.019701523706316948,-0.4613858461380005,0.44168432243168354
15,0.05,0.7,-0.02674638293683529,-0.40321555733680725,0.37646917439997196
15,0.05,0.8,-0.033404938876628876,-0.3448333144187927,0.31142837554216385
15,0.05,0.9,-0.03967495262622833,-0.286484032869339,0.24680908024311066
15,0.05,1.0,-0.04556170850992203,-0.22840391099452972,0.1828422024846077
20,1.0,0.0,-0.12807242572307587,-1.0,0.8719275742769241
20,1.0,0.1,-0.1356906294822693,-1.0,0.8643093705177307
20,1.0,0.2,-0.1430889368057251,-1.0,0.8569110631942749
20,1.0,0.3,-0.15022066235542297,-1.0,0.849779337644577
20,1.0,0.4,-0.15704336762428284,-0.9802021980285645,0.8231588304042816
20,1.0,0.5,-0.16352048516273499,-0.9333261251449585,0.7698056399822235
20,1.0,0.6,-0.1696225106716156,-0.8853854537010193,0.7157629430294037
20,1.0,0.7,-0.17532795667648315,-0.8365423083305359,0.6612143516540527
20,1.0,0.8,-0.18062350153923035,-0.78696209192276,0.6063385903835297
20,1.0,0.9,-0.18550387024879456,-0.7368121147155762,0.5513082444667816
20,1.0,1.0,-0.18997105956077576,-0.6862598657608032,0.49628880620002747
20,0.75,0.0,-0.08448906987905502,-1.0,0.915510930120945
20,0.75,0.1,-0.09246353060007095,-1.0,0.907536469399929
20,0.75,0.2,-0.10023052990436554,-1.0,0.8997694700956345
20,0.75,0.3,-0.10773921757936478,-0.9547665119171143,0.8470272943377495
20,0.75,0.4,-0.11494382470846176,-0.9064680933952332,0.7915242686867714
20,0.75,0.5,-0.12180536240339279,-0.8569092750549316,0.7351039126515388
20,0.75,0.6,-0.12829291820526123,-0.8062673211097717,0.6779744029045105
20,0.75,0.7,-0.134384423494339,-0.754726767539978,0.620342344045639
20,0.75,0.8,-0.1400667130947113,-0.7024760842323303,0.562409371137619
20,0.75,0.9,-0.14533528685569763,-0.6497063636779785,0.5043710768222809
20,0.75,1.0,-0.1501932144165039,-0.59660804271698,0.4464148283004761
20,0.5,0.0,-0.04070902243256569,-1.0,0.9592909775674343
20,0.5,0.1,-0.049005504697561264,-0.9671627283096313,0.9181572236120701
20,0.5,0.2,-0.05710932984948158,-0.919369637966156,0.8622603081166744
20,0.5,0.3,-0.06496648490428925,-0.8699690699577332,0.8050025850534439
20,0.5,0.4,-0.07252871245145798,-0.8191351294517517,0.7466064170002937
20,0.5,0.5,-0.07975532114505768,-0.7670555710792542,0.6873002499341965
20,0.5,0.6,-0.08661450445652008,-0.7139283418655396,0.6273138374090195
20,0.5,0.7,-0.0930839404463768,-0.6599589586257935,0.5668750181794167
20,0.5,0.8,-0.09915079176425934,-0.6053571701049805,0.5062063783407211
20,0.5,0.9,-0.10481107980012894,-0.550334632396698,0.44552355259656906
20,0.5,1.0,-0.1100686714053154,-0.49510127305984497,0.38503260165452957
20,0.25,0.0,0.0018288269639015198,-0.9214098453521729,0.9232386723160744
20,0.25,0.1,-0.006729042157530785,-0.8729676604270935,0.8662386182695627
20,0.25,0.2,-0.015109283849596977,-0.8227853775024414,0.8076760936528444
20,0.25,0.3,-0.023256059736013412,-0.7710383534431458,0.7477822937071323
20,0.25,0.4,-0.031119899824261665,-0.7179192304611206,0.6867993306368589
20,0.25,0.5,-0.038659464567899704,-0.6636345386505127,0.624975074082613
20,0.25,0.6,-0.04584282636642456,-0.6084010004997253,0.5625581741333008
20,0.25,0.7,-0.05264792963862419,-0.552442193031311,0.49979426339268684
20,0.25,0.8,-0.05906242877244949,-0.4959847331047058,0.4369223043322563
20,0.25,0.9,-0.06508289277553558,-0.43925514817237854,0.37417225539684296
20,0.25,1.0,-0.07071360945701599,-0.3824767768383026,0.3117631673812866
20,0.05,0.0,0.03410514444112778,-0.8375321626663208,0.8716373071074486
20,0.05,0.1,0.025390833616256714,-0.7872928380966187,0.8126836717128754
20,0.05,0.2,0.016843542456626892,-0.7353857159614563,0.7522292584180832
20,0.05,0.3,0.008519507944583893,-0.682000994682312,0.6905205026268959
20,0.05,0.4,0.0004682280123233795,-0.6273460388183594,0.6278142668306828
20,0.05,0.5,-0.007269309833645821,-0.5716407895088196,0.5643714796751738
20,0.05,0.6,-0.014661688357591629,-0.515114426612854,0.5004527382552624
20,0.05,0.7,-0.021687529981136322,-0.45800095796585083,0.4363134279847145
20,0.05,0.8,-0.028335101902484894,-0.4005354344844818,0.3722003325819969
20,0.05,0.9,-0.03460147976875305,-0.3429510295391083,0.3083495497703552
20,0.05,1.0,-0.04049117490649223,-0.2854750454425812,0.24498387053608894
