epsilon,episode,policy,raw_pnl,full_objective,mean_absolute_inventory,terminal_absolute_inventory,steps_taken,raw_pnl_pct,full_objective_pct
0.5,0,oracle,-65.92111242907197,-66.41256992907195,5.19475,10.0,4000,-0.006592111242907197,-0.006641256992907196
0.5,0,belief,-67.65069554765864,-68.14218804765862,5.19525,10.0,4000,-0.006765069554765865,-0.006814218804765862
0.5,0,randomised,-77.51974422990963,-78.02474922990962,5.358,10.0,4000,-0.0077519744229909635,-0.007802474922990961
0.5,0,naive,-150.91041936268016,-152.64010936268016,9.3985,18.0,4000,-0.015091041936268016,-0.015264010936268016
0.5,1,oracle,9.335888089827478,9.25320308982748,2.1605,2.0,4000,0.0009335888089827477,0.0009253203089827479
0.5,1,belief,2.442175341181837,2.3481653411818404,2.314,3.0,4000,0.00024421753411818373,0.00023481653411818403
0.5,1,randomised,5.103187464956136,5.024922464956138,2.077,3.0,4000,0.0005103187464956135,0.0005024922464956137
0.5,1,naive,6.979515127898139,6.867192627898141,2.01475,6.0,4000,0.000697951512789814,0.0006867192627898141
0.5,2,oracle,43.838523661359545,43.556933661359544,3.0935,9.0,4000,0.004383852366135955,0.004355693366135955
0.5,2,belief,45.631517418071894,45.34262991807189,3.17225,9.0,4000,0.004563151741807189,0.004534262991807189
0.5,2,randomised,48.21472937689316,47.87151187689316,3.67875,9.0,4000,0.004821472937689316,0.004787151187689315
0.5,2,naive,43.57685886169338,43.460508861693384,2.698,3.0,4000,0.004357685886169338,0.004346050886169338
0.5,3,oracle,9.750804237177476,9.677544237177473,2.1355,3.0,4000,0.0009750804237177477,0.0009677544237177474
0.5,3,belief,11.214025715692543,11.156685715692538,1.992,2.0,4000,0.0011214025715692542,0.0011156685715692537
0.5,3,randomised,10.263645479219406,10.158032979219405,2.60975,4.0,4000,0.0010263645479219406,0.0010158032979219404
0.5,3,naive,9.97232987061544,9.906822370615435,1.93925,0.0,4000,0.0009972329870615439,0.0009906822370615437
0.5,4,oracle,6.1449212220800575,6.077838722080057,2.06425,2.0,4000,0.0006144921222080058,0.0006077838722080057
0.5,4,belief,-22.323171994900576,-22.750976994900572,5.1075,8.0,4000,-0.002232317199490058,-0.0022750976994900573
0.5,4,randomised,-6.072554399450382,-6.301284399450378,3.899,5.0,4000,-0.0006072554399450382,-0.0006301284399450378
0.5,4,naive,-6.984261931863671,-7.601516931863662,6.2015,10.0,4000,-0.0006984261931863671,-0.0007601516931863662
0.5,5,oracle,69.67096799242802,69.43042299242802,3.928,6.0,4000,0.006967096799242802,0.006943042299242802
0.5,5,belief,62.49896831691865,62.264678316918655,3.533,6.0,4000,0.006249896831691864,0.006226467831691865
0.5,5,randomised,58.23510433836094,58.09977433836094,2.575,5.0,4000,0.005823510433836094,0.005809977433836094
0.5,5,naive,46.56341503644366,46.50024253644366,2.09475,1.0,4000,0.004656341503644365,0.004650024253644366
0.5,6,oracle,40.60364813899719,40.31838813899719,4.685,5.0,4000,0.004060364813899719,0.00403183881389972
0.5,6,belief,45.54373793376692,45.13701543376692,5.50925,6.0,4000,0.004554373793376692,0.004513701543376692
0.5,6,randomised,40.754760858964914,40.37073585896492,5.236,7.0,4000,0.004075476085896491,0.004037073585896492
0.5,6,naive,36.68292925416904,36.09178675416906,6.44225,9.0,4000,0.003668292925416904,0.0036091786754169058
0.5,7,oracle,74.15465146571557,74.11090896571558,1.36875,3.0,4000,0.0074154651465715565,0.007411090896571559
0.5,7,belief,72.18670365208177,72.14998615208177,1.51375,2.0,4000,0.007218670365208178,0.007214998615208176
0.5,7,randomised,112.06740047294761,111.8532854729476,3.3975,7.0,4000,0.01120674004729476,0.011185328547294761
0.5,7,naive,52.44712305302265,52.39176055302265,1.87925,1.0,4000,0.005244712305302265,0.005239176055302264
0.5,8,oracle,43.182768515557086,42.74549351555709,5.2935,8.0,4000,0.004318276851555709,0.004274549351555709
0.5,8,belief,40.00413941670354,39.46324941670354,5.919,10.0,4000,0.004000413941670353,0.003946324941670354
0.5,8,randomised,35.60565350823924,34.96244350823924,6.4235,11.0,4000,0.0035605653508239245,0.0034962443508239236
0.5,8,naive,44.73921746276051,44.57103996276051,2.32825,8.0,4000,0.004473921746276051,0.004457103996276051
0.5,9,oracle,69.1031961615538,69.07267616155379,1.256,2.0,4000,0.00691031961615538,0.006907267616155378
0.5,9,belief,65.06559183133896,65.01747683133897,1.61,3.0,4000,0.006506559183133897,0.006501747683133897
0.5,9,randomised,84.97595422572661,84.9204667257266,1.81175,1.0,4000,0.008497595422572661,0.00849204667257266
0.5,9,naive,24.876342563291303,24.775932563291306,2.627,1.0,4000,0.00248763425632913,0.0024775932563291304
0.5,10,oracle,111.26184836642562,110.94573086642562,4.55575,3.0,4000,0.011126184836642563,0.011094573086642563
0.5,10,belief,103.26754815043441,103.03543565043441,3.86675,2.0,4000,0.010326754815043441,0.010303543565043441
0.5,10,randomised,113.28273180641551,112.9895193064155,4.33175,2.0,4000,0.011328273180641552,0.011298951930641551
0.5,10,naive,130.61648095893202,130.19925095893203,5.447,4.0,4000,0.0130616480958932,0.013019925095893203
0.5,11,oracle,50.84205544376789,50.65263044376789,3.098,7.0,4000,0.005084205544376789,0.005065263044376789
0.5,11,belief,54.456982765325165,54.309035265325164,2.80825,6.0,4000,0.005445698276532516,0.005430903526532516
0.5,11,randomised,54.30570063723496,54.15775313723496,2.80825,6.0,4000,0.005430570063723497,0.005415775313723496
0.5,11,naive,20.978276306841053,20.121573806841063,6.69325,16.0,4000,0.0020978276306841052,0.0020121573806841063
0.5,12,oracle,67.67689369776542,67.59493869776541,1.983,5.0,4000,0.006767689369776541,0.006759493869776541
0.5,12,belief,63.62458373432935,63.50050123432935,2.24975,7.0,4000,0.006362458373432934,0.006350050123432935
0.5,12,randomised,75.66837826216258,75.60753326216258,1.8015,3.0,4000,0.0075668378262162585,0.007560753326216257
0.5,12,naive,76.08133922615735,76.05554172615734,1.22825,1.0,4000,0.007608133922615736,0.007605554172615735
0.5,13,oracle,48.89733341783517,48.509498417835175,4.441,6.0,4000,0.0048897333417835176,0.004850949841783517
0.5,13,belief,37.75626578632557,37.376555786325575,4.0275,9.0,4000,0.0037756265786325566,0.0037376555786325576
0.5,13,randomised,27.690036048634397,27.1188360486344,5.3955,10.0,4000,0.0027690036048634396,0.00271188360486344
0.5,13,naive,45.11395726716819,44.63946226716819,4.888,9.0,4000,0.004511395726716819,0.004463946226716819
0.5,14,oracle,27.869852090724407,27.561072090724412,4.183,8.0,4000,0.002786985209072441,0.002756107209072441
0.5,14,belief,16.788631556113614,16.185314056113622,5.91275,11.0,4000,0.0016788631556113615,0.0016185314056113623
0.5,14,randomised,19.881445152914694,19.28290015291469,5.767,12.0,4000,0.0019881445152914695,0.001928290015291469
0.5,14,naive,34.37987194240986,33.87475194240986,5.275,10.0,4000,0.0034379871942409866,0.0033874751942409857
0.5,15,oracle,38.67843112989783,38.602893629897835,1.89825,5.0,4000,0.003867843112989783,0.003860289362989784
0.5,15,belief,50.538683120131,50.51279312013099,1.022,3.0,4000,0.0050538683120131,0.005051279312013099
0.5,15,randomised,45.9026609279432,45.8622334279432,1.23825,4.0,4000,0.00459026609279432,0.00458622334279432
0.5,15,naive,33.03895253367273,32.638830033672726,4.92125,10.0,4000,0.0033038952533672723,0.003263883003367272
0.5,16,oracle,76.23134193207989,76.00238193207989,2.839,9.0,4000,0.007623134193207988,0.007600238193207988
0.5,16,belief,58.64619474771007,58.521524747710075,2.4835,5.0,4000,0.005864619474771007,0.0058521524747710075
0.5,16,randomised,70.42411046044526,70.23567546044526,2.6575,8.0,4000,0.007042411046044526,0.007023567546044526
0.5,16,naive,48.15828842259236,48.00076592259236,3.22475,3.0,4000,0.004815828842259237,0.004800076592259236
0.5,17,oracle,38.95753596139082,38.88924096139082,2.047,2.0,4000,0.0038957535961390813,0.003888924096139082
0.5,17,belief,37.6174903811698,37.5424503811698,2.125,2.0,4000,0.0037617490381169805,0.00375424503811698
0.5,17,randomised,40.11437458560803,40.05390458560803,1.958,1.0,4000,0.0040114374585608036,0.004005390458560803
0.5,17,naive,47.055511463778885,46.89497146377889,3.4145,3.0,4000,0.004705551146377889,0.004689497146377889
0.5,18,oracle,62.14980728103876,62.01914228103877,2.458,5.0,4000,0.006214980728103876,0.006201914228103876
0.5,18,belief,57.910958648944245,57.78954614894425,2.34025,5.0,4000,0.005791095864894425,0.005778954614894425
0.5,18,randomised,56.83458807142921,56.697700571429216,2.66925,5.0,4000,0.005683458807142921,0.005669770057142922
0.5,18,naive,66.43656985803045,66.32197985803046,2.5765,3.0,4000,0.006643656985803046,0.006632197985803046
0.5,19,oracle,49.10531882750516,49.083153827505164,1.1665,2.0,4000,0.004910531882750516,0.004908315382750516
0.5,19,belief,46.195467198141955,46.14082969814196,1.66775,4.0,4000,0.004619546719814196,0.004614082969814196
0.5,19,randomised,47.86809758430405,47.789915084304056,2.25375,4.0,4000,0.004786809758430405,0.004778991508430405
0.5,19,naive,54.46683641278025,54.09326641278026,5.252,8.0,4000,0.005446683641278025,0.005409326641278026
0.12559432157547903,0,oracle,16.266800661691377,15.256590661691382,6.9445,13.0,4000,0.0016266800661691376,0.001525659066169138
0.12559432157547903,0,belief,14.702291830831882,13.774856830831887,6.6045,13.0,4000,0.0014702291830831881,0.0013774856830831887
0.12559432157547903,0,randomised,14.807772623883693,13.797527623883697,6.945,13.0,4000,0.0014807772623883695,0.0013797527623883698
0.12559432157547903,0,naive,12.85102198605773,11.895439486057732,6.81175,14.0,4000,0.001285102198605773,0.0011895439486057733
0.12559432157547903,1,oracle,45.393829902590426,45.26060240259043,2.65625,4.0,4000,0.004539382990259043,0.004526060240259043
0.12559432157547903,1,belief,44.46199460759834,44.33243210759834,2.57125,4.0,4000,0.0044461994607598344,0.004433243210759834
0.12559432157547903,1,randomised,47.08746479187863,46.995924791878636,2.365,3.0,4000,0.004708746479187863,0.004699592479187864
0.12559432157547903,1,naive,38.18427240023925,37.87494740023926,3.9465,7.0,4000,0.0038184272400239253,0.0037874947400239256
0.12559432157547903,2,oracle,54.63367985419518,54.442049854195176,3.202,6.0,4000,0.005463367985419518,0.005444204985419518
0.12559432157547903,2,belief,55.46586859833076,55.22758359833076,3.504,7.0,4000,0.0055465868598330755,0.005522758359833076
0.12559432157547903,2,randomised,56.834198492034716,56.612778492034714,3.4725,6.0,4000,0.005683419849203472,0.005661277849203471
0.12559432157547903,2,naive,57.55358753526332,57.30397753526332,3.545,8.0,4000,0.005755358753526332,0.005730397753526332
0.12559432157547903,3,oracle,48.939519454208394,48.8487894542084,2.4335,1.0,4000,0.004893951945420839,0.00488487894542084
0.12559432157547903,3,belief,51.48873243283373,51.36517993283373,2.87575,3.0,4000,0.005148873243283373,0.005136517993283373
0.12559432157547903,3,randomised,48.68948234824349,48.598752348243494,2.4335,1.0,4000,0.004868948234824349,0.00485987523482435
0.12559432157547903,3,naive,49.70815039406928,49.58115289406929,2.67725,1.0,4000,0.004970815039406928,0.004958115289406929
0.12559432157547903,4,oracle,53.384975020828165,53.10200252082817,4.36975,5.0,4000,0.0053384975020828165,0.0053102002520828175
0.12559432157547903,4,belief,53.788174363372605,53.46151936337262,4.6,6.0,4000,0.005378817436337261,0.005346151936337262
0.12559432157547903,4,randomised,53.7548837521482,53.47191125214821,4.36975,5.0,4000,0.0053754883752148205,0.005347191125214821
0.12559432157547903,4,naive,47.81342635669989,47.1603088566999,6.37825,10.0,4000,0.00478134263566999,0.00471603088566999
0.12559432157547903,5,oracle,62.095317784607914,61.97147278460791,2.521,3.0,4000,0.0062095317784607905,0.006197147278460791
0.12559432157547903,5,belief,62.42257407599709,62.29872907599709,2.521,3.0,4000,0.0062422574075997085,0.006229872907599709
0.12559432157547903,5,randomised,61.90215148974471,61.797066489744715,2.157,3.0,4000,0.006190215148974471,0.0061797066489744715
0.12559432157547903,5,naive,71.43104262597808,71.16936512597808,3.69775,6.0,4000,0.007143104262597808,0.007116936512597807
0.12559432157547903,6,oracle,65.86219556668442,65.5501230666844,5.17225,4.0,4000,0.006586219556668441,0.0065550123066684405
0.12559432157547903,6,belief,66.25120059033776,65.93164059033775,5.253,4.0,4000,0.006625120059033775,0.006593164059033775
0.12559432157547903,6,randomised,66.47101035805207,66.15145035805206,5.253,4.0,4000,0.006647101035805207,0.006615145035805206
0.12559432157547903,6,naive,66.22472610891077,65.83859110891078,5.5905,5.0,4000,0.006622472610891077,0.006583859110891078
0.12559432157547903,7,oracle,60.0926383451758,60.0473558451758,1.68225,2.0,4000,0.00600926383451758,0.00600473558451758
0.12559432157547903,7,belief,60.24923184552753,60.20394934552753,1.68225,2.0,4000,0.006024923184552753,0.006020394934552754
0.12559432157547903,7,randomised,59.96531180982467,59.92002930982467,1.68225,2.0,4000,0.005996531180982467,0.005992002930982467
0.12559432157547903,7,naive,61.2393039367625,61.156363936762496,2.128,4.0,4000,0.006123930393676249,0.0061156363936762485
0.12559432157547903,8,oracle,69.54536369193443,68.90511119193444,6.07825,13.0,4000,0.006954536369193442,0.0068905111191934435
0.12559432157547903,8,belief,68.13114173202916,67.52935673202917,5.8495,13.0,4000,0.006813114173202917,0.006752935673202917
0.12559432157547903,8,randomised,67.90246168191584,67.19612418191585,6.30025,14.0,4000,0.006790246168191585,0.0067196124181915845
0.12559432157547903,8,naive,66.28781369429316,63.6953836942932,12.4575,25.0,4000,0.006628781369429316,0.00636953836942932
0.12559432157547903,9,oracle,50.67332157020047,50.60523907020047,2.03775,2.0,4000,0.005067332157020047,0.005060523907020047
0.12559432157547903,9,belief,50.5777017379489,50.5096192379489,2.03775,2.0,4000,0.0050577701737948896,0.005050961923794889
0.12559432157547903,9,randomised,53.852313079030395,53.8142555790304,1.47625,1.0,4000,0.00538523130790304,0.00538142555790304
0.12559432157547903,9,naive,53.47750915474953,53.40596915474953,2.188,2.0,4000,0.005347750915474953,0.005340596915474953
0.12559432157547903,10,oracle,75.34477348227443,75.14022848227444,3.5885,4.0,4000,0.007534477348227444,0.007514022848227444
0.12559432157547903,10,belief,75.299196966093,75.09465196609301,3.5885,4.0,4000,0.007529919696609301,0.007509465196609301
0.12559432157547903,10,randomised,75.82415521179212,75.62701021179213,3.5485,3.0,4000,0.007582415521179212,0.0075627010211792136
0.12559432157547903,10,naive,75.23945846491654,75.03976596491654,3.56975,4.0,4000,0.0075239458464916534,0.0075039765964916546
0.12559432157547903,11,oracle,62.29384539021703,61.95446039021703,4.6175,9.0,4000,0.006229384539021702,0.006195446039021704
0.12559432157547903,11,belief,62.65101323790475,62.31162823790475,4.6175,9.0,4000,0.006265101323790474,0.006231162823790475
0.12559432157547903,11,randomised,62.6637913016566,62.3244063016566,4.6175,9.0,4000,0.00626637913016566,0.006232440630165661
0.12559432157547903,11,naive,62.13560446627366,61.86610696627366,4.11075,8.0,4000,0.006213560446627367,0.006186610696627367
0.12559432157547903,12,oracle,56.94107994237481,56.71264994237481,3.0945,9.0,4000,0.005694107994237481,0.005671264994237481
0.12559432157547903,12,belief,65.7331686442327,65.6083861442327,2.12875,7.0,4000,0.006573316864423271,0.0065608386144232695
0.12559432157547903,12,randomised,57.18494983584071,57.031554835840716,2.6725,7.0,4000,0.005718494983584071,0.005703155483584072
0.12559432157547903,12,naive,64.02752951772447,63.90928451772447,2.011,7.0,4000,0.006402752951772447,0.006390928451772447
0.12559432157547903,13,oracle,76.96894616016613,76.81085866016613,2.97475,3.0,4000,0.007696894616016612,0.007681085866016612
0.12559432157547903,13,belief,73.10375346874434,72.87549346874434,3.8345,4.0,4000,0.007310375346874434,0.007287549346874434
0.12559432157547903,13,randomised,73.10142304795971,72.84542304795971,3.8905,6.0,4000,0.007310142304795972,0.007284542304795971
0.12559432157547903,13,naive,74.73782397295759,74.39584397295758,4.2525,7.0,4000,0.007473782397295759,0.007439584397295758
0.12559432157547903,14,oracle,70.23265183825953,70.08024183825952,2.96,5.0,4000,0.0070232651838259535,0.007008024183825953
0.12559432157547903,14,belief,72.73343155644784,72.56962655644784,2.889,6.0,4000,0.007273343155644784,0.007256962655644784
0.12559432157547903,14,randomised,71.16763749544475,71.00033749544475,2.998,6.0,4000,0.007116763749544476,0.007100033749544475
0.12559432157547903,14,naive,70.74444554794445,70.44006804794445,3.62725,9.0,4000,0.007074444554794446,0.007044006804794445
0.12559432157547903,15,oracle,47.4405345927089,46.892954592708904,6.1505,10.0,4000,0.00474405345927089,0.004689295459270891
0.12559432157547903,15,belief,46.10712788765022,45.40555038765023,7.14925,11.0,4000,0.004610712788765022,0.004540555038765023
0.12559432157547903,15,randomised,47.692225178723675,47.14464517872368,6.1505,10.0,4000,0.004769222517872367,0.004714464517872368
0.12559432157547903,15,naive,43.93409409812239,42.11605159812241,10.90275,19.0,4000,0.004393409409812238,0.004211605159812241
0.12559432157547903,16,oracle,73.42531353970014,73.21259603970014,2.84825,7.0,4000,0.007342531353970014,0.007321259603970015
0.12559432157547903,16,belief,68.87895947225275,68.73693947225274,2.746,5.0,4000,0.0068878959472252746,0.006873693947225275
0.12559432157547903,16,randomised,72.65708530443726,72.39698030443726,3.049,8.0,4000,0.0072657085304437255,0.007239698030443727
0.12559432157547903,16,naive,71.8241345479504,71.64601954795039,2.9485,6.0,4000,0.00718241345479504,0.007164601954795039
0.12559432157547903,17,oracle,56.072432514925595,55.91849001492559,3.05925,4.0,4000,0.00560724325149256,0.005591849001492559
0.12559432157547903,17,belief,55.82862266193541,55.718965161935415,2.77525,2.0,4000,0.005582862266193541,0.005571896516193542
0.12559432157547903,17,randomised,55.864924269277196,55.7596992692772,2.6295,2.0,4000,0.005586492426927719,0.00557596992692772
0.12559432157547903,17,naive,53.723146132982265,53.60143363298227,2.94975,2.0,4000,0.005372314613298227,0.005360143363298227
0.12559432157547903,18,oracle,71.91600319047879,71.73916069047878,3.22725,0.0,4000,0.007191600319047879,0.007173916069047878
0.12559432157547903,18,belief,67.63049536030087,67.42310036030086,3.309,2.0,4000,0.006763049536030088,0.0067423100360300865
0.12559432157547903,18,randomised,70.49264538819752,70.28016288819751,3.44625,1.0,4000,0.007049264538819751,0.00702801628881975
0.12559432157547903,18,naive,63.846264386262305,63.56702188626231,3.77225,4.0,4000,0.006384626438626231,0.0063567021886262315
0.12559432157547903,19,oracle,64.03746312899966,63.805803128999656,3.6935,8.0,4000,0.0064037463128999664,0.006380580312899966
0.12559432157547903,19,belief,63.80638721160176,63.48182221160176,4.7205,8.0,4000,0.006380638721160176,0.006348182221160177
0.12559432157547903,19,randomised,65.11357140191774,64.76809890191774,4.65275,9.0,4000,0.006511357140191774,0.0064768098901917745
0.12559432157547903,19,naive,62.151969685730364,61.76170968573037,4.903,10.0,4000,0.006215196968573036,0.006176170968573037
0.03154786722400966,0,oracle,48.36323447749419,47.62935447749418,6.214,11.0,4000,0.004836323447749419,0.004762935447749418
0.03154786722400966,0,belief,48.33068347405947,47.59680347405946,6.214,11.0,4000,0.004833068347405946,0.0047596803474059465
0.03154786722400966,0,randomised,48.36393400013958,47.63005400013957,6.214,11.0,4000,0.004836393400013957,0.0047630054000139576
0.03154786722400966,0,naive,49.26180278982679,48.13432278982679,7.362,15.0,4000,0.0049261802789826795,0.004813432278982679
0.03154786722400966,1,oracle,57.49456741260957,57.38342991260957,2.70775,3.0,4000,0.005749456741260957,0.0057383429912609574
0.03154786722400966,1,belief,57.56136129372601,57.45111879372601,2.67875,3.0,4000,0.0057561361293726005,0.0057451118793726014
0.03154786722400966,1,randomised,57.58420508625642,57.47396258625642,2.67875,3.0,4000,0.005758420508625642,0.005747396258625642
0.03154786722400966,1,naive,57.473181819558135,57.322301819558135,3.036,4.0,4000,0.005747318181955814,0.005732230181955814
0.03154786722400966,2,oracle,60.70400830703261,60.28106580703261,4.07925,11.0,4000,0.006070400830703261,0.006028106580703261
0.03154786722400966,2,belief,61.42086194475962,61.024809444759626,4.04775,10.0,4000,0.006142086194475962,0.006102480944475962
0.03154786722400966,2,randomised,61.463821812047286,61.06776931204729,4.04775,10.0,4000,0.006146382181204729,0.006106776931204728
0.03154786722400966,2,naive,59.68665385225154,59.323958852251536,3.643,11.0,4000,0.0059686653852251545,0.005932395885225154
0.03154786722400966,3,oracle,63.072227570096274,62.98042757009628,2.4605,1.0,4000,0.006307222757009628,0.006298042757009628
0.03154786722400966,3,belief,63.01314432579818,62.92134432579819,2.4605,1.0,4000,0.006301314432579818,0.006292134432579818
0.03154786722400966,3,randomised,63.009425825861726,62.917625825861734,2.4605,1.0,4000,0.006300942582586172,0.006291762582586173
0.03154786722400966,3,naive,65.27880929558457,65.12851679558456,2.94725,1.0,4000,0.006527880929558456,0.0065128516795584564
0.03154786722400966,4,oracle,65.77211397794815,65.28853897794816,5.566,8.0,4000,0.006577211397794816,0.006528853897794816
0.03154786722400966,4,belief,65.85190181428231,65.36832681428233,5.566,8.0,4000,0.006585190181428231,0.006536832681428233
0.03154786722400966,4,randomised,65.86487341441273,65.38129841441274,5.566,8.0,4000,0.006586487341441272,0.0065381298414412745
0.03154786722400966,4,naive,63.875964575961916,62.620929575961924,8.542,15.0,4000,0.006387596457596192,0.006262092957596192
0.03154786722400966,5,oracle,71.24406122939098,71.13250122939098,2.6225,3.0,4000,0.007124406122939098,0.007113250122939098
0.03154786722400966,5,belief,71.29673343404079,71.18517343404079,2.6225,3.0,4000,0.007129673343404078,0.007118517343404079
0.03154786722400966,5,randomised,71.24535869684308,71.13379869684309,2.6225,3.0,4000,0.0071245358696843085,0.007113379869684309
0.03154786722400966,5,naive,72.72934989321209,72.43301239321208,3.81425,7.0,4000,0.007272934989321209,0.007243301239321208
0.03154786722400966,6,oracle,71.90303595396826,71.72605345396825,3.85775,1.0,4000,0.007190303595396826,0.007172605345396824
0.03154786722400966,6,belief,71.93316161929731,71.7561791192973,3.85775,1.0,4000,0.007193316161929731,0.00717561791192973
0.03154786722400966,6,randomised,71.99679726314481,71.8198147631448,3.85775,1.0,4000,0.007199679726314482,0.0071819814763144805
0.03154786722400966,6,naive,70.83523577392141,70.6582532739214,3.85775,1.0,4000,0.007083523577392141,0.007065825327392141
0.03154786722400966,7,oracle,59.29555553155939,59.16878553155939,2.6735,5.0,4000,0.005929555553155939,0.005916878553155939
0.03154786722400966,7,belief,59.3266058968631,59.1998358968631,2.6735,5.0,4000,0.0059326605896863095,0.00591998358968631
0.03154786722400966,7,randomised,59.263461101875976,59.136691101875975,2.6735,5.0,4000,0.005926346110187598,0.005913669110187598
0.03154786722400966,7,naive,59.579795533095194,59.47090553309519,2.4125,5.0,4000,0.005957979553309519,0.005947090553309519
0.03154786722400966,8,oracle,79.06042522932626,78.35321272932626,6.28175,14.0,4000,0.007906042522932626,0.007835321272932625
0.03154786722400966,8,belief,78.83356550941471,78.12005050941471,6.363,14.0,4000,0.00788335655094147,0.007812005050941472
0.03154786722400966,8,randomised,78.75556303658573,78.04204803658573,6.363,14.0,4000,0.007875556303658573,0.007804204803658573
0.03154786722400966,8,naive,74.14205572943911,71.46437822943916,12.73925,25.0,4000,0.007414205572943911,0.007146437822943916
0.03154786722400966,9,oracle,57.484825913854024,57.431953413854025,1.84475,1.0,4000,0.0057484825913854025,0.005743195341385402
0.03154786722400966,9,belief,58.66230478606633,58.62747228606633,1.42225,0.0,4000,0.005866230478606633,0.0058627472286066325
0.03154786722400966,9,randomised,57.35787296173635,57.30500046173635,1.84475,1.0,4000,0.005735787296173634,0.005730500046173635
0.03154786722400966,9,naive,60.777461390975645,60.65754889097565,2.73025,4.0,4000,0.006077746139097565,0.006065754889097564
0.03154786722400966,10,oracle,68.94233290237412,68.78056790237412,3.0235,5.0,4000,0.006894233290237412,0.006878056790237412
0.03154786722400966,10,belief,68.90448803425221,68.74272303425221,3.0235,5.0,4000,0.006890448803425222,0.0068742723034252206
0.03154786722400966,10,randomised,69.46271415607049,69.31354165607048,2.91825,4.0,4000,0.006946271415607049,0.006931354165607048
0.03154786722400966,10,naive,69.50187901467916,69.33843151467916,2.99225,4.0,4000,0.006950187901467916,0.006933843151467915
0.03154786722400966,11,oracle,65.51260390997322,65.25255890997323,3.8945,8.0,4000,0.006551260390997322,0.006525255890997323
0.03154786722400966,11,belief,66.5789642821245,66.3650017821245,3.53025,7.0,4000,0.00665789642821245,0.006636500178212449
0.03154786722400966,11,randomised,65.57492411804037,65.31487911804038,3.8945,8.0,4000,0.006557492411804037,0.006531487911804038
0.03154786722400966,11,naive,66.7218798838669,66.41429238386691,4.41725,8.0,4000,0.00667218798838669,0.0066414292383866905
0.03154786722400966,12,oracle,71.13949086624791,71.05829836624791,1.56925,6.0,4000,0.007113949086624791,0.007105829836624791
0.03154786722400966,12,belief,71.11680451256052,71.03561201256052,1.56925,6.0,4000,0.007111680451256052,0.007103561201256051
0.03154786722400966,12,randomised,71.07637288064484,70.99518038064484,1.56925,6.0,4000,0.007107637288064484,0.007099518038064484
0.03154786722400966,12,naive,67.75960817523173,67.50365317523173,3.026,10.0,4000,0.006775960817523173,0.006750365317523174
0.03154786722400966,13,oracle,81.05974288299126,80.87340038299126,3.27975,3.0,4000,0.008105974288299126,0.008087340038299126
0.03154786722400966,13,belief,81.26103456557342,81.06125706557343,3.37125,3.0,4000,0.008126103456557341,0.008106125706557343
0.03154786722400966,13,randomised,81.21897951316356,81.03263701316357,3.27975,3.0,4000,0.008121897951316357,0.008103263701316357
0.03154786722400966,13,naive,79.81612807924603,79.21235057924602,5.68925,9.0,4000,0.007981612807924603,0.007921235057924603
0.03154786722400966,14,oracle,71.90475417799519,71.71512417799518,2.9235,7.0,4000,0.007190475417799518,0.007171512417799519
0.03154786722400966,14,belief,71.89415820343379,71.70452820343378,2.9235,7.0,4000,0.007189415820343379,0.007170452820343378
0.03154786722400966,14,randomised,71.93587473872469,71.74624473872468,2.9235,7.0,4000,0.007193587473872469,0.007174624473872469
0.03154786722400966,14,naive,72.70843928776844,72.38786178776844,3.34775,10.0,4000,0.007270843928776844,0.0072387861787768445
0.03154786722400966,15,oracle,60.63729469174757,60.08408219174757,6.36875,10.0,4000,0.006063729469174757,0.006008408219174757
0.03154786722400966,15,belief,60.624237072815845,60.071024572815844,6.36875,10.0,4000,0.006062423707281585,0.006007102457281584
0.03154786722400966,15,randomised,60.70074212969655,60.14752962969655,6.36875,10.0,4000,0.006070074212969655,0.006014752962969655
0.03154786722400966,15,naive,62.312466464754834,59.946523964754874,12.41625,22.0,4000,0.006231246646475484,0.0059946523964754875
0.03154786722400966,16,oracle,76.10338403051469,75.92256153051468,2.78275,6.0,4000,0.007610338403051469,0.0075922561530514686
0.03154786722400966,16,belief,74.87312386247822,74.72713636247822,2.73425,5.0,4000,0.007487312386247823,0.007472713636247822
0.03154786722400966,16,randomised,76.1354142844882,75.9545917844882,2.78275,6.0,4000,0.00761354142844882,0.0075954591784488205
0.03154786722400966,16,naive,75.20454834614748,75.01901084614748,2.95275,6.0,4000,0.007520454834614748,0.0075019010846147476
0.03154786722400966,17,oracle,57.91251229319823,57.78942729319823,2.8785,3.0,4000,0.005791251229319823,0.005778942729319823
0.03154786722400966,17,belief,57.97793225399175,57.85484725399175,2.8785,3.0,4000,0.005797793225399176,0.005785484725399175
0.03154786722400966,17,randomised,57.81672461749872,57.69363961749872,2.8785,3.0,4000,0.005781672461749872,0.005769363961749872
0.03154786722400966,17,naive,58.35727825186403,58.247735751864035,2.88725,0.0,4000,0.005835727825186403,0.005824773575186404
0.03154786722400966,18,oracle,63.35935974449745,63.14251474449745,3.41,3.0,4000,0.006335935974449746,0.006314251474449745
0.03154786722400966,18,belief,63.455051984762434,63.23820698476243,3.41,3.0,4000,0.006345505198476244,0.006323820698476243
0.03154786722400966,18,randomised,63.39152796626968,63.17468296626967,3.41,3.0,4000,0.006339152796626968,0.006317468296626967
0.03154786722400966,18,naive,66.4453978416334,66.16789784163339,3.8185,4.0,4000,0.00664453978416334,0.006616789784163339
0.03154786722400966,19,oracle,65.22183852011563,64.90857852011563,4.4315,9.0,4000,0.006522183852011563,0.006490857852011563
0.03154786722400966,19,belief,64.54643206367507,64.27436206367507,4.1795,8.0,4000,0.006454643206367507,0.006427436206367508
0.03154786722400966,19,randomised,65.75406696780658,65.48116946780658,4.20525,8.0,4000,0.006575406696780658,0.006548116946780657
0.03154786722400966,19,naive,66.74009836489222,65.15957586489223,10.30475,19.0,4000,0.0066740098364892215,0.006515957586489224
0.007924465962305569,0,oracle,58.31732901369992,57.45999651369992,6.62325,12.0,4000,0.005831732901369993,0.005745999651369992
0.007924465962305569,0,belief,58.311527446757964,57.454194946757966,6.62325,12.0,4000,0.005831152744675797,0.005745419494675797
0.007924465962305569,0,randomised,58.31751207558068,57.46017957558068,6.62325,12.0,4000,0.005831751207558068,0.005746017957558068
0.007924465962305569,0,naive,58.888915526456685,57.87793302645669,7.28725,14.0,4000,0.005888891552645668,0.005787793302645669
0.007924465962305569,1,oracle,60.240912826945134,60.158180326945136,2.42475,2.0,4000,0.006024091282694513,0.006015818032694514
0.007924465962305569,1,belief,60.268795008747645,60.186062508747646,2.42475,2.0,4000,0.006026879500874764,0.006018606250874765
0.007924465962305569,1,randomised,60.272821565115976,60.19008906511598,2.42475,2.0,4000,0.006027282156511597,0.006019008906511598
0.007924465962305569,1,naive,61.20680450997895,61.04975200997895,3.15925,4.0,4000,0.006120680450997895,0.006104975200997895
0.007924465962305569,2,oracle,61.74772182619722,61.42340182619722,3.6775,9.0,4000,0.006174772182619722,0.006142340182619722
0.007924465962305569,2,belief,61.72649392003268,61.40217392003268,3.6775,9.0,4000,0.006172649392003268,0.006140217392003268
0.007924465962305569,2,randomised,61.74005015844455,61.415730158444546,3.6775,9.0,4000,0.006174005015844455,0.006141573015844455
0.007924465962305569,2,naive,62.661942360876765,62.39071236087676,3.269,9.0,4000,0.006266194236087676,0.006239071236087677
0.007924465962305569,3,oracle,64.68151561662137,64.58490061662137,2.4665,1.0,4000,0.006468151561662137,0.006458490061662136
0.007924465962305569,3,belief,64.66355480103535,64.56693980103535,2.4665,1.0,4000,0.006466355480103534,0.006456693980103535
0.007924465962305569,3,randomised,64.66585152967014,64.56923652967014,2.4665,1.0,4000,0.006466585152967014,0.006456923652967013
0.007924465962305569,3,naive,66.53332728770411,66.3390747877041,3.64125,2.0,4000,0.006653332728770411,0.006633907478770411
0.007924465962305569,4,oracle,70.01194083850442,69.49688083850442,5.8565,8.0,4000,0.007001194083850441,0.006949688083850443
0.007924465962305569,4,belief,70.03590603421083,69.52084603421083,5.8565,8.0,4000,0.007003590603421082,0.006952084603421084
0.007924465962305569,4,randomised,70.05106936543882,69.53600936543883,5.8565,8.0,4000,0.007005106936543882,0.006953600936543882
0.007924465962305569,4,naive,70.51654042426526,68.90752792426527,9.67075,17.0,4000,0.007051654042426526,0.006890752792426526
0.007924465962305569,5,oracle,74.06278822809168,73.89584572809167,2.86875,5.0,4000,0.007406278822809168,0.007389584572809167
0.007924465962305569,5,belief,74.06490243667326,73.89795993667326,2.86875,5.0,4000,0.007406490243667327,0.007389795993667326
0.007924465962305569,5,randomised,74.05520709813663,73.88826459813663,2.86875,5.0,4000,0.007405520709813663,0.007388826459813664
0.007924465962305569,5,naive,73.97189773048478,73.77427023048477,3.28675,5.0,4000,0.007397189773048479,0.007377427023048477
0.007924465962305569,6,oracle,70.9364780868397,70.8271080868397,2.9165,0.0,4000,0.00709364780868397,0.0070827108086839695
0.007924465962305569,6,belief,70.94230197729323,70.83293197729323,2.9165,0.0,4000,0.0070942301977293225,0.007083293197729323
0.007924465962305569,6,randomised,70.95221904686632,70.84284904686632,2.9165,0.0,4000,0.007095221904686632,0.007084284904686633
0.007924465962305569,6,naive,73.02489045516128,72.8967954551613,3.1675,0.0,4000,0.007302489045516128,0.007289679545516129
0.007924465962305569,7,oracle,59.03414533778641,58.92586783778641,2.41475,5.0,4000,0.005903414533778641,0.005892586783778641
0.007924465962305569,7,belief,59.036148353653005,58.927870853653005,2.41475,5.0,4000,0.005903614835365301,0.005892787085365301
0.007924465962305569,7,randomised,59.02610605318182,58.91782855318182,2.41475,5.0,4000,0.005902610605318182,0.005891782855318182
0.007924465962305569,7,naive,58.95707910882015,58.764279108820155,3.0935,7.0,4000,0.005895707910882016,0.005876427910882016
0.007924465962305569,8,oracle,81.44805607956391,80.7406785795639,6.28375,14.0,4000,0.008144805607956392,0.00807406785795639
0.007924465962305569,8,belief,81.44509347326743,80.73771597326743,6.28375,14.0,4000,0.008144509347326743,0.008073771597326744
0.007924465962305569,8,randomised,81.44031216983308,80.73293466983307,6.28375,14.0,4000,0.008144031216983308,0.008073293466983307
0.007924465962305569,8,naive,77.3497715526446,75.14330655264462,11.4195,23.0,4000,0.007734977155264461,0.007514330655264462
0.007924465962305569,9,oracle,62.10658140916087,62.02017390916087,2.26825,3.0,4000,0.006210658140916087,0.006202017390916087
0.007924465962305569,9,belief,62.64892519877742,62.50795019877742,2.9885,4.0,4000,0.006264892519877742,0.006250795019877743
0.007924465962305569,9,randomised,62.07473639733519,61.98832889733519,2.26825,3.0,4000,0.006207473639733519,0.006198832889733519
0.007924465962305569,9,naive,62.99076329041782,62.79251079041782,3.56725,5.0,4000,0.0062990763290417815,0.006279251079041782
0.007924465962305569,10,oracle,67.89611131924295,67.71544131924294,3.1805,4.0,4000,0.0067896111319242945,0.006771544131924294
0.007924465962305569,10,belief,67.88800730619681,67.7073373061968,3.1805,4.0,4000,0.006788800730619681,0.00677073373061968
0.007924465962305569,10,randomised,68.52178607423843,68.34960357423843,3.14225,3.0,4000,0.006852178607423843,0.006834960357423843
0.007924465962305569,10,naive,70.33287988122129,70.07481238122129,3.99275,0.0,4000,0.0070332879881221284,0.007007481238122129
0.007924465962305569,11,oracle,70.3844843983702,70.23848689837021,2.76925,6.0,4000,0.00703844843983702,0.007023848689837022
0.007924465962305569,11,belief,70.40127405179487,70.25527655179488,2.76925,6.0,4000,0.0070401274051794865,0.007025527655179487
0.007924465962305569,11,randomised,70.39228128833247,70.24628378833248,2.76925,6.0,4000,0.007039228128833247,0.0070246283788332475
0.007924465962305569,11,naive,68.6534735493334,68.3458860493334,4.41725,8.0,4000,0.00686534735493334,0.00683458860493334
0.007924465962305569,12,oracle,69.79051543876642,69.70983043876642,1.5795,6.0,4000,0.0069790515438766425,0.006970983043876641
0.007924465962305569,12,belief,69.78547991977689,69.70479491977689,1.5795,6.0,4000,0.006978547991977689,0.006970479491977689
0.007924465962305569,12,randomised,69.77463805037041,69.69395305037041,1.5795,6.0,4000,0.006977463805037042,0.0069693953050370405
0.007924465962305569,12,naive,69.11665380925706,68.85508130925706,3.10275,10.0,4000,0.006911665380925705,0.006885508130925706
0.007924465962305569,13,oracle,82.16136490053543,81.97835990053544,3.2345,3.0,4000,0.008216136490053544,0.008197835990053543
0.007924465962305569,13,belief,82.19148043109695,82.00847543109695,3.2345,3.0,4000,0.008219148043109695,0.008200847543109695
0.007924465962305569,13,randomised,82.18536445101836,82.00235945101836,3.2345,3.0,4000,0.008218536445101836,0.008200235945101837
0.007924465962305569,13,naive,81.68195461314053,81.23231461314053,5.11,7.0,4000,0.008168195461314054,0.008123231461314055
0.007924465962305569,14,oracle,71.26931875342927,71.03935125342929,3.00425,8.0,4000,0.007126931875342928,0.007103935125342929
0.007924465962305569,14,belief,71.26610790950929,71.0361404095093,3.00425,8.0,4000,0.007126610790950928,0.0071036140409509296
0.007924465962305569,14,randomised,71.26908977346795,71.03912227346797,3.00425,8.0,4000,0.007126908977346795,0.007103912227346797
0.007924465962305569,14,naive,72.92999079289905,72.66368829289904,3.10775,9.0,4000,0.007292999079289905,0.007266368829289904
0.007924465962305569,15,oracle,61.09419025143188,60.2889502514319,7.7445,12.0,4000,0.006109419025143188,0.00602889502514319
0.007924465962305569,15,belief,61.09373648934593,60.288496489345945,7.7445,12.0,4000,0.006109373648934593,0.006028849648934595
0.007924465962305569,15,randomised,61.12599965047275,60.320759650472766,7.7445,12.0,4000,0.0061125999650472745,0.006032075965047277
0.007924465962305569,15,naive,59.776632072442,57.693832072442035,11.854,20.0,4000,0.0059776632072441995,0.005769383207244203
0.007924465962305569,16,oracle,75.76284614661284,75.62706864661284,2.50525,5.0,4000,0.0075762846146612845,0.007562706864661283
0.007924465962305569,16,belief,75.74925795810606,75.61348045810605,2.50525,5.0,4000,0.0075749257958106055,0.007561348045810605
0.007924465962305569,16,randomised,75.77088169647203,75.63510419647203,2.50525,5.0,4000,0.0075770881696472035,0.007563510419647202
0.007924465962305569,16,naive,76.25456317841122,76.07923567841122,2.72375,6.0,4000,0.0076254563178411216,0.007607923567841122
0.007924465962305569,17,oracle,58.03754503175861,57.91446003175861,2.8785,3.0,4000,0.005803754503175861,0.00579144600317586
0.007924465962305569,17,belief,58.0565932423205,57.9335082423205,2.8785,3.0,4000,0.00580565932423205,0.00579335082423205
0.007924465962305569,17,randomised,58.02154237755627,57.89845737755627,2.8785,3.0,4000,0.005802154237755627,0.005789845737755627
0.007924465962305569,17,naive,58.20013971348068,58.10947971348068,2.515,1.0,4000,0.005820013971348068,0.005810947971348068
0.007924465962305569,18,oracle,63.44191176644489,63.22475426644489,3.53175,2.0,4000,0.006344191176644489,0.006322475426644489
0.007924465962305569,18,belief,63.46643380667001,63.24927630667001,3.53175,2.0,4000,0.006346643380667,0.006324927630667001
0.007924465962305569,18,randomised,63.44206894081901,63.224911440819014,3.53175,2.0,4000,0.006344206894081902,0.0063224911440819005
0.007924465962305569,18,naive,67.15293041082955,66.97928791082956,3.35725,2.0,4000,0.006715293041082955,0.006697928791082956
0.007924465962305569,19,oracle,67.61894836400677,67.33107086400676,4.19575,9.0,4000,0.006761894836400677,0.006733107086400676
0.007924465962305569,19,belief,67.61743210357042,67.32955460357041,4.19575,9.0,4000,0.006761743210357042,0.006732955460357042
0.007924465962305569,19,randomised,67.68432666021101,67.32990166021101,4.8995,9.0,4000,0.0067684326660211016,0.006732990166021101
0.007924465962305569,19,naive,70.22096330751174,68.89862830751176,9.3715,18.0,4000,0.007022096330751173,0.006889862830751176
0.0019905358527674863,0,oracle,60.137580584068246,59.28024808406825,6.62325,12.0,4000,0.006013758058406825,0.005928024808406825
0.0019905358527674863,0,belief,60.13704902614268,59.27971652614268,6.62325,12.0,4000,0.006013704902614267,0.005927971652614268
0.0019905358527674863,0,randomised,60.13560862417171,59.27827612417171,6.62325,12.0,4000,0.006013560862417171,0.005927827612417171
0.0019905358527674863,0,naive,60.75910100031592,59.748118500315925,7.28725,14.0,4000,0.006075910100031593,0.005974811850031593
0.0019905358527674863,1,oracle,61.267049107779314,61.153806607779316,2.66325,3.0,4000,0.006126704910777932,0.006115380660777931
0.0019905358527674863,1,belief,61.27706024570102,61.163817745701024,2.66325,3.0,4000,0.006127706024570102,0.006116381774570102
0.0019905358527674863,1,randomised,61.273096197060624,61.159853697060626,2.66325,3.0,4000,0.006127309619706062,0.006115985369706063
0.0019905358527674863,1,naive,62.43840012421845,62.232915124218444,3.5505,5.0,4000,0.0062438400124218444,0.006223291512421843
0.0019905358527674863,2,oracle,61.60838367011809,61.28406367011809,3.6775,9.0,4000,0.006160838367011809,0.006128406367011809
0.0019905358527674863,2,belief,61.602702901368275,61.278382901368275,3.6775,9.0,4000,0.0061602702901368276,0.006127838290136828
0.0019905358527674863,2,randomised,61.60643426724812,61.28211426724812,3.6775,9.0,4000,0.006160643426724812,0.0061282114267248115
0.0019905358527674863,2,naive,62.64337950793299,62.37214950793299,3.269,9.0,4000,0.006264337950793299,0.006237214950793299
0.0019905358527674863,3,oracle,65.32712764510192,65.23211764510192,2.223,0.0,4000,0.006532712764510192,0.006523211764510193
0.0019905358527674863,3,belief,65.32391067711579,65.22890067711579,2.223,0.0,4000,0.006532391067711579,0.006522890067711579
0.0019905358527674863,3,randomised,65.32917345499146,65.23416345499146,2.223,0.0,4000,0.006532917345499146,0.006523416345499146
0.0019905358527674863,3,naive,66.64438566472268,66.45013316472267,3.64125,2.0,4000,0.0066644385664722675,0.006645013316472268
0.0019905358527674863,4,oracle,70.75162318135779,70.2365631813578,5.8565,8.0,4000,0.007075162318135778,0.00702365631813578
0.0019905358527674863,4,belief,70.76130932076194,70.24624932076195,5.8565,8.0,4000,0.007076130932076194,0.007024624932076194
0.0019905358527674863,4,randomised,70.75950010632948,70.24444010632949,5.8565,8.0,4000,0.007075950010632948,0.007024444010632949
0.0019905358527674863,4,naive,72.12324613983469,70.5142336398347,9.67075,17.0,4000,0.00721232461398347,0.00705142336398347
0.0019905358527674863,5,oracle,74.1238146982601,73.9568721982601,2.86875,5.0,4000,0.0074123814698260106,0.0073956872198260104
0.0019905358527674863,5,belief,74.12677162144524,73.95982912144524,2.86875,5.0,4000,0.007412677162144525,0.007395982912144524
0.0019905358527674863,5,randomised,74.12191039089572,73.95496789089572,2.86875,5.0,4000,0.007412191039089572,0.007395496789089572
0.0019905358527674863,5,naive,74.62989448005942,74.45348948005942,3.2815,4.0,4000,0.007462989448005942,0.007445348948005942
0.0019905358527674863,6,oracle,70.42373120624836,70.33041120624836,2.486,1.0,4000,0.007042373120624837,0.007033041120624836
0.0019905358527674863,6,belief,70.42005685920967,70.32673685920966,2.486,1.0,4000,0.007042005685920966,0.007032673685920966
0.0019905358527674863,6,randomised,70.41382642168321,70.3205064216832,2.486,1.0,4000,0.007041382642168321,0.007032050642168321
0.0019905358527674863,6,naive,76.37085235038114,76.14936485038113,4.25475,2.0,4000,0.007637085235038114,0.007614936485038113
0.0019905358527674863,7,oracle,57.08360024270428,56.93827024270428,2.7365,6.0,4000,0.005708360024270428,0.005693827024270428
0.0019905358527674863,7,belief,57.08413514646929,56.93880514646929,2.7365,6.0,4000,0.00570841351464693,0.005693880514646929
0.0019905358527674863,7,randomised,57.083570412685276,56.938240412685275,2.7365,6.0,4000,0.0057083570412685275,0.005693824041268527
0.0019905358527674863,7,naive,56.279599207489014,56.086799207489015,3.0935,7.0,4000,0.005627959920748902,0.005608679920748902
0.0019905358527674863,8,oracle,81.69608830995321,80.9887108099532,6.28375,14.0,4000,0.008169608830995321,0.00809887108099532
0.0019905358527674863,8,belief,81.69399230497561,80.9866148049756,6.28375,14.0,4000,0.008169399230497561,0.00809866148049756
0.0019905358527674863,8,randomised,81.69413773207566,80.98676023207565,6.28375,14.0,4000,0.008169413773207566,0.008098676023207565
0.0019905358527674863,8,naive,78.45650809171048,76.50780559171051,10.57175,22.0,4000,0.007845650809171047,0.007650780559171051
0.0019905358527674863,9,oracle,62.80056557146355,62.65959057146355,2.9885,4.0,4000,0.006280056557146354,0.006265959057146356
0.0019905358527674863,9,belief,62.79861237308194,62.65763737308194,2.9885,4.0,4000,0.006279861237308193,0.006265763737308194
0.0019905358527674863,9,randomised,62.794574544581735,62.65359954458174,2.9885,4.0,4000,0.006279457454458173,0.006265359954458175
0.0019905358527674863,9,naive,63.31707507563158,63.11882257563158,3.56725,5.0,4000,0.006331707507563157,0.006311882257563158
0.0019905358527674863,10,oracle,67.75695068302696,67.55271568302696,3.386,3.0,4000,0.006775695068302697,0.006755271568302695
0.0019905358527674863,10,belief,67.75275033023516,67.54851533023516,3.386,3.0,4000,0.006775275033023516,0.006754851533023516
0.0019905358527674863,10,randomised,67.75087760630765,67.54664260630766,3.386,3.0,4000,0.006775087760630766,0.006754664260630765
0.0019905358527674863,10,naive,69.57823142318803,69.32016392318803,3.99275,0.0,4000,0.006957823142318803,0.006932016392318803
0.0019905358527674863,11,oracle,70.66586456353161,70.51986706353162,2.76925,6.0,4000,0.007066586456353161,0.007051986706353161
0.0019905358527674863,11,belief,70.67174734869616,70.52574984869617,2.76925,6.0,4000,0.0070671747348696155,0.007052574984869616
0.0019905358527674863,11,randomised,70.67374967538683,70.52775217538684,2.76925,6.0,4000,0.007067374967538682,0.007052775217538683
0.0019905358527674863,11,naive,69.13866794128023,68.83108044128024,4.41725,8.0,4000,0.006913866794128023,0.006883108044128023
0.0019905358527674863,12,oracle,68.74474279491722,68.6247727949172,2.0545,7.0,4000,0.006874474279491722,0.006862477279491721
0.0019905358527674863,12,belief,68.74306024003783,68.62309024003783,2.0545,7.0,4000,0.006874306024003784,0.006862309024003782
0.0019905358527674863,12,randomised,68.74073985254051,68.6207698525405,2.0545,7.0,4000,0.006874073985254052,0.00686207698525405
0.0019905358527674863,12,naive,68.31755668229039,68.05598418229039,3.10275,10.0,4000,0.006831755668229038,0.0068055984182290395
0.0019905358527674863,13,oracle,82.13039761287911,81.94739261287911,3.2345,3.0,4000,0.008213039761287911,0.008194739261287911
0.0019905358527674863,13,belief,82.13560438200568,81.95259938200569,3.2345,3.0,4000,0.008213560438200568,0.00819525993820057
0.0019905358527674863,13,randomised,82.1404686667866,81.95746366678661,3.2345,3.0,4000,0.00821404686667866,0.00819574636667866
0.0019905358527674863,13,naive,81.9098830178009,81.46024301780089,5.11,7.0,4000,0.008190988301780089,0.008146024301780089
0.0019905358527674863,14,oracle,70.98230636063613,70.75233886063614,3.00425,8.0,4000,0.007098230636063613,0.007075233886063614
0.0019905358527674863,14,belief,70.98132009242761,70.75135259242762,3.00425,8.0,4000,0.007098132009242761,0.007075135259242762
0.0019905358527674863,14,randomised,70.98228338216427,70.75231588216428,3.00425,8.0,4000,0.007098228338216427,0.007075231588216429
0.0019905358527674863,14,naive,73.40835606273527,73.08821106273527,3.3155,10.0,4000,0.0073408356062735275,0.007308821106273527
0.0019905358527674863,15,oracle,60.63623190491853,59.83099190491855,7.7445,12.0,4000,0.006063623190491854,0.0059830991904918545
0.0019905358527674863,15,belief,60.636796653971714,59.83155665397173,7.7445,12.0,4000,0.006063679665397171,0.0059831556653971735
0.0019905358527674863,15,randomised,60.64216345941372,59.83692345941374,7.7445,12.0,4000,0.006064216345941372,0.005983692345941374
0.0019905358527674863,15,naive,58.910864548628524,56.82806454862856,11.854,20.0,4000,0.0058910864548628525,0.005682806454862856
0.0019905358527674863,16,oracle,75.50856922603214,75.37279172603213,2.50525,5.0,4000,0.007550856922603213,0.007537279172603213
0.0019905358527674863,16,belief,75.50777713917898,75.37199963917898,2.50525,5.0,4000,0.007550777713917899,0.007537199963917897
0.0019905358527674863,16,randomised,75.51258287755456,75.37680537755456,2.50525,5.0,4000,0.0075512582877554565,0.007537680537755455
0.0019905358527674863,16,naive,77.37859726678789,77.20494976678789,2.67775,6.0,4000,0.00773785972667879,0.0077204949766787895
0.0019905358527674863,17,oracle,55.06895156931097,54.945866569310965,2.8785,3.0,4000,0.005506895156931097,0.005494586656931096
0.0019905358527674863,17,belief,55.076126073423154,54.95304107342315,2.8785,3.0,4000,0.005507612607342315,0.005495304107342315
0.0019905358527674863,17,randomised,55.064960520610214,54.94187552061021,2.8785,3.0,4000,0.005506496052061021,0.005494187552061021
0.0019905358527674863,17,naive,55.727160794809066,55.60152579480908,3.04,0.0,4000,0.005572716079480906,0.005560152579480908
0.0019905358527674863,18,oracle,63.630817185860536,63.41277218586053,3.6055,1.0,4000,0.006363081718586054,0.006341277218586054
0.0019905358527674863,18,belief,63.63829136161144,63.42024636161143,3.6055,1.0,4000,0.006363829136161144,0.006342024636161144
0.0019905358527674863,18,randomised,63.63085689742705,63.41281189742705,3.6055,1.0,4000,0.006363085689742705,0.006341281189742705
0.0019905358527674863,18,naive,66.79098628275796,66.61734378275796,3.35725,2.0,4000,0.006679098628275796,0.006661734378275796
0.0019905358527674863,19,oracle,68.33186536088613,67.94839286088613,4.95825,10.0,4000,0.006833186536088613,0.006794839286088613
0.0019905358527674863,19,belief,68.3326243984269,67.9491518984269,4.95825,10.0,4000,0.006833262439842691,0.006794915189842691
0.0019905358527674863,19,randomised,68.32986496821752,67.94639246821752,4.95825,10.0,4000,0.006832986496821752,0.006794639246821753
0.0019905358527674863,19,naive,70.62693298052068,69.3045979805207,9.3715,18.0,4000,0.0070626932980520675,0.006930459798052069
0.0005,0,oracle,60.594806317529674,59.737473817529676,6.62325,12.0,4000,0.0060594806317529675,0.0059737473817529675
0.0005,0,belief,60.59440403102303,59.737071531023034,6.62325,12.0,4000,0.006059440403102303,0.005973707153102303
0.0005,0,randomised,60.593306576932264,59.735974076932266,6.62325,12.0,4000,0.006059330657693226,0.005973597407693226
0.0005,0,naive,61.22887035193571,60.217887851935714,7.28725,14.0,4000,0.006122887035193571,0.006021788785193571
0.0005,1,oracle,61.387865230174555,61.274622730174556,2.66325,3.0,4000,0.006138786523017455,0.006127462273017455
0.0005,1,belief,61.39373965416934,61.28049715416934,2.66325,3.0,4000,0.006139373965416933,0.006128049715416934
0.0005,1,randomised,61.39387713543073,61.28063463543073,2.66325,3.0,4000,0.006139387713543072,0.006128063463543072
0.0005,1,naive,62.6113285710818,62.405843571081796,3.5505,5.0,4000,0.00626113285710818,0.00624058435710818
0.0005,2,oracle,62.19334278886481,61.932785288864814,3.33925,8.0,4000,0.006219334278886482,0.006193278528886481
0.0005,2,belief,62.193501748498875,61.93294424849888,3.33925,8.0,4000,0.006219350174849887,0.006193294424849888
0.0005,2,randomised,62.19636473545006,61.93580723545006,3.33925,8.0,4000,0.006219636473545007,0.006193580723545007
0.0005,2,naive,62.63871673008953,62.367486730089524,3.269,9.0,4000,0.006263871673008952,0.006236748673008953
0.0005,3,oracle,65.3519363314018,65.2569263314018,2.223,0.0,4000,0.006535193633140181,0.0065256926331401805
0.0005,3,belief,65.35194024271867,65.25693024271867,2.223,0.0,4000,0.006535194024271866,0.0065256930242718674
0.0005,3,randomised,65.35345014655059,65.25844014655058,2.223,0.0,4000,0.006535345014655059,0.006525844014655059
0.0005,3,naive,66.67228226775669,66.47802976775668,3.64125,2.0,4000,0.006667228226775668,0.0066478029767756686
0.0005,4,oracle,70.93742261330715,70.42236261330716,5.8565,8.0,4000,0.007093742261330714,0.007042236261330716
0.0005,4,belief,70.94177539302552,70.42671539302553,5.8565,8.0,4000,0.007094177539302552,0.0070426715393025535
0.0005,4,randomised,70.94188225241294,70.42682225241295,5.8565,8.0,4000,0.007094188225241294,0.007042682225241295
0.0005,4,naive,72.52683236847406,70.91781986847407,9.67075,17.0,4000,0.0072526832368474065,0.007091781986847407
0.0005,5,oracle,74.13914379519133,73.97220129519133,2.86875,5.0,4000,0.007413914379519134,0.007397220129519132
0.0005,5,belief,74.14288215718511,73.97593965718511,2.86875,5.0,4000,0.007414288215718512,0.00739759396571851
0.0005,5,randomised,74.14164939631837,73.97470689631837,2.86875,5.0,4000,0.007414164939631837,0.0073974706896318375
0.0005,5,naive,74.65463872244936,74.47823372244936,3.2815,4.0,4000,0.007465463872244937,0.0074478233722449355
0.0005,6,oracle,71.05564782285226,70.96190782285227,2.445,2.0,4000,0.007105564782285226,0.007096190782285227
0.0005,6,belief,71.05617387751863,70.96243387751863,2.445,2.0,4000,0.0071056173877518634,0.007096243387751863
0.0005,6,randomised,71.05563910109844,70.96189910109844,2.445,2.0,4000,0.007105563910109844,0.0070961899101098435
0.0005,6,naive,76.3547419079369,76.13325440793689,4.25475,2.0,4000,0.00763547419079369,0.0076133254407936895
0.0005,7,oracle,56.90098327909527,56.75565327909527,2.7365,6.0,4000,0.005690098327909527,0.005675565327909527
0.0005,7,belief,56.897365972290686,56.752035972290685,2.7365,6.0,4000,0.005689736597229069,0.0056752035972290685
0.0005,7,randomised,56.894952459690785,56.749622459690784,2.7365,6.0,4000,0.005689495245969079,0.005674962245969078
0.0005,7,naive,56.10942395031202,55.91662395031202,3.0935,7.0,4000,0.005610942395031202,0.005591662395031202
0.0005,8,oracle,81.75839100052167,81.05101350052166,6.28375,14.0,4000,0.008175839100052167,0.008105101350052166
0.0005,8,belief,81.75758251334923,81.05020501334923,6.28375,14.0,4000,0.008175758251334923,0.008105020501334922
0.0005,8,randomised,81.75743075457808,81.05005325457807,6.28375,14.0,4000,0.008175743075457808,0.008105005325457808
0.0005,8,naive,78.55958685641917,76.6108843564192,10.57175,22.0,4000,0.007855958685641918,0.00766108843564192
0.0005,9,oracle,62.83568336496222,62.694708364962224,2.9885,4.0,4000,0.006283568336496222,0.006269470836496222
0.0005,9,belief,62.833971639424306,62.69299663942431,2.9885,4.0,4000,0.00628339716394243,0.006269299663942431
0.0005,9,randomised,62.8346674428779,62.693692442877904,2.9885,4.0,4000,0.006283466744287791,0.00626936924428779
0.0005,9,naive,63.39904089020348,63.200788390203485,3.56725,5.0,4000,0.006339904089020348,0.006320078839020348
0.0005,10,oracle,67.53181310377073,67.32757810377073,3.386,3.0,4000,0.006753181310377073,0.006732757810377073
0.0005,10,belief,67.52878783546868,67.32455283546868,3.386,3.0,4000,0.0067528787835468675,0.006732455283546868
0.0005,10,randomised,67.52878737374238,67.32455237374238,3.386,3.0,4000,0.0067528787373742375,0.0067324552373742375
0.0005,10,naive,69.3886723009586,69.13060480095861,3.99275,0.0,4000,0.00693886723009586,0.006913060480095861
0.0005,11,oracle,70.73654422626691,70.59054672626692,2.76925,6.0,4000,0.007073654422626691,0.007059054672626692
0.0005,11,belief,70.74128315755831,70.59528565755832,2.76925,6.0,4000,0.007074128315755832,0.007059528565755832
0.0005,11,randomised,70.74054516007448,70.59454766007448,2.76925,6.0,4000,0.0070740545160074475,0.007059454766007448
0.0005,11,naive,69.26054326225778,68.95295576225779,4.41725,8.0,4000,0.006926054326225778,0.006895295576225779
0.0005,12,oracle,68.54130820824366,68.42133820824365,2.0545,7.0,4000,0.006854130820824367,0.006842133820824365
0.0005,12,belief,68.53969757878053,68.41972757878052,2.0545,7.0,4000,0.006853969757878053,0.006841972757878052
0.0005,12,randomised,68.53882151192863,68.41885151192862,2.0545,7.0,4000,0.006853882151192863,0.006841885151192862
0.0005,12,naive,68.1168325592223,67.8552600592223,3.10275,10.0,4000,0.006811683255922229,0.006785526005922231
0.0005,13,oracle,82.1226188937543,81.9396138937543,3.2345,3.0,4000,0.00821226188937543,0.00819396138937543
0.0005,13,belief,82.12414758659045,81.94114258659046,3.2345,3.0,4000,0.008212414758659045,0.008194114258659046
0.0005,13,randomised,82.12512028672859,81.9421152867286,3.2345,3.0,4000,0.00821251202867286,0.008194211528672859
0.0005,13,naive,81.9671360445044,81.5174960445044,5.11,7.0,4000,0.008196713604450439,0.00815174960445044
0.0005,14,oracle,70.9102119757448,70.68024447574481,3.00425,8.0,4000,0.0070910211975744805,0.007068024447574482
0.0005,14,belief,70.91064098225786,70.68067348225787,3.00425,8.0,4000,0.007091064098225785,0.0070680673482257875
0.0005,14,randomised,70.90871351355065,70.67874601355066,3.00425,8.0,4000,0.007090871351355066,0.0070678746013550665
0.0005,14,naive,73.37736733708823,73.05722233708823,3.3155,10.0,4000,0.007337736733708824,0.007305722233708824
0.0005,15,oracle,60.52119788676532,59.71595788676534,7.7445,12.0,4000,0.006052119788676532,0.0059715957886765335
0.0005,15,belief,60.52081260195018,59.7155726019502,7.7445,12.0,4000,0.006052081260195018,0.005971557260195021
0.0005,15,randomised,60.520185521738995,59.71494552173901,7.7445,12.0,4000,0.0060520185521739,0.005971494552173901
0.0005,15,naive,58.693393579036865,56.6105935790369,11.854,20.0,4000,0.005869339357903686,0.005661059357903691
0.0005,16,oracle,75.44469774378075,75.30892024378075,2.50525,5.0,4000,0.007544469774378075,0.007530892024378074
0.0005,16,belief,75.44623548547742,75.31045798547741,2.50525,5.0,4000,0.007544623548547741,0.007531045798547742
0.0005,16,randomised,75.44819597299892,75.31241847299891,2.50525,5.0,4000,0.007544819597299892,0.007531241847299892
0.0005,16,naive,77.33127094679548,77.15762344679548,2.67775,6.0,4000,0.007733127094679548,0.007715762344679548
0.0005,17,oracle,55.07684051930215,54.95375551930215,2.8785,3.0,4000,0.005507684051930216,0.005495375551930215
0.0005,17,belief,55.08053589179167,54.957450891791666,2.8785,3.0,4000,0.005508053589179167,0.0054957450891791665
0.0005,17,randomised,55.078838027290374,54.95575302729037,2.8785,3.0,4000,0.005507883802729038,0.005495575302729037
0.0005,17,naive,55.67693767323199,55.551302673232,3.04,0.0,4000,0.005567693767323199,0.0055551302673232
0.0005,18,oracle,64.81552785321273,64.59404785321271,3.7245,1.0,4000,0.006481552785321273,0.006459404785321271
0.0005,18,belief,64.81692026550672,64.59544026550671,3.7245,1.0,4000,0.006481692026550673,0.006459544026550671
0.0005,18,randomised,64.8155196464373,64.59403964643728,3.7245,1.0,4000,0.00648155196464373,0.0064594039646437285
0.0005,18,naive,66.70007002833219,66.52642752833219,3.35725,2.0,4000,0.006670007002833219,0.006652642752833219
0.0005,19,oracle,63.32154974415755,62.938077244157554,4.95825,10.0,4000,0.006332154974415754,0.006293807724415755
0.0005,19,belief,63.32174845998634,62.93827595998634,4.95825,10.0,4000,0.006332174845998634,0.006293827595998635
0.0005,19,randomised,63.322058344874335,62.93858584487434,4.95825,10.0,4000,0.006332205834487433,0.0062938585844874335
0.0005,19,naive,61.7289079518448,60.40657295184483,9.3715,18.0,4000,0.00617289079518448,0.006040657295184482
