group,learner_seed,timestep,actor_distance_from_clone,det_mean_objective,det_se_objective,det_mean_raw_pnl,det_mean_quoted_spread,det_mean_fills,det_mean_abs_inventory,det_mean_signed_inventory,det_loss_rate,det_frac_near_bound,stoch_mean_objective,stoch_se_objective,stoch_mean_raw_pnl,stoch_mean_quoted_spread,stoch_mean_fills,stoch_mean_abs_inventory,stoch_mean_signed_inventory,stoch_loss_rate,stoch_frac_near_bound,n_eval_seeds,bid_action_depth_mse,ask_action_depth_mse,mean_quoted_spread_error_signed,mean_inventory_skew_error_signed,frac_wrong_inventory_skew,corr_bid,corr_ask,frac_wider_than_analytical,n_states,model_path,actor_clone_verify_max_abs_diff
A_random_init,0,0,13.854742050170898,20.49252877616096,11.43157852378114,20.78408056137222,3.0744128440090406,27.3,3.4392467312112616,1.217402552937548,0.1,0.0,-22.19455743418173,16.80729687279583,-21.632535665431007,3.038024561275664,84.7,5.262432844389204,-0.6645110421288145,0.55,0.5742182005120051,20,0.4629652234264239,0.4640271216022568,1.2249195264438677,0.0036656579748536667,0.4740740740740741,-0.7136985540864706,0.7259972490580887,1.0,270,C:\Users\conor\OneDrive\Documents\Edinburgh master\Dissertation\Python\mbt_gym\logs\phase5_ppo_optimisation\checkpoints\A_random_init_seed0_t000000.zip,
A_random_init,0,4000,13.85606861114502,21.569233097525323,10.056753904192316,21.813064025594976,2.9443380030589816,25.6,3.2792178944287196,-0.11626953619230677,0.3,0.0,-1.3065501221521998,12.94111550308746,-0.6711109762811738,2.9592019371160534,81.45,5.575708415609942,-3.1380235756712334,0.5,0.5758153509949321,20,0.566777033728295,0.42603900981504605,1.2823024467206585,-0.10359557026205338,0.4444444444444444,0.14360341237014587,0.56178333289615,1.0,270,C:\Users\conor\OneDrive\Documents\Edinburgh master\Dissertation\Python\mbt_gym\logs\phase5_ppo_optimisation\checkpoints\A_random_init_seed0_t004000.zip,
A_random_init,0,8000,13.864030838012695,26.086385236999696,10.97532048422593,26.356860122153638,2.945241066042371,27.55,3.5444194180679247,-0.353406096752679,0.3,0.0,-9.790693510058299,16.232815034074743,-8.85400797003874,2.9926738629045913,83.3,6.680124312183908,-1.6338590149882175,0.6,0.5510408261038988,20,0.4779105672925347,0.4157066725035326,1.2105598412661809,-0.09260389557239743,0.5333333333333333,0.8467096862795884,-0.6604833504368508,1.0,270,C:\Users\conor\OneDrive\Documents\Edinburgh master\Dissertation\Python\mbt_gym\logs\phase5_ppo_optimisation\checkpoints\A_random_init_seed0_t008000.zip,
A_random_init,0,16000,13.887604713439941,29.067151397308955,10.640182668544018,29.379923237531795,2.8788375024431314,29.95,3.7284391881924868,-1.587765113110437,0.2,0.0,6.057095994817638,13.18514542386666,6.653354937982108,2.957069795974511,87.45,5.490110191565879,-3.7120880641546123,0.4,0.5740030685137014,20,0.466517689589238,0.3760039347674327,1.1492951919408887,-0.15689409948949615,0.4703703703703704,0.858950871087986,-0.5450586364957135,1.0,270,C:\Users\conor\OneDrive\Documents\Edinburgh master\Dissertation\Python\mbt_gym\logs\phase5_ppo_optimisation\checkpoints\A_random_init_seed0_t016000.zip,
A_random_init,0,24000,13.87319278717041,27.96276039979012,11.234896512584946,28.299256726814757,2.895215380702681,29.05,3.862082928621472,-1.477264418086056,0.3,0.0,-12.820541768841505,15.576356305176585,-11.931467468278676,2.9337610427130967,86.65,6.385198289918131,-3.098285884648991,0.55,0.5727307329153757,20,0.4946004623582132,0.3749811909947765,1.1507929155873313,-0.13322098601928178,0.362962962962963,0.2702240602806433,-0.5168323294036915,1.0,270,C:\Users\conor\OneDrive\Documents\Edinburgh master\Dissertation\Python\mbt_gym\logs\phase5_ppo_optimisation\checkpoints\A_random_init_seed0_t024000.zip,
A_random_init,0,32000,13.88196086883545,30.70613459770717,12.464282555883115,31.06242934413716,2.942689011061341,32.8,4.03822404909046,-1.2484506317042476,0.15,0.0,6.040852297549958,17.41760252772803,6.864502197236773,2.998872945579449,89.4,6.6491954550342856,-1.7353345245743443,0.5,0.570467735430433,20,0.4456114363766123,0.2989055328463405,1.0273894200554774,-0.1115508852824945,0.3,-0.43607129350853024,0.15807219522960256,1.0,270,C:\Users\conor\OneDrive\Documents\Edinburgh master\Dissertation\Python\mbt_gym\logs\phase5_ppo_optimisation\checkpoints\A_random_init_seed0_t032000.zip,
A_random_init,0,48000,13.909111022949219,26.087484213809518,13.642617737509303,26.524324335557584,3.0457190846824633,34.15,4.324182702252741,-0.23328352020624096,0.25,0.0,-3.5272795935604635,20.681624118082397,-2.5976803494921987,3.0631495601821177,90.8,6.907541006051747,-0.4394253610632758,0.4,0.5640329165856854,20,0.3317878008706016,0.33507744515046106,0.92992253792127,-0.02152632379778109,0.0,0.022725434287680084,-0.12065368842809183,1.0,270,C:\Users\conor\OneDrive\Documents\Edinburgh master\Dissertation\Python\mbt_gym\logs\phase5_ppo_optimisation\checkpoints\A_random_init_seed0_t048000.zip,
A_random_init,0,64000,13.917020797729492,29.346358349101717,9.705531938887793,29.597231430578848,3.0410508691604012,23.9,3.158678894553198,0.6173977423426211,0.15,0.0,12.100059951521493,9.946066268511055,12.444797326624158,3.0501872561426504,76.15,4.1504881353126235,-0.8417820495861512,0.35,0.56725577628131,20,0.5438928352049316,0.5337143191894885,1.355005825030477,-0.04432910810488205,0.28888888888888886,0.6535626363361939,0.1911166306205479,1.0,270,C:\Users\conor\OneDrive\Documents\Edinburgh master\Dissertation\Python\mbt_gym\logs\phase5_ppo_optimisation\checkpoints\A_random_init_seed0_t064000.zip,
B_clone_init,0,0,0.0,29.413455796897267,15.844837414268234,29.782404320226835,3.063225981536122,64.75,4.249256583185045,0.7497658433028679,0.25,0.0,-15.151419242127275,15.197857599753116,-14.59628190285539,3.034223942152244,115.6,5.087698330585336,0.44388036682182463,0.5,0.6122862921756695,20,0.017673124109922972,0.017456144783496726,-0.003862058980662526,-0.0045276682069604205,0.8888888888888888,0.9186991925706054,0.9186617225193988,0.24444444444444444,270,C:\Users\conor\OneDrive\Documents\Edinburgh master\Dissertation\Python\mbt_gym\logs\phase5_ppo_optimisation\checkpoints\B_clone_init_seed0_t000000.zip,4.172325134277344e-07
B_clone_init,0,4000,0.09999588876962662,34.25743867094512,11.800238146542396,34.49970765259626,3.032448975943658,58.0,3.5911804650944026,-0.7882528438496479,0.15,0.0,-6.386720697949298,11.426347329774798,-5.995411660711298,3.0348243032669444,110.35,4.493353505650382,-1.2095472096439253,0.6,0.5968409204710425,20,0.0208237307033975,0.010003823724857598,0.11709579562326226,-0.060723216039433855,0.8888888888888888,0.9325900108720093,0.9480371915916367,1.0,270,C:\Users\conor\OneDrive\Documents\Edinburgh master\Dissertation\Python\mbt_gym\logs\phase5_ppo_optimisation\checkpoints\B_clone_init_seed0_t004000.zip,
B_clone_init,0,8000,0.1636084020137787,29.782951927089226,10.768804110688476,29.97575074795801,3.0223003058886904,64.8,3.220021709696862,0.6246980469408007,0.15,0.0,-16.322241231080817,14.596252434739599,-15.735442773284479,3.05883860095229,114.15,5.491493647120881,0.20161239871815645,0.65,0.5965986978610708,20,0.012901958013322345,0.0093226119933756,-0.007180351572373252,0.007966728992105904,0.8888888888888888,0.9327471755032748,0.9458564313499089,0.44074074074074077,270,C:\Users\conor\OneDrive\Documents\Edinburgh master\Dissertation\Python\mbt_gym\logs\phase5_ppo_optimisation\checkpoints\B_clone_init_seed0_t008000.zip,
B_clone_init,0,16000,0.27388685941696167,28.266717077628336,11.641060856000545,28.489625836016785,3.0353430151203282,68.4,3.4166537334345564,0.8479166721168097,0.2,0.0,-14.672395023090536,12.902485437024936,-14.285156295493938,3.088441515992527,118.15,4.050535616487788,0.20852528531736056,0.55,0.6139381001291662,20,0.01978724129986443,0.021474703468433994,-0.05962335117684254,0.04784163042838694,0.8888888888888888,0.9247044218327054,0.8718069091124475,0.4148148148148148,270,C:\Users\conor\OneDrive\Documents\Edinburgh master\Dissertation\Python\mbt_gym\logs\phase5_ppo_optimisation\checkpoints\B_clone_init_seed0_t016000.zip,
B_clone_init,0,24000,0.29716095328330994,23.018326360558156,12.9939299579939,23.372240349720858,3.024123339271331,63.55,4.255942582663023,0.12874009200778067,0.25,0.0,-25.406475720071512,12.361342293265265,-24.829176464211923,3.0356352870584438,115.8,5.418419227879193,-0.25423410794751444,0.75,0.6083708477434827,20,0.05818301495889516,0.030006726666661234,0.045853349358995925,0.015833080127134264,0.8666666666666667,0.6064640181747956,0.8503211694405434,0.5111111111111111,270,C:\Users\conor\OneDrive\Documents\Edinburgh master\Dissertation\Python\mbt_gym\logs\phase5_ppo_optimisation\checkpoints\B_clone_init_seed0_t024000.zip,
B_clone_init,0,32000,0.33136916160583496,25.881650241426293,13.279039211684502,26.264482558944927,2.9527233956108527,77.1,4.651585408260004,-0.5918262051000422,0.3,0.0,-8.035471052547793,15.736386351277547,-7.350263651985981,3.002176141450689,120.2,6.169317439376955,0.3132913869675729,0.55,0.6132617811247092,20,0.07926509923894427,0.05782374236784087,-0.20769186198431355,-0.04406224434634297,0.8629629629629629,0.5666600714924782,0.8388286522044707,0.42962962962962964,270,C:\Users\conor\OneDrive\Documents\Edinburgh master\Dissertation\Python\mbt_gym\logs\phase5_ppo_optimisation\checkpoints\B_clone_init_seed0_t032000.zip,
B_clone_init,0,48000,0.5024290680885315,11.153609140923155,17.04498411201151,11.894125229917947,2.971342300345038,94.9,5.767843131977662,4.374274448905517,0.25,0.07214655767606389,-17.398185037773878,16.78197699111707,-16.81400587515754,3.081311890122624,122.9,5.35891019849806,1.7228353102027056,0.5,0.621164745031907,20,0.1350897378602975,0.08042829769573885,-0.27165691905365336,0.1985845288679906,0.8555555555555555,0.7423547148150746,0.8516993616175031,0.2851851851851852,270,C:\Users\conor\OneDrive\Documents\Edinburgh master\Dissertation\Python\mbt_gym\logs\phase5_ppo_optimisation\checkpoints\B_clone_init_seed0_t048000.zip,
B_clone_init,0,64000,0.5573850870132446,36.002749695232545,8.592722133828358,36.17869329603557,2.933955205784064,65.65,3.0655124207567424,1.0748414542597486,0.2,0.0,1.22618146683131,7.8977709370437825,1.431555546421547,3.0216455821264985,105.6,3.308195666749211,0.15521343973482207,0.5,0.6070128583920076,20,0.09591684643326279,0.1332949129162768,0.14446526383512615,0.02948966226038682,0.8888888888888888,0.7917140587182511,0.8869680050391682,0.5814814814814815,270,C:\Users\conor\OneDrive\Documents\Edinburgh master\Dissertation\Python\mbt_gym\logs\phase5_ppo_optimisation\checkpoints\B_clone_init_seed0_t064000.zip,
C_frozen_clone,0,0,0.0,29.413455796897267,15.844837414268234,29.782404320226835,3.063225981536122,64.75,4.249256583185045,0.7497658433028679,0.25,0.0,-15.151419242127275,15.197857599753116,-14.59628190285539,3.034223942152244,115.6,5.087698330585336,0.44388036682182463,0.5,0.6122862921756695,20,0.017673124109922972,0.017456144783496726,-0.003862058980662526,-0.0045276682069604205,0.8888888888888888,0.9186991925706054,0.9186617225193988,0.24444444444444444,270,,
C_frozen_clone,0,4000,0.0,29.413455796897267,15.844837414268234,29.782404320226835,3.063225981536122,64.75,4.249256583185045,0.7497658433028679,0.25,0.0,-8.002548464336297,12.337744873304487,-7.516370184167033,3.0589013440631807,114.45,4.963988321952159,-0.28903102678630144,0.55,0.6038881067042505,20,0.017673124109922972,0.017456144783496726,-0.003862058980662526,-0.0045276682069604205,0.8888888888888888,0.9186991925706054,0.9186617225193988,0.24444444444444444,270,,
C_frozen_clone,0,8000,0.0,29.413455796897267,15.844837414268234,29.782404320226835,3.063225981536122,64.75,4.249256583185045,0.7497658433028679,0.25,0.0,-18.40365278979644,17.826826054282755,-17.58106340545541,3.0790948058246093,114.95,6.271112576420014,0.22265629371907622,0.65,0.5948598024636904,20,0.017673124109922972,0.017456144783496726,-0.003862058980662526,-0.0045276682069604205,0.8888888888888888,0.9186991925706054,0.9186617225193988,0.24444444444444444,270,,
C_frozen_clone,0,16000,0.0,29.413455796897267,15.844837414268234,29.782404320226835,3.063225981536122,64.75,4.249256583185045,0.7497658433028679,0.25,0.0,-13.956245954255971,14.643260413483636,-13.48800825268396,3.090666667810635,117.2,4.380957294913516,0.18275332846025277,0.55,0.6115730050080344,20,0.017673124109922972,0.017456144783496726,-0.003862058980662526,-0.0045276682069604205,0.8888888888888888,0.9186991925706054,0.9186617225193988,0.24444444444444444,270,,
C_frozen_clone,0,24000,0.0,29.413455796897267,15.844837414268234,29.782404320226835,3.063225981536122,64.75,4.249256583185045,0.7497658433028679,0.25,0.0,-29.488383632863798,13.89162524396319,-28.86435552743445,3.0489304531123462,117.25,5.520286095321056,0.7328884290251249,0.7,0.6139205137332695,20,0.017673124109922972,0.017456144783496726,-0.003862058980662526,-0.0045276682069604205,0.8888888888888888,0.9186991925706054,0.9186617225193988,0.24444444444444444,270,,
C_frozen_clone,0,32000,0.0,29.413455796897267,15.844837414268234,29.782404320226835,3.063225981536122,64.75,4.249256583185045,0.7497658433028679,0.25,0.0,-12.299784757857207,19.27783509800448,-11.599906725214485,3.071797489282793,114.45,5.918311414298735,1.800845675033392,0.5,0.6071789675178638,20,0.017673124109922972,0.017456144783496726,-0.003862058980662526,-0.0045276682069604205,0.8888888888888888,0.9186991925706054,0.9186617225193988,0.24444444444444444,270,,
C_frozen_clone,0,48000,0.0,29.413455796897267,15.844837414268234,29.782404320226835,3.063225981536122,64.75,4.249256583185045,0.7497658433028679,0.25,0.0,-11.665650330530394,15.712706775226966,-11.103567302973,3.065162710128102,116.9,5.352004762279839,1.0872510787767338,0.5,0.6037131327516346,20,0.017673124109922972,0.017456144783496726,-0.003862058980662526,-0.0045276682069604205,0.8888888888888888,0.9186991925706054,0.9186617225193988,0.24444444444444444,270,,
C_frozen_clone,0,64000,0.0,29.413455796897267,15.844837414268234,29.782404320226835,3.063225981536122,64.75,4.249256583185045,0.7497658433028679,0.25,0.0,0.1536823139727531,10.925982842043885,0.4540262369678082,3.0661249546666105,115.15,3.884928647981816,1.1927591113566423,0.45,0.6169029390716052,20,0.017673124109922972,0.017456144783496726,-0.003862058980662526,-0.0045276682069604205,0.8888888888888888,0.9186991925706054,0.9186617225193988,0.24444444444444444,270,,
A_random_init,1,0,13.610507011413574,19.91660465516649,11.358807089491265,20.194519796413182,3.0688093651409374,27.15,3.391999581298625,1.1151038566331588,0.1,0.0,-22.41743263028294,16.796920242280926,-21.85392089538084,3.034597791174451,84.35,5.310019775476415,-0.8729907883594636,0.55,0.5745596266927013,20,0.46891629207029656,0.46592863359513226,1.2339320401637561,-0.000871691733983867,0.8888888888888888,0.43105404002566805,0.8790848718700914,1.0,270,C:\Users\conor\OneDrive\Documents\Edinburgh master\Dissertation\Python\mbt_gym\logs\phase5_ppo_optimisation\checkpoints\A_random_init_seed1_t000000.zip,
A_random_init,1,4000,13.616602897644043,23.34576055825189,9.919987913558067,23.574619805189872,2.911585052848449,25.05,3.1832607242205833,-0.5075888354619558,0.3,0.0,-1.8676284296383492,13.510993892523944,-1.16566323413953,2.941345852609672,80.85,5.87463595593322,-3.751989952708759,0.55,0.5755727116621152,20,0.5884569834445498,0.42123006127186635,1.3022425880080761,-0.1307550214013745,0.45925925925925926,0.5743404787526379,0.5588223556312586,1.0,270,C:\Users\conor\OneDrive\Documents\Edinburgh master\Dissertation\Python\mbt_gym\logs\phase5_ppo_optimisation\checkpoints\A_random_init_seed1_t004000.zip,
A_random_init,1,8000,13.628938674926758,27.954852169388367,11.544898895867002,28.26913733462352,2.8790925442783637,28.25,3.824486287259922,-1.3313585301573032,0.3,0.0,-8.021882598285364,15.500700012050396,-7.027737655226095,2.9474099562820943,83.5,6.963693688533074,-2.6093429013010008,0.65,0.5521837939921646,20,0.5016804312888148,0.387685138641848,1.2057637456511872,-0.14555634862456376,0.5444444444444444,0.8765801605083225,-0.7443092977405817,1.0,270,C:\Users\conor\OneDrive\Documents\Edinburgh master\Dissertation\Python\mbt_gym\logs\phase5_ppo_optimisation\checkpoints\A_random_init_seed1_t008000.zip,
A_random_init,1,16000,13.653109550476074,28.856770079186447,11.681997018775688,29.243785232506077,2.837684986496501,31.65,4.0928917107631015,-2.0762554652374576,0.35,0.0,2.8129269782838358,13.594260111756363,3.4677113307251815,2.9362971049581903,89.7,5.656638273933116,-4.063596548296916,0.55,0.5767468714241133,20,0.4446557526531332,0.33705906295285964,1.096713712953402,-0.1887836355015056,0.5444444444444444,0.8491133224824664,-0.6583566099338783,1.0,270,C:\Users\conor\OneDrive\Documents\Edinburgh master\Dissertation\Python\mbt_gym\logs\phase5_ppo_optimisation\checkpoints\A_random_init_seed1_t016000.zip,
A_random_init,1,24000,13.632482528686523,29.42539133517888,10.847519959418623,29.733320227818297,2.890511512860612,29.6,3.8216447900810016,-1.4480999563087416,0.3,0.0,-14.173406903835902,15.379616984207013,-13.326694633972853,2.9360927364014984,87.45,6.337041303411169,-3.0677801525239943,0.6,0.576117047589208,20,0.4801175574577024,0.33644871588393477,1.1286716267225891,-0.14436345770286008,0.4444444444444444,0.468734989520402,-0.06070654383903515,1.0,270,C:\Users\conor\OneDrive\Documents\Edinburgh master\Dissertation\Python\mbt_gym\logs\phase5_ppo_optimisation\checkpoints\A_random_init_seed1_t024000.zip,
A_random_init,1,32000,13.643875122070312,26.504419481311817,13.184487818815226,26.949565105183968,2.9406866793703257,33.6,4.4506889781231465,-1.1428253979445926,0.3,0.0,5.67621042814698,17.86807161919342,6.5850412408027825,2.9960741587141353,90.4,6.981627539063899,-1.6781696308558254,0.5,0.5717302628588861,20,0.43500268613424176,0.29651452503303916,0.9851528414561648,-0.10419918329377288,0.15185185185185185,-0.49966602828622025,-0.09238110576222007,1.0,270,C:\Users\conor\OneDrive\Documents\Edinburgh master\Dissertation\Python\mbt_gym\logs\phase5_ppo_optimisation\checkpoints\A_random_init_seed1_t032000.zip,
A_random_init,1,48000,13.665870666503906,22.906355252941193,15.94255927463204,23.45470127240469,3.03065051826596,35.85,4.66294831427973,0.022200661775691,0.25,0.0,-8.138485270694318,22.492194682445373,-6.941908723002582,3.0510065167955975,92.7,7.728976219133588,-0.40756573622560144,0.4,0.5656109568509364,20,0.3746833916493686,0.31241476066428675,0.8941255450579059,-0.024372482874806554,0.0,-0.370079291061873,-0.2665980796251413,1.0,270,C:\Users\conor\OneDrive\Documents\Edinburgh master\Dissertation\Python\mbt_gym\logs\phase5_ppo_optimisation\checkpoints\A_random_init_seed1_t048000.zip,
A_random_init,1,64000,13.650078773498535,24.677937611490467,9.938866337077053,24.94083810458709,2.986196778142447,24.75,3.3058054964045906,0.47523396186607025,0.2,0.0,12.876213758727104,11.226457774097303,13.304817611151666,3.0109806843437577,79.6,4.689512637922564,-1.1358350982461816,0.4,0.5673254750052745,20,0.5463753522980239,0.45851449644398967,1.285784598633867,-0.07787683834568228,0.18888888888888888,0.2990507853066044,0.1417954813342842,1.0,270,C:\Users\conor\OneDrive\Documents\Edinburgh master\Dissertation\Python\mbt_gym\logs\phase5_ppo_optimisation\checkpoints\A_random_init_seed1_t064000.zip,
B_clone_init,1,0,0.0,29.413455796897267,15.844837414268234,29.782404320226835,3.063225981536122,64.75,4.249256583185045,0.7497658433028679,0.25,0.0,-15.151419242127275,15.197857599753116,-14.59628190285539,3.034223942152244,115.6,5.087698330585336,0.44388036682182463,0.5,0.6122862921756695,20,0.017673124109922972,0.017456144783496726,-0.003862058980662526,-0.0045276682069604205,0.8888888888888888,0.9186991925706054,0.9186617225193988,0.24444444444444444,270,C:\Users\conor\OneDrive\Documents\Edinburgh master\Dissertation\Python\mbt_gym\logs\phase5_ppo_optimisation\checkpoints\B_clone_init_seed1_t000000.zip,4.172325134277344e-07
B_clone_init,1,4000,0.09910788387060165,32.4680636420186,12.152185547820405,32.721364244420094,3.041391560785785,57.4,3.6159413132296314,-0.5023748033257116,0.15,0.0,-8.228177112593931,11.609230204899786,-7.8424247173175505,3.041369842237283,110.35,4.420597598398715,-0.9601256860904221,0.6,0.5983720945472197,20,0.01916390339311987,0.012877529907729552,0.1333612402681778,-0.04500681874415773,0.8888888888888888,0.9408240273311319,0.9447960084831166,1.0,270,C:\Users\conor\OneDrive\Documents\Edinburgh master\Dissertation\Python\mbt_gym\logs\phase5_ppo_optimisation\checkpoints\B_clone_init_seed1_t004000.zip,
B_clone_init,1,8000,0.17089369893074036,30.59925487527594,11.5572243354181,30.8221061347597,2.980246630956019,67.3,3.511739654374754,-0.5707008194825913,0.2,0.0,-14.177160768955186,14.422348805538226,-13.517892953338494,3.0226002081683436,116.4,5.899441755490745,-0.8687729841868913,0.65,0.6047726660692048,20,0.013484170486795174,0.014286696942421507,-0.05926806079955625,-0.06235840957592143,0.8851851851851852,0.9327765714766638,0.9509971480931061,0.2037037037037037,270,C:\Users\conor\OneDrive\Documents\Edinburgh master\Dissertation\Python\mbt_gym\logs\phase5_ppo_optimisation\checkpoints\B_clone_init_seed1_t008000.zip,
B_clone_init,1,16000,0.2860477864742279,35.81090497686223,11.534867828898811,36.12872820746575,2.9612671369622,75.5,4.247951014288009,-2.537387070435248,0.2,0.0,-9.784609053596233,12.03078207585052,-9.306243274109265,3.0135887299942192,122.6,5.025283709908965,-2.0289419210536095,0.6,0.6236798319341393,20,0.01881194517934288,0.056175344656636136,-0.15021116262992412,-0.13854890913006693,0.8888888888888888,0.9303543691511398,0.777230720731188,0.24814814814814815,270,C:\Users\conor\OneDrive\Documents\Edinburgh master\Dissertation\Python\mbt_gym\logs\phase5_ppo_optimisation\checkpoints\B_clone_init_seed1_t016000.zip,
B_clone_init,1,24000,0.24710598587989807,37.48348513614824,12.76347251347116,37.81941136976174,2.9872586017477936,70.5,4.2947196533720575,-2.3073564350477076,0.15,0.0,-27.673465559147058,11.752775914178534,-27.014170973681757,2.9986656544094576,120.55,5.88656736111068,-1.8689887751817786,0.75,0.6192041929530696,20,0.01366628921847969,0.03442852486015274,-0.08998320076916802,-0.11795871664730267,0.8888888888888888,0.9286796735844608,0.8563169101533199,0.3,270,C:\Users\conor\OneDrive\Documents\Edinburgh master\Dissertation\Python\mbt_gym\logs\phase5_ppo_optimisation\checkpoints\B_clone_init_seed1_t024000.zip,
B_clone_init,1,32000,0.2931947708129883,31.93448717771155,12.453669006221602,32.27275675612897,2.9098211504506097,90.65,4.5248529646863656,-1.75618461684835,0.35,0.0,-7.798019597406889,13.876682156188918,-7.202496129337765,2.9627668141938996,126.35,5.856152241503532,-0.4066557854650149,0.65,0.6352036987576686,20,0.05601698538521096,0.095315498459603,-0.42719133450674796,-0.1305104612120091,0.8592592592592593,0.8265265174557516,0.8995597738052674,0.014814814814814815,270,C:\Users\conor\OneDrive\Documents\Edinburgh master\Dissertation\Python\mbt_gym\logs\phase5_ppo_optimisation\checkpoints\B_clone_init_seed1_t032000.zip,
B_clone_init,1,48000,0.5072361826896667,19.486443330052083,13.374549185366236,20.003040003264793,2.8871897007700005,97.95,5.041543215189736,2.2284400494334307,0.35,0.08642929012737141,-16.82200952340739,17.655237352507783,-16.228062753833587,3.0108252230304577,126.55,5.604931429327254,0.3546005402893587,0.55,0.6357384601012384,20,0.12932392982453317,0.08456994889934087,-0.38525162897646076,0.06679709365591782,0.8629629629629629,0.7922757675270642,0.8166110600721315,0.15185185185185185,270,C:\Users\conor\OneDrive\Documents\Edinburgh master\Dissertation\Python\mbt_gym\logs\phase5_ppo_optimisation\checkpoints\B_clone_init_seed1_t048000.zip,
B_clone_init,1,64000,0.5318393707275391,32.732754038257546,8.42059735316913,32.9252704490042,2.871304893334629,74.3,3.2868627042178615,1.4018616560488517,0.25,0.018385936712305317,1.6792901130469446,7.626957721695542,1.8891030207744386,2.9731129799369738,114.6,3.278030133494221,0.699341288803082,0.55,0.6194170697217818,20,0.10013022007512218,0.0879718434525842,-0.03943078315151062,0.052189050275656755,0.8888888888888888,0.8759362883674223,0.8612842997580427,0.43333333333333335,270,C:\Users\conor\OneDrive\Documents\Edinburgh master\Dissertation\Python\mbt_gym\logs\phase5_ppo_optimisation\checkpoints\B_clone_init_seed1_t064000.zip,
C_frozen_clone,1,0,0.0,29.413455796897267,15.844837414268234,29.782404320226835,3.063225981536122,64.75,4.249256583185045,0.7497658433028679,0.25,0.0,-15.151419242127275,15.197857599753116,-14.59628190285539,3.034223942152244,115.6,5.087698330585336,0.44388036682182463,0.5,0.6122862921756695,20,0.017673124109922972,0.017456144783496726,-0.003862058980662526,-0.0045276682069604205,0.8888888888888888,0.9186991925706054,0.9186617225193988,0.24444444444444444,270,,
C_frozen_clone,1,4000,0.0,29.413455796897267,15.844837414268234,29.782404320226835,3.063225981536122,64.75,4.249256583185045,0.7497658433028679,0.25,0.0,-8.002548464336297,12.337744873304487,-7.516370184167033,3.0589013440631807,114.45,4.963988321952159,-0.28903102678630144,0.55,0.6038881067042505,20,0.017673124109922972,0.017456144783496726,-0.003862058980662526,-0.0045276682069604205,0.8888888888888888,0.9186991925706054,0.9186617225193988,0.24444444444444444,270,,
C_frozen_clone,1,8000,0.0,29.413455796897267,15.844837414268234,29.782404320226835,3.063225981536122,64.75,4.249256583185045,0.7497658433028679,0.25,0.0,-18.40365278979644,17.826826054282755,-17.58106340545541,3.0790948058246093,114.95,6.271112576420014,0.22265629371907622,0.65,0.5948598024636904,20,0.017673124109922972,0.017456144783496726,-0.003862058980662526,-0.0045276682069604205,0.8888888888888888,0.9186991925706054,0.9186617225193988,0.24444444444444444,270,,
C_frozen_clone,1,16000,0.0,29.413455796897267,15.844837414268234,29.782404320226835,3.063225981536122,64.75,4.249256583185045,0.7497658433028679,0.25,0.0,-13.956245954255971,14.643260413483636,-13.48800825268396,3.090666667810635,117.2,4.380957294913516,0.18275332846025277,0.55,0.6115730050080344,20,0.017673124109922972,0.017456144783496726,-0.003862058980662526,-0.0045276682069604205,0.8888888888888888,0.9186991925706054,0.9186617225193988,0.24444444444444444,270,,
C_frozen_clone,1,24000,0.0,29.413455796897267,15.844837414268234,29.782404320226835,3.063225981536122,64.75,4.249256583185045,0.7497658433028679,0.25,0.0,-29.488383632863798,13.89162524396319,-28.86435552743445,3.0489304531123462,117.25,5.520286095321056,0.7328884290251249,0.7,0.6139205137332695,20,0.017673124109922972,0.017456144783496726,-0.003862058980662526,-0.0045276682069604205,0.8888888888888888,0.9186991925706054,0.9186617225193988,0.24444444444444444,270,,
C_frozen_clone,1,32000,0.0,29.413455796897267,15.844837414268234,29.782404320226835,3.063225981536122,64.75,4.249256583185045,0.7497658433028679,0.25,0.0,-12.299784757857207,19.27783509800448,-11.599906725214485,3.071797489282793,114.45,5.918311414298735,1.800845675033392,0.5,0.6071789675178638,20,0.017673124109922972,0.017456144783496726,-0.003862058980662526,-0.0045276682069604205,0.8888888888888888,0.9186991925706054,0.9186617225193988,0.24444444444444444,270,,
C_frozen_clone,1,48000,0.0,29.413455796897267,15.844837414268234,29.782404320226835,3.063225981536122,64.75,4.249256583185045,0.7497658433028679,0.25,0.0,-11.665650330530394,15.712706775226966,-11.103567302973,3.065162710128102,116.9,5.352004762279839,1.0872510787767338,0.5,0.6037131327516346,20,0.017673124109922972,0.017456144783496726,-0.003862058980662526,-0.0045276682069604205,0.8888888888888888,0.9186991925706054,0.9186617225193988,0.24444444444444444,270,,
C_frozen_clone,1,64000,0.0,29.413455796897267,15.844837414268234,29.782404320226835,3.063225981536122,64.75,4.249256583185045,0.7497658433028679,0.25,0.0,0.1536823139727531,10.925982842043885,0.4540262369678082,3.0661249546666105,115.15,3.884928647981816,1.1927591113566423,0.45,0.6169029390716052,20,0.017673124109922972,0.017456144783496726,-0.003862058980662526,-0.0045276682069604205,0.8888888888888888,0.9186991925706054,0.9186617225193988,0.24444444444444444,270,,
A_random_init,2,0,13.746182441711426,19.990749227906285,11.325804821013502,20.276554346958385,3.068967088115332,27.2,3.4151305146100532,1.146953003003006,0.1,0.0,-21.855118759056364,16.80748121804485,-21.296784580708717,3.0338805197314693,84.7,5.241431200314227,-0.6802647988798469,0.55,0.5746997860108349,20,0.464953614781761,0.4673249247159643,1.2281618445881373,-0.0009583824287390833,0.022222222222222223,0.8427967809623654,-0.7286198647013826,1.0,270,C:\Users\conor\OneDrive\Documents\Edinburgh master\Dissertation\Python\mbt_gym\logs\phase5_ppo_optimisation\checkpoints\A_random_init_seed2_t000000.zip,
A_random_init,2,4000,13.753655433654785,20.89348066157875,10.437829815213949,21.122393363676043,2.9494526769979403,25.2,3.1950850191840585,0.03589738510023608,0.3,0.0,-3.895220698789763,12.475737555731993,-3.2867496537426404,2.966003678496811,80.7,5.492564362522108,-2.8714656231615816,0.55,0.5765112155455422,20,0.5699454819842384,0.44127991366046476,1.3066707517182676,-0.09621981027957346,0.48518518518518516,0.4981962381000226,0.6784988219503991,1.0,270,C:\Users\conor\OneDrive\Documents\Edinburgh master\Dissertation\Python\mbt_gym\logs\phase5_ppo_optimisation\checkpoints\A_random_init_seed2_t004000.zip,
A_random_init,2,8000,13.773815155029297,28.3017360516466,11.843648864100615,28.625372347878134,2.884178847084369,26.7,3.8490745723174116,-0.5189366696756915,0.35,0.0,-8.683207000939406,15.851654141205627,-7.663872327216703,2.9506498948404656,81.65,6.987948983616741,-2.697445784124981,0.6,0.5524336963491664,20,0.5266736263487146,0.4298122938934908,1.257009440935807,-0.13029891786593933,0.5148148148148148,0.8372254686488584,-0.8612145579359514,1.0,270,C:\Users\conor\OneDrive\Documents\Edinburgh master\Dissertation\Python\mbt_gym\logs\phase5_ppo_optimisation\checkpoints\A_random_init_seed2_t008000.zip,
A_random_init,2,16000,13.800020217895508,31.777144243455144,12.749692084207117,32.164128125433635,2.8159546991631252,29.7,4.213621050392513,-1.7282667206932856,0.2,0.0,7.746997703790511,15.2877196360117,8.44278617895961,2.9157028177545357,86.45,5.960782233125069,-4.272168422222481,0.4,0.5799928223853607,20,0.5009033525232413,0.3791376465661338,1.1779659414260852,-0.19248206677910856,0.5,0.8581410962472309,-0.6047782163630618,1.0,270,C:\Users\conor\OneDrive\Documents\Edinburgh master\Dissertation\Python\mbt_gym\logs\phase5_ppo_optimisation\checkpoints\A_random_init_seed2_t016000.zip,
A_random_init,2,24000,13.781055450439453,25.453155155812084,12.580119264125912,25.770244744565503,2.939111661100536,27.9,3.8005087601919967,-0.3754656397822063,0.25,0.0,-17.55783305254388,15.415713464823577,-16.774809772992604,2.962070836544648,84.7,6.014371652010874,-1.9686242605145154,0.6,0.5721618591484896,20,0.4959977822844801,0.3894020834064148,1.1795649572787656,-0.09716371276783856,0.2851851851851852,0.16167927507499752,-0.09472222391857962,1.0,270,C:\Users\conor\OneDrive\Documents\Edinburgh master\Dissertation\Python\mbt_gym\logs\phase5_ppo_optimisation\checkpoints\A_random_init_seed2_t024000.zip,
A_random_init,2,32000,13.801088333129883,27.194826401266642,13.179539634006542,27.57155792222462,2.984056761357594,32.0,4.063900871251062,-0.5612932049228813,0.2,0.0,5.515007094731862,17.400338148479413,6.445789222939754,3.0253075968592382,88.25,6.88351967095073,-0.6855277470895067,0.5,0.5766162415851324,20,0.46020450275341573,0.3257287569915854,1.0442300109056026,-0.06147932916964185,0.0,-0.3226474954570134,0.24019177770342515,1.0,270,C:\Users\conor\OneDrive\Documents\Edinburgh master\Dissertation\Python\mbt_gym\logs\phase5_ppo_optimisation\checkpoints\A_random_init_seed2_t032000.zip,
A_random_init,2,48000,13.81747817993164,24.274085775708947,15.265780457452475,24.775661105190803,3.0913469943232412,33.8,4.48183849445533,0.603843587381266,0.25,0.0,-5.750690104338082,20.7745845366635,-4.6707173534786754,3.0956767156973855,91.4,7.254266225409511,1.0048749148445406,0.4,0.5704078352270601,20,0.33607830749119877,0.33885426313971606,0.9185138989728463,0.029054914932274193,0.0,-0.05528819770154085,-0.019606370560384775,1.0,270,C:\Users\conor\OneDrive\Documents\Edinburgh master\Dissertation\Python\mbt_gym\logs\phase5_ppo_optimisation\checkpoints\A_random_init_seed2_t048000.zip,
A_random_init,2,64000,13.823018074035645,28.81678190806346,10.548400645360891,29.09818747965399,2.992239007950898,24.95,3.323621917392785,0.24946721016858758,0.2,0.0,12.095377500389677,11.072049551255144,12.53260918363561,3.0156965183884568,77.75,4.68670513770659,-1.1910177003120435,0.4,0.5812070173309375,20,0.5574208847238451,0.48063590428452985,1.3108679389011997,-0.07040483345743674,0.17407407407407408,0.38945616219442264,0.26500295967348614,1.0,270,C:\Users\conor\OneDrive\Documents\Edinburgh master\Dissertation\Python\mbt_gym\logs\phase5_ppo_optimisation\checkpoints\A_random_init_seed2_t064000.zip,
B_clone_init,2,0,0.0,29.413455796897267,15.844837414268234,29.782404320226835,3.063225981536122,64.75,4.249256583185045,0.7497658433028679,0.25,0.0,-15.151419242127275,15.197857599753116,-14.59628190285539,3.034223942152244,115.6,5.087698330585336,0.44388036682182463,0.5,0.6122862921756695,20,0.017673124109922972,0.017456144783496726,-0.003862058980662526,-0.0045276682069604205,0.8888888888888888,0.9186991925706054,0.9186617225193988,0.24444444444444444,270,C:\Users\conor\OneDrive\Documents\Edinburgh master\Dissertation\Python\mbt_gym\logs\phase5_ppo_optimisation\checkpoints\B_clone_init_seed2_t000000.zip,4.172325134277344e-07
B_clone_init,2,4000,0.11142382770776749,37.89104515975891,11.978485332707915,38.177245425233764,2.972382457348055,56.75,3.8503503400555976,-2.0921480815392455,0.25,0.0,-3.870317478795708,11.080769217907626,-3.448393461432377,2.9918527265650203,109.55,4.708434559708125,-2.243749453699992,0.6,0.6006430056479559,20,0.032477806312174624,0.00969995153468287,0.14661963638416162,-0.14765183523032233,0.8888888888888888,0.9421091076728108,0.9472029218011867,1.0,270,C:\Users\conor\OneDrive\Documents\Edinburgh master\Dissertation\Python\mbt_gym\logs\phase5_ppo_optimisation\checkpoints\B_clone_init_seed2_t004000.zip,
B_clone_init,2,8000,0.18003560602664948,32.07822130249134,11.547308950591876,32.317380556235904,2.9368122174416613,62.85,3.5967862674660234,-1.801635594630334,0.25,0.0,-14.469572089095113,13.007927433270789,-13.864178312313546,2.985437375720288,113.2,5.618311120301941,-1.8603677978479323,0.65,0.6006356931725765,20,0.021906343247154327,0.01355768984563495,0.037837170315037236,-0.1422847449484797,0.8851851851851852,0.9344257013704489,0.9409608612710227,0.6703703703703704,270,C:\Users\conor\OneDrive\Documents\Edinburgh master\Dissertation\Python\mbt_gym\logs\phase5_ppo_optimisation\checkpoints\B_clone_init_seed2_t008000.zip,
B_clone_init,2,16000,0.3055892586708069,36.093849179812764,13.799737931889995,36.54141569702845,2.913694540714252,64.1,4.9739679967316714,-3.685795654372908,0.3,0.0,-6.423150135777303,11.752894115508852,-5.92663283357645,2.980933906144455,115.4,5.141148625855298,-3.04622471709822,0.65,0.6124209559661663,20,0.04008188796103336,0.047634282276748506,0.0894848185158417,-0.20603402634654974,0.8555555555555555,0.9324806478397895,0.7075817378521748,0.6444444444444445,270,C:\Users\conor\OneDrive\Documents\Edinburgh master\Dissertation\Python\mbt_gym\logs\phase5_ppo_optimisation\checkpoints\B_clone_init_seed2_t016000.zip,
B_clone_init,2,24000,0.32105553150177,39.08433215230315,13.489478931605817,39.56916720623791,2.928663841369741,64.65,4.95235329359837,-4.251342220707146,0.3,0.0,-21.832596339411673,12.38911692835481,-21.121312667630114,2.958987462780218,115.15,6.1911499343640015,-3.2530133264411463,0.75,0.6153766231912707,20,0.03067462015420218,0.05187257453171723,0.022575485708617716,-0.20638386469666528,0.8444444444444444,0.8990792482361227,0.73730641455485,0.5296296296296297,270,C:\Users\conor\OneDrive\Documents\Edinburgh master\Dissertation\Python\mbt_gym\logs\phase5_ppo_optimisation\checkpoints\B_clone_init_seed2_t024000.zip,
B_clone_init,2,32000,0.3394317328929901,43.93921344293917,19.67802244718735,45.017816355857306,2.8485656722677497,83.45,7.949639681669448,-7.812332628014332,0.4,0.0006666666666666668,3.2998169145802025,15.73419054963928,4.097630707419649,2.8891841277712107,120.6,6.551295495784371,-3.7505661342694507,0.55,0.6264533452154043,20,0.028960227418463307,0.13795548368010027,-0.2804484948535142,-0.3633879665581888,0.662962962962963,0.8761084531604317,0.8114447473245309,0.17037037037037037,270,C:\Users\conor\OneDrive\Documents\Edinburgh master\Dissertation\Python\mbt_gym\logs\phase5_ppo_optimisation\checkpoints\B_clone_init_seed2_t032000.zip,
B_clone_init,2,48000,0.46602851152420044,32.0478141339146,8.835139136338613,32.23957286337047,2.953530663636413,80.3,3.3273218845311447,-0.01718264344714735,0.25,0.007338838900530014,-11.341988210289538,14.29504836769604,-10.90167022630247,3.0216491390982094,120.1,5.025992643841047,-0.3398678391305059,0.55,0.6167316806673085,20,0.06847627242387486,0.05992862503170581,-0.2123891745289321,-0.026141204158541567,0.8888888888888888,0.8791283821365521,0.8509999654507575,0.2814814814814815,270,C:\Users\conor\OneDrive\Documents\Edinburgh master\Dissertation\Python\mbt_gym\logs\phase5_ppo_optimisation\checkpoints\B_clone_init_seed2_t048000.zip,
B_clone_init,2,64000,0.5099509954452515,43.67589850629442,9.665539321092677,43.85666467197459,2.8647453231210975,56.1,3.104730785719772,-2.7050181424205673,0.2,0.0,4.005639354594608,8.786369416724302,4.216555471386687,2.933947518988327,101.95,3.357678941076535,-2.605760151178297,0.5,0.6029572704856082,20,0.25237204236910177,0.05562599619976366,0.311159053478894,-0.3590244045448606,0.8888888888888888,0.9122778397207616,0.905391279019349,0.774074074074074,270,C:\Users\conor\OneDrive\Documents\Edinburgh master\Dissertation\Python\mbt_gym\logs\phase5_ppo_optimisation\checkpoints\B_clone_init_seed2_t064000.zip,
C_frozen_clone,2,0,0.0,29.413455796897267,15.844837414268234,29.782404320226835,3.063225981536122,64.75,4.249256583185045,0.7497658433028679,0.25,0.0,-15.151419242127275,15.197857599753116,-14.59628190285539,3.034223942152244,115.6,5.087698330585336,0.44388036682182463,0.5,0.6122862921756695,20,0.017673124109922972,0.017456144783496726,-0.003862058980662526,-0.0045276682069604205,0.8888888888888888,0.9186991925706054,0.9186617225193988,0.24444444444444444,270,,
C_frozen_clone,2,4000,0.0,29.413455796897267,15.844837414268234,29.782404320226835,3.063225981536122,64.75,4.249256583185045,0.7497658433028679,0.25,0.0,-8.002548464336297,12.337744873304487,-7.516370184167033,3.0589013440631807,114.45,4.963988321952159,-0.28903102678630144,0.55,0.6038881067042505,20,0.017673124109922972,0.017456144783496726,-0.003862058980662526,-0.0045276682069604205,0.8888888888888888,0.9186991925706054,0.9186617225193988,0.24444444444444444,270,,
C_frozen_clone,2,8000,0.0,29.413455796897267,15.844837414268234,29.782404320226835,3.063225981536122,64.75,4.249256583185045,0.7497658433028679,0.25,0.0,-18.40365278979644,17.826826054282755,-17.58106340545541,3.0790948058246093,114.95,6.271112576420014,0.22265629371907622,0.65,0.5948598024636904,20,0.017673124109922972,0.017456144783496726,-0.003862058980662526,-0.0045276682069604205,0.8888888888888888,0.9186991925706054,0.9186617225193988,0.24444444444444444,270,,
C_frozen_clone,2,16000,0.0,29.413455796897267,15.844837414268234,29.782404320226835,3.063225981536122,64.75,4.249256583185045,0.7497658433028679,0.25,0.0,-13.956245954255971,14.643260413483636,-13.48800825268396,3.090666667810635,117.2,4.380957294913516,0.18275332846025277,0.55,0.6115730050080344,20,0.017673124109922972,0.017456144783496726,-0.003862058980662526,-0.0045276682069604205,0.8888888888888888,0.9186991925706054,0.9186617225193988,0.24444444444444444,270,,
C_frozen_clone,2,24000,0.0,29.413455796897267,15.844837414268234,29.782404320226835,3.063225981536122,64.75,4.249256583185045,0.7497658433028679,0.25,0.0,-29.488383632863798,13.89162524396319,-28.86435552743445,3.0489304531123462,117.25,5.520286095321056,0.7328884290251249,0.7,0.6139205137332695,20,0.017673124109922972,0.017456144783496726,-0.003862058980662526,-0.0045276682069604205,0.8888888888888888,0.9186991925706054,0.9186617225193988,0.24444444444444444,270,,
C_frozen_clone,2,32000,0.0,29.413455796897267,15.844837414268234,29.782404320226835,3.063225981536122,64.75,4.249256583185045,0.7497658433028679,0.25,0.0,-12.299784757857207,19.27783509800448,-11.599906725214485,3.071797489282793,114.45,5.918311414298735,1.800845675033392,0.5,0.6071789675178638,20,0.017673124109922972,0.017456144783496726,-0.003862058980662526,-0.0045276682069604205,0.8888888888888888,0.9186991925706054,0.9186617225193988,0.24444444444444444,270,,
C_frozen_clone,2,48000,0.0,29.413455796897267,15.844837414268234,29.782404320226835,3.063225981536122,64.75,4.249256583185045,0.7497658433028679,0.25,0.0,-11.665650330530394,15.712706775226966,-11.103567302973,3.065162710128102,116.9,5.352004762279839,1.0872510787767338,0.5,0.6037131327516346,20,0.017673124109922972,0.017456144783496726,-0.003862058980662526,-0.0045276682069604205,0.8888888888888888,0.9186991925706054,0.9186617225193988,0.24444444444444444,270,,
C_frozen_clone,2,64000,0.0,29.413455796897267,15.844837414268234,29.782404320226835,3.063225981536122,64.75,4.249256583185045,0.7497658433028679,0.25,0.0,0.1536823139727531,10.925982842043885,0.4540262369678082,3.0661249546666105,115.15,3.884928647981816,1.1927591113566423,0.45,0.6169029390716052,20,0.017673124109922972,0.017456144783496726,-0.003862058980662526,-0.0045276682069604205,0.8888888888888888,0.9186991925706054,0.9186617225193988,0.24444444444444444,270,,
