group,learner_seed,update_index,num_timesteps,actor_distance_from_clone,deterministic_objective,deterministic_objective_change_from_t0,bid_action_depth_mse,ask_action_depth_mse,mean_quoted_spread_error_signed,mean_inventory_skew_error_signed,frac_wrong_inventory_skew,corr_bid,corr_ask,frac_wider_than_analytical,n_states
B_clone_init,0,1,4000,0.09999588876962662,34.25743867094512,4.843982874047853,0.0208237307033975,0.010003823724857598,0.11709579562326226,-0.060723216039433855,0.8888888888888888,0.9325900108720093,0.9480371915916367,1.0,270
B_clone_init,0,2,8000,0.1636084020137787,29.782951927089226,0.36949613019195837,0.012901958013322345,0.0093226119933756,-0.007180351572373252,0.007966728992105904,0.8888888888888888,0.9327471755032748,0.9458564313499089,0.44074074074074077,270
B_clone_init,0,3,12000,0.2471316158771515,30.3002363169574,0.8867805200601317,0.038379712729667864,0.015793392401832227,-0.1180357083115185,0.03875608642017244,0.8888888888888888,0.9276621830944418,0.923818081074134,0.29259259259259257,270
B_clone_init,0,4,16000,0.27388685941696167,28.266717077628336,-1.1467387192689316,0.01978724129986443,0.021474703468433994,-0.05962335117684254,0.04784163042838694,0.8888888888888888,0.9247044218327054,0.8718069091124475,0.4148148148148148,270
B_clone_init,0,5,20000,0.24931645393371582,30.92595095256661,1.5124951556693418,0.014541568348576506,0.024271713158830536,0.003569782318737851,-0.07658878611167762,0.8888888888888888,0.9271242131908195,0.8631526725719724,0.5074074074074074,270
B_clone_init,0,6,24000,0.29716095328330994,23.018326360558156,-6.395129436339111,0.05818301495889516,0.030006726666661234,0.045853349358995925,0.015833080127134264,0.8666666666666667,0.6064640181747956,0.8503211694405434,0.5111111111111111,270
B_clone_init,0,7,28000,0.3188527524471283,28.73653641041641,-0.6769193864808578,0.03373612959722004,0.04956178387991891,-0.10500591463984203,-0.04426031264700326,0.8888888888888888,0.7942261395798366,0.8169573765156631,0.4074074074074074,270
B_clone_init,0,8,32000,0.33136916160583496,25.881650241426293,-3.5318055554709744,0.07926509923894427,0.05782374236784087,-0.20769186198431355,-0.04406224434634297,0.8629629629629629,0.5666600714924782,0.8388286522044707,0.42962962962962964,270
B_clone_init,0,9,36000,0.39444148540496826,22.564982642967305,-6.848473153929962,0.08141049342626798,0.050942405988316286,-0.10642444935193099,0.02356256766755296,0.8296296296296296,0.6194441348236731,0.8140504937716428,0.4666666666666667,270
B_clone_init,0,10,40000,0.445029079914093,25.204583799433532,-4.208871997463735,0.10103998847010649,0.09013496786904378,-0.2614063243007411,0.11197842988003424,0.8666666666666667,0.714345303882524,0.802168378258469,0.3296296296296296,270
B_clone_init,0,11,44000,0.4063332974910736,19.76892989125178,-9.644525905645487,0.11752830064785987,0.06814531297589486,-0.3358710673683059,0.14928725583488736,0.8740740740740741,0.7258943539801755,0.8430922938798461,0.22592592592592592,270
B_clone_init,0,12,48000,0.5024290680885315,11.153609140923155,-18.259846655974112,0.1350897378602975,0.08042829769573885,-0.27165691905365336,0.1985845288679906,0.8555555555555555,0.7423547148150746,0.8516993616175031,0.2851851851851852,270
B_clone_init,0,13,52000,0.492963045835495,27.358822603628646,-2.0546331932686215,0.08746941449966565,0.09965557106958892,-0.27257603927036006,0.04339607777731928,0.8888888888888888,0.8647507373057369,0.8630687309553798,0.23703703703703705,270
B_clone_init,0,14,56000,0.4950069487094879,33.06841914845277,3.6549633515555016,0.07105847290114095,0.09215111532069789,-0.06602278399059655,0.07068367868111577,0.8888888888888888,0.8819231503800662,0.8756898515081663,0.4185185185185185,270
B_clone_init,0,15,60000,0.5202915668487549,34.46666820284229,5.053212405945025,0.08390413208328448,0.09872654719740491,0.15233101397362747,0.1345349292978032,0.8888888888888888,0.8654919812872629,0.8825654141471118,0.6222222222222222,270
B_clone_init,0,16,64000,0.5573850870132446,36.002749695232545,6.589293898335278,0.09591684643326279,0.1332949129162768,0.14446526383512615,0.02948966226038682,0.8888888888888888,0.7917140587182511,0.8869680050391682,0.5814814814814815,270
B_clone_init,1,1,4000,0.09910788387060165,32.4680636420186,3.054607845121332,0.01916390339311987,0.012877529907729552,0.1333612402681778,-0.04500681874415773,0.8888888888888888,0.9408240273311319,0.9447960084831166,1.0,270
B_clone_init,1,2,8000,0.17089369893074036,30.59925487527594,1.1857990783786718,0.013484170486795174,0.014286696942421507,-0.05926806079955625,-0.06235840957592143,0.8851851851851852,0.9327765714766638,0.9509971480931061,0.2037037037037037,270
B_clone_init,1,3,12000,0.24807260930538177,33.12589103633797,3.712435239440701,0.03131242834425939,0.03245968707228868,-0.15881536147525782,-0.03261572892136225,0.8888888888888888,0.9313694771017729,0.8868452722821573,0.29259259259259257,270
B_clone_init,1,4,16000,0.2860477864742279,35.81090497686223,6.3974491799649655,0.01881194517934288,0.056175344656636136,-0.15021116262992412,-0.13854890913006693,0.8888888888888888,0.9303543691511398,0.777230720731188,0.24814814814814815,270
B_clone_init,1,5,20000,0.2590198218822479,37.426631236860366,8.0131754399631,0.011741252791339711,0.09517544894406764,-0.20675306143993932,-0.29892592676740404,0.8296296296296296,0.9443209990464291,0.8042942467913806,0.12222222222222222,270
B_clone_init,1,6,24000,0.24710598587989807,37.48348513614824,8.070029339250972,0.01366628921847969,0.03442852486015274,-0.08998320076916802,-0.11795871664730267,0.8888888888888888,0.9286796735844608,0.8563169101533199,0.3,270
B_clone_init,1,7,28000,0.28186172246932983,34.46375890721898,5.050303110321714,0.014758227599697183,0.06533064370208977,-0.2333190910790906,-0.1610064627170546,0.8888888888888888,0.9300631820496934,0.8415173996498171,0.09259259259259259,270
B_clone_init,1,8,32000,0.2931947708129883,31.93448717771155,2.521031380814282,0.05601698538521096,0.095315498459603,-0.42719133450674796,-0.1305104612120091,0.8592592592592593,0.8265265174557516,0.8995597738052674,0.014814814814814815,270
B_clone_init,1,9,36000,0.3910253643989563,27.087096443951715,-2.326359352945552,0.07201362423454137,0.06493727355227635,-0.3203708789125041,-0.0808023229055438,0.8407407407407408,0.7996210628011821,0.8633120271463202,0.1111111111111111,270
B_clone_init,1,10,40000,0.45429345965385437,28.588711755377563,-0.824744041519704,0.10142455461144535,0.09603506988853613,-0.41976232849784234,-0.004033259269662716,0.8851851851851852,0.8530812382955004,0.8123764323136902,0.06296296296296296,270
B_clone_init,1,11,44000,0.426973819732666,21.590740812961883,-7.822714983935384,0.12709283179485054,0.08520284384003297,-0.4759886550788716,0.07058418507851395,0.8814814814814815,0.8199423199341573,0.8297369608971059,0.05555555555555555,270
B_clone_init,1,12,48000,0.5072361826896667,19.486443330052083,-9.927012466845184,0.12932392982453317,0.08456994889934087,-0.38525162897646076,0.06679709365591782,0.8629629629629629,0.7922757675270642,0.8166110600721315,0.15185185185185185,270
B_clone_init,1,13,52000,0.5161013603210449,29.10175407544448,-0.3117017214527884,0.11317451471353647,0.13918891338132255,-0.4002483337778109,-0.09474659091032152,0.8888888888888888,0.8928084835922986,0.8241919260267594,0.07037037037037037,270
B_clone_init,1,14,56000,0.5308054089546204,30.32239042980637,0.9089346329091015,0.11781676096553992,0.1116374846809326,-0.21903718701236752,-0.08947483029263928,0.8888888888888888,0.9017388789077234,0.8342120211523095,0.21481481481481482,270
B_clone_init,1,15,60000,0.5454397201538086,31.787945387852915,2.3744895909556476,0.1192033359314274,0.07031085096169726,-0.08183178568832875,-0.006725652229098602,0.8851851851851852,0.8903304431097149,0.8347922674266771,0.35555555555555557,270
B_clone_init,1,16,64000,0.5318393707275391,32.732754038257546,3.319298241360279,0.10013022007512218,0.0879718434525842,-0.03943078315151062,0.052189050275656755,0.8888888888888888,0.8759362883674223,0.8612842997580427,0.43333333333333335,270
B_clone_init,2,1,4000,0.11142382770776749,37.89104515975891,8.477589362861643,0.032477806312174624,0.00969995153468287,0.14661963638416162,-0.14765183523032233,0.8888888888888888,0.9421091076728108,0.9472029218011867,1.0,270
B_clone_init,2,2,8000,0.18003560602664948,32.07822130249134,2.664765505594076,0.021906343247154327,0.01355768984563495,0.037837170315037236,-0.1422847449484797,0.8851851851851852,0.9344257013704489,0.9409608612710227,0.6703703703703704,270
B_clone_init,2,3,12000,0.23891200125217438,33.52768839516703,4.114232598269766,0.02519759282023632,0.027602613919022658,-0.03543017674157838,-0.13138287188798584,0.8888888888888888,0.9335779412358196,0.8867096200270584,0.4222222222222222,270
B_clone_init,2,4,16000,0.3055892586708069,36.093849179812764,6.680393382915497,0.04008188796103336,0.047634282276748506,0.0894848185158417,-0.20603402634654974,0.8555555555555555,0.9324806478397895,0.7075817378521748,0.6444444444444445,270
B_clone_init,2,5,20000,0.3012753427028656,41.71964070197705,12.306184905079782,0.02206255861076822,0.07828293078435496,-0.0746999491007765,-0.28716096870692065,0.7703703703703704,0.9389972318851904,0.7274242431852024,0.3962962962962963,270
B_clone_init,2,6,24000,0.32105553150177,39.08433215230315,9.67087635540588,0.03067462015420218,0.05187257453171723,0.022575485708617716,-0.20638386469666528,0.8444444444444444,0.8990792482361227,0.73730641455485,0.5296296296296297,270
B_clone_init,2,7,28000,0.3532891273498535,39.060636327640985,9.647180530743718,0.024604898550981927,0.06791543692778053,-0.10855219703047178,-0.22959348635204965,0.8851851851851852,0.9181440369633096,0.7851784188711242,0.36666666666666664,270
B_clone_init,2,8,32000,0.3394317328929901,43.93921344293917,14.525757646041903,0.028960227418463307,0.13795548368010027,-0.2804484948535142,-0.3633879665581888,0.662962962962963,0.8761084531604317,0.8114447473245309,0.17037037037037037,270
B_clone_init,2,9,36000,0.4154279828071594,44.51441160752369,15.100955810626424,0.0615938440709279,0.09464294646430042,-0.14839268713727138,-0.34558013019567213,0.7148148148148148,0.8605631261804477,0.8087530412260293,0.34814814814814815,270
B_clone_init,2,10,40000,0.43143126368522644,37.23169558234037,7.8182397854431045,0.05793272581472525,0.06196206460201792,-0.18915693934141065,-0.1555035421581439,0.8814814814814815,0.8854081468529036,0.8257957576345621,0.3,270
B_clone_init,2,11,44000,0.3781738877296448,36.04654862267066,6.633092825773396,0.046868074476070824,0.044838893080367016,-0.21697316779745995,-0.057343809306274654,0.8888888888888888,0.8839137413061934,0.8562948315027573,0.2518518518518518,270
B_clone_init,2,12,48000,0.46602851152420044,32.0478141339146,2.634358337017332,0.06847627242387486,0.05992862503170581,-0.2123891745289321,-0.026141204158541567,0.8888888888888888,0.8791283821365521,0.8509999654507575,0.2814814814814815,270
B_clone_init,2,13,52000,0.4857623279094696,33.41327622027092,3.999820423373656,0.12396156192211165,0.08188457064206005,-0.1672103406496732,-0.19953803514673946,0.8888888888888888,0.9026511535278016,0.8873352321051459,0.337037037037037,270
B_clone_init,2,14,56000,0.5067000389099121,39.05282850444249,9.63937270754522,0.16984021462509527,0.07461124575287173,0.0009366091417368344,-0.2716835153973684,0.8888888888888888,0.905277680439637,0.8916934316539328,0.4777777777777778,270
B_clone_init,2,15,60000,0.5188817381858826,43.268054876031826,13.854599079134559,0.22491217403754118,0.05763936245315299,0.15257425708812378,-0.3395336513788517,0.8888888888888888,0.9098455592692892,0.9044927408384607,0.6333333333333333,270
B_clone_init,2,16,64000,0.5099509954452515,43.67589850629442,14.262442709397156,0.25237204236910177,0.05562599619976366,0.311159053478894,-0.3590244045448606,0.8888888888888888,0.9122778397207616,0.905391279019349,0.774074074074074,270
